<?xml version="1.0" encoding="utf-8"?>
<container xmlns="http://symfony.com/schema/dic/services" xmlns:xsi="http://www.w3.org/2001/XMLSchema-instance" xsi:schemaLocation="http://symfony.com/schema/dic/services http://symfony.com/schema/dic/services/services-1.0.xsd">
  <parameters>
    <parameter key="kernel.root_dir">D:/localhost/htdocs/app</parameter>
    <parameter key="kernel.environment">prod</parameter>
    <parameter key="kernel.debug">true</parameter>
    <parameter key="kernel.name">app</parameter>
    <parameter key="kernel.cache_dir">D:/localhost/htdocs/app/cache/prod</parameter>
    <parameter key="kernel.logs_dir">D:/localhost/htdocs/app/logs</parameter>
    <parameter key="kernel.bundles" type="collection">
      <parameter key="FrameworkBundle">Symfony\Bundle\FrameworkBundle\FrameworkBundle</parameter>
      <parameter key="TwigBundle">Symfony\Bundle\TwigBundle\TwigBundle</parameter>
      <parameter key="MonologBundle">Symfony\Bundle\MonologBundle\MonologBundle</parameter>
    </parameter>
    <parameter key="kernel.charset">utf-8</parameter>
    <parameter key="kernel.container_class">appProdDebugProjectContainer</parameter>
    <parameter key="database.driver">mysql</parameter>
    <parameter key="database.host">localhost</parameter>
    <parameter key="database.port">3306</parameter>
    <parameter key="database.name">anastacia</parameter>
    <parameter key="database.user">root</parameter>
    <parameter key="database.password">ida049</parameter>
    <parameter key="kernel.secret">gZl0SLOrkdtWiXnCyBOO60lg4rYviiKk</parameter>
    <parameter key="fork.debug_email">deniuscoder@mail.ru</parameter>
    <parameter key="fork.debug_message">Internal error.</parameter>
    <parameter key="fork.version">3.8.1</parameter>
    <parameter key="site.protocol">http</parameter>
    <parameter key="site.domain">localhost</parameter>
    <parameter key="site.default_title">Fork CMS</parameter>
    <parameter key="site.multilanguage">false</parameter>
    <parameter key="site.default_language">ru</parameter>
    <parameter key="site.path_www">D:/localhost/htdocs/app/..</parameter>
    <parameter key="site.path_library">D:/localhost/htdocs/app/../library</parameter>
    <parameter key="action.group_tag">\@actiongroup</parameter>
    <parameter key="action.rights_level">7</parameter>
    <parameter key="controller_resolver.class">Symfony\Bundle\FrameworkBundle\Controller\ControllerResolver</parameter>
    <parameter key="controller_name_converter.class">Symfony\Bundle\FrameworkBundle\Controller\ControllerNameParser</parameter>
    <parameter key="response_listener.class">Symfony\Component\HttpKernel\EventListener\ResponseListener</parameter>
    <parameter key="streamed_response_listener.class">Symfony\Component\HttpKernel\EventListener\StreamedResponseListener</parameter>
    <parameter key="locale_listener.class">Symfony\Component\HttpKernel\EventListener\LocaleListener</parameter>
    <parameter key="event_dispatcher.class">Symfony\Component\EventDispatcher\ContainerAwareEventDispatcher</parameter>
    <parameter key="http_kernel.class">Symfony\Component\HttpKernel\DependencyInjection\ContainerAwareHttpKernel</parameter>
    <parameter key="filesystem.class">Symfony\Component\Filesystem\Filesystem</parameter>
    <parameter key="cache_warmer.class">Symfony\Component\HttpKernel\CacheWarmer\CacheWarmerAggregate</parameter>
    <parameter key="cache_clearer.class">Symfony\Component\HttpKernel\CacheClearer\ChainCacheClearer</parameter>
    <parameter key="file_locator.class">Symfony\Component\HttpKernel\Config\FileLocator</parameter>
    <parameter key="uri_signer.class">Symfony\Component\HttpKernel\UriSigner</parameter>
    <parameter key="fragment.handler.class">Symfony\Component\HttpKernel\Fragment\FragmentHandler</parameter>
    <parameter key="fragment.renderer.inline.class">Symfony\Component\HttpKernel\Fragment\InlineFragmentRenderer</parameter>
    <parameter key="fragment.renderer.hinclude.class">Symfony\Bundle\FrameworkBundle\Fragment\ContainerAwareHIncludeFragmentRenderer</parameter>
    <parameter key="fragment.renderer.hinclude.global_template">null</parameter>
    <parameter key="fragment.path">/_fragment</parameter>
    <parameter key="translator.class">Symfony\Bundle\FrameworkBundle\Translation\Translator</parameter>
    <parameter key="translator.identity.class">Symfony\Component\Translation\IdentityTranslator</parameter>
    <parameter key="translator.selector.class">Symfony\Component\Translation\MessageSelector</parameter>
    <parameter key="translation.loader.php.class">Symfony\Component\Translation\Loader\PhpFileLoader</parameter>
    <parameter key="translation.loader.yml.class">Symfony\Component\Translation\Loader\YamlFileLoader</parameter>
    <parameter key="translation.loader.xliff.class">Symfony\Component\Translation\Loader\XliffFileLoader</parameter>
    <parameter key="translation.loader.po.class">Symfony\Component\Translation\Loader\PoFileLoader</parameter>
    <parameter key="translation.loader.mo.class">Symfony\Component\Translation\Loader\MoFileLoader</parameter>
    <parameter key="translation.loader.qt.class">Symfony\Component\Translation\Loader\QtFileLoader</parameter>
    <parameter key="translation.loader.csv.class">Symfony\Component\Translation\Loader\CsvFileLoader</parameter>
    <parameter key="translation.loader.res.class">Symfony\Component\Translation\Loader\IcuResFileLoader</parameter>
    <parameter key="translation.loader.dat.class">Symfony\Component\Translation\Loader\IcuDatFileLoader</parameter>
    <parameter key="translation.loader.ini.class">Symfony\Component\Translation\Loader\IniFileLoader</parameter>
    <parameter key="translation.dumper.php.class">Symfony\Component\Translation\Dumper\PhpFileDumper</parameter>
    <parameter key="translation.dumper.xliff.class">Symfony\Component\Translation\Dumper\XliffFileDumper</parameter>
    <parameter key="translation.dumper.po.class">Symfony\Component\Translation\Dumper\PoFileDumper</parameter>
    <parameter key="translation.dumper.mo.class">Symfony\Component\Translation\Dumper\MoFileDumper</parameter>
    <parameter key="translation.dumper.yml.class">Symfony\Component\Translation\Dumper\YamlFileDumper</parameter>
    <parameter key="translation.dumper.qt.class">Symfony\Component\Translation\Dumper\QtFileDumper</parameter>
    <parameter key="translation.dumper.csv.class">Symfony\Component\Translation\Dumper\CsvFileDumper</parameter>
    <parameter key="translation.dumper.ini.class">Symfony\Component\Translation\Dumper\IniFileDumper</parameter>
    <parameter key="translation.dumper.res.class">Symfony\Component\Translation\Dumper\IcuResFileDumper</parameter>
    <parameter key="translation.extractor.php.class">Symfony\Bundle\FrameworkBundle\Translation\PhpExtractor</parameter>
    <parameter key="translation.loader.class">Symfony\Bundle\FrameworkBundle\Translation\TranslationLoader</parameter>
    <parameter key="translation.extractor.class">Symfony\Component\Translation\Extractor\ChainExtractor</parameter>
    <parameter key="translation.writer.class">Symfony\Component\Translation\Writer\TranslationWriter</parameter>
    <parameter key="debug.errors_logger_listener.class">Symfony\Component\HttpKernel\EventListener\ErrorsLoggerListener</parameter>
    <parameter key="debug.event_dispatcher.class">Symfony\Component\HttpKernel\Debug\TraceableEventDispatcher</parameter>
    <parameter key="debug.stopwatch.class">Symfony\Component\Stopwatch\Stopwatch</parameter>
    <parameter key="debug.container.dump">D:/localhost/htdocs/app/cache/prod/appProdDebugProjectContainer.xml</parameter>
    <parameter key="debug.controller_resolver.class">Symfony\Component\HttpKernel\Controller\TraceableControllerResolver</parameter>
    <parameter key="kernel.http_method_override">true</parameter>
    <parameter key="kernel.trusted_hosts" type="collection"/>
    <parameter key="kernel.trusted_proxies" type="collection"/>
    <parameter key="kernel.default_locale">en</parameter>
    <parameter key="templating.engine.delegating.class">Symfony\Bundle\FrameworkBundle\Templating\DelegatingEngine</parameter>
    <parameter key="templating.name_parser.class">Symfony\Bundle\FrameworkBundle\Templating\TemplateNameParser</parameter>
    <parameter key="templating.filename_parser.class">Symfony\Bundle\FrameworkBundle\Templating\TemplateFilenameParser</parameter>
    <parameter key="templating.cache_warmer.template_paths.class">Symfony\Bundle\FrameworkBundle\CacheWarmer\TemplatePathsCacheWarmer</parameter>
    <parameter key="templating.locator.class">Symfony\Bundle\FrameworkBundle\Templating\Loader\TemplateLocator</parameter>
    <parameter key="templating.loader.filesystem.class">Symfony\Bundle\FrameworkBundle\Templating\Loader\FilesystemLoader</parameter>
    <parameter key="templating.loader.cache.class">Symfony\Component\Templating\Loader\CacheLoader</parameter>
    <parameter key="templating.loader.chain.class">Symfony\Component\Templating\Loader\ChainLoader</parameter>
    <parameter key="templating.finder.class">Symfony\Bundle\FrameworkBundle\CacheWarmer\TemplateFinder</parameter>
    <parameter key="templating.engine.php.class">Symfony\Bundle\FrameworkBundle\Templating\PhpEngine</parameter>
    <parameter key="templating.helper.slots.class">Symfony\Component\Templating\Helper\SlotsHelper</parameter>
    <parameter key="templating.helper.assets.class">Symfony\Component\Templating\Helper\CoreAssetsHelper</parameter>
    <parameter key="templating.helper.actions.class">Symfony\Bundle\FrameworkBundle\Templating\Helper\ActionsHelper</parameter>
    <parameter key="templating.helper.router.class">Symfony\Bundle\FrameworkBundle\Templating\Helper\RouterHelper</parameter>
    <parameter key="templating.helper.request.class">Symfony\Bundle\FrameworkBundle\Templating\Helper\RequestHelper</parameter>
    <parameter key="templating.helper.session.class">Symfony\Bundle\FrameworkBundle\Templating\Helper\SessionHelper</parameter>
    <parameter key="templating.helper.code.class">Symfony\Bundle\FrameworkBundle\Templating\Helper\CodeHelper</parameter>
    <parameter key="templating.helper.translator.class">Symfony\Bundle\FrameworkBundle\Templating\Helper\TranslatorHelper</parameter>
    <parameter key="templating.helper.form.class">Symfony\Bundle\FrameworkBundle\Templating\Helper\FormHelper</parameter>
    <parameter key="templating.form.engine.class">Symfony\Component\Form\Extension\Templating\TemplatingRendererEngine</parameter>
    <parameter key="templating.form.renderer.class">Symfony\Component\Form\FormRenderer</parameter>
    <parameter key="templating.globals.class">Symfony\Bundle\FrameworkBundle\Templating\GlobalVariables</parameter>
    <parameter key="templating.asset.path_package.class">Symfony\Bundle\FrameworkBundle\Templating\Asset\PathPackage</parameter>
    <parameter key="templating.asset.url_package.class">Symfony\Component\Templating\Asset\UrlPackage</parameter>
    <parameter key="templating.asset.package_factory.class">Symfony\Bundle\FrameworkBundle\Templating\Asset\PackageFactory</parameter>
    <parameter key="templating.helper.code.file_link_format">null</parameter>
    <parameter key="templating.helper.form.resources" type="collection">
      <parameter>FrameworkBundle:Form</parameter>
    </parameter>
    <parameter key="templating.debugger.class">Symfony\Bundle\FrameworkBundle\Templating\Debugger</parameter>
    <parameter key="debug.templating.engine.php.class">Symfony\Bundle\FrameworkBundle\Templating\TimedPhpEngine</parameter>
    <parameter key="templating.loader.cache.path">null</parameter>
    <parameter key="templating.engines" type="collection">
      <parameter>twig</parameter>
    </parameter>
    <parameter key="data_collector.templates" type="collection"/>
    <parameter key="router.class">Symfony\Bundle\FrameworkBundle\Routing\Router</parameter>
    <parameter key="router.request_context.class">Symfony\Component\Routing\RequestContext</parameter>
    <parameter key="routing.loader.class">Symfony\Bundle\FrameworkBundle\Routing\DelegatingLoader</parameter>
    <parameter key="routing.resolver.class">Symfony\Component\Config\Loader\LoaderResolver</parameter>
    <parameter key="routing.loader.xml.class">Symfony\Component\Routing\Loader\XmlFileLoader</parameter>
    <parameter key="routing.loader.yml.class">Symfony\Component\Routing\Loader\YamlFileLoader</parameter>
    <parameter key="routing.loader.php.class">Symfony\Component\Routing\Loader\PhpFileLoader</parameter>
    <parameter key="router.options.generator_class">Symfony\Component\Routing\Generator\UrlGenerator</parameter>
    <parameter key="router.options.generator_base_class">Symfony\Component\Routing\Generator\UrlGenerator</parameter>
    <parameter key="router.options.generator_dumper_class">Symfony\Component\Routing\Generator\Dumper\PhpGeneratorDumper</parameter>
    <parameter key="router.options.matcher_class">Symfony\Bundle\FrameworkBundle\Routing\RedirectableUrlMatcher</parameter>
    <parameter key="router.options.matcher_base_class">Symfony\Bundle\FrameworkBundle\Routing\RedirectableUrlMatcher</parameter>
    <parameter key="router.options.matcher_dumper_class">Symfony\Component\Routing\Matcher\Dumper\PhpMatcherDumper</parameter>
    <parameter key="router.cache_warmer.class">Symfony\Bundle\FrameworkBundle\CacheWarmer\RouterCacheWarmer</parameter>
    <parameter key="router.options.matcher.cache_class">appProdUrlMatcher</parameter>
    <parameter key="router.options.generator.cache_class">appProdUrlGenerator</parameter>
    <parameter key="router_listener.class">Symfony\Component\HttpKernel\EventListener\RouterListener</parameter>
    <parameter key="router.request_context.host">localhost</parameter>
    <parameter key="router.request_context.scheme">http</parameter>
    <parameter key="router.request_context.base_url"></parameter>
    <parameter key="router.resource">D:/localhost/htdocs/app/config/routing.yml</parameter>
    <parameter key="router.cache_class_prefix">appProd</parameter>
    <parameter key="request_listener.http_port">80</parameter>
    <parameter key="request_listener.https_port">443</parameter>
    <parameter key="annotations.reader.class">Doctrine\Common\Annotations\AnnotationReader</parameter>
    <parameter key="annotations.cached_reader.class">Doctrine\Common\Annotations\CachedReader</parameter>
    <parameter key="annotations.file_cache_reader.class">Doctrine\Common\Annotations\FileCacheReader</parameter>
    <parameter key="twig.class">Twig_Environment</parameter>
    <parameter key="twig.loader.filesystem.class">Symfony\Bundle\TwigBundle\Loader\FilesystemLoader</parameter>
    <parameter key="twig.loader.chain.class">Twig_Loader_Chain</parameter>
    <parameter key="templating.engine.twig.class">Symfony\Bundle\TwigBundle\TwigEngine</parameter>
    <parameter key="twig.cache_warmer.class">Symfony\Bundle\TwigBundle\CacheWarmer\TemplateCacheCacheWarmer</parameter>
    <parameter key="twig.extension.trans.class">Symfony\Bridge\Twig\Extension\TranslationExtension</parameter>
    <parameter key="twig.extension.assets.class">Symfony\Bundle\TwigBundle\Extension\AssetsExtension</parameter>
    <parameter key="twig.extension.actions.class">Symfony\Bundle\TwigBundle\Extension\ActionsExtension</parameter>
    <parameter key="twig.extension.code.class">Symfony\Bridge\Twig\Extension\CodeExtension</parameter>
    <parameter key="twig.extension.routing.class">Symfony\Bridge\Twig\Extension\RoutingExtension</parameter>
    <parameter key="twig.extension.yaml.class">Symfony\Bridge\Twig\Extension\YamlExtension</parameter>
    <parameter key="twig.extension.form.class">Symfony\Bridge\Twig\Extension\FormExtension</parameter>
    <parameter key="twig.extension.httpkernel.class">Symfony\Bridge\Twig\Extension\HttpKernelExtension</parameter>
    <parameter key="twig.form.engine.class">Symfony\Bridge\Twig\Form\TwigRendererEngine</parameter>
    <parameter key="twig.form.renderer.class">Symfony\Bridge\Twig\Form\TwigRenderer</parameter>
    <parameter key="twig.translation.extractor.class">Symfony\Bridge\Twig\Translation\TwigExtractor</parameter>
    <parameter key="twig.exception_listener.class">Symfony\Component\HttpKernel\EventListener\ExceptionListener</parameter>
    <parameter key="twig.controller.exception.class">Symfony\Bundle\TwigBundle\Controller\ExceptionController</parameter>
    <parameter key="twig.exception_listener.controller">twig.controller.exception:showAction</parameter>
    <parameter key="twig.form.resources" type="collection">
      <parameter>form_div_layout.html.twig</parameter>
    </parameter>
    <parameter key="debug.templating.engine.twig.class">Symfony\Bundle\TwigBundle\Debug\TimedTwigEngine</parameter>
    <parameter key="twig.options" type="collection">
      <parameter key="debug">true</parameter>
      <parameter key="strict_variables">true</parameter>
      <parameter key="exception_controller">twig.controller.exception:showAction</parameter>
      <parameter key="autoescape_service">null</parameter>
      <parameter key="autoescape_service_method">null</parameter>
      <parameter key="cache">D:/localhost/htdocs/app/cache/prod/twig</parameter>
      <parameter key="charset">utf-8</parameter>
      <parameter key="paths" type="collection"/>
    </parameter>
    <parameter key="monolog.logger.class">Symfony\Bridge\Monolog\Logger</parameter>
    <parameter key="monolog.gelf.publisher.class">Gelf\MessagePublisher</parameter>
    <parameter key="monolog.handler.stream.class">Monolog\Handler\StreamHandler</parameter>
    <parameter key="monolog.handler.group.class">Monolog\Handler\GroupHandler</parameter>
    <parameter key="monolog.handler.buffer.class">Monolog\Handler\BufferHandler</parameter>
    <parameter key="monolog.handler.rotating_file.class">Monolog\Handler\RotatingFileHandler</parameter>
    <parameter key="monolog.handler.syslog.class">Monolog\Handler\SyslogHandler</parameter>
    <parameter key="monolog.handler.null.class">Monolog\Handler\NullHandler</parameter>
    <parameter key="monolog.handler.test.class">Monolog\Handler\TestHandler</parameter>
    <parameter key="monolog.handler.gelf.class">Monolog\Handler\GelfHandler</parameter>
    <parameter key="monolog.handler.firephp.class">Symfony\Bridge\Monolog\Handler\FirePHPHandler</parameter>
    <parameter key="monolog.handler.chromephp.class">Symfony\Bridge\Monolog\Handler\ChromePhpHandler</parameter>
    <parameter key="monolog.handler.debug.class">Symfony\Bridge\Monolog\Handler\DebugHandler</parameter>
    <parameter key="monolog.handler.swift_mailer.class">Monolog\Handler\SwiftMailerHandler</parameter>
    <parameter key="monolog.handler.native_mailer.class">Monolog\Handler\NativeMailerHandler</parameter>
    <parameter key="monolog.handler.socket.class">Monolog\Handler\SocketHandler</parameter>
    <parameter key="monolog.handler.pushover.class">Monolog\Handler\PushoverHandler</parameter>
    <parameter key="monolog.handler.raven.class">Monolog\Handler\RavenHandler</parameter>
    <parameter key="monolog.handler.fingers_crossed.class">Monolog\Handler\FingersCrossedHandler</parameter>
    <parameter key="monolog.handler.fingers_crossed.error_level_activation_strategy.class">Monolog\Handler\FingersCrossed\ErrorLevelActivationStrategy</parameter>
    <parameter key="monolog.handlers_to_channels" type="collection">
      <parameter key="monolog.handler.main">null</parameter>
    </parameter>
  </parameters>
  <services>
    <service id="database" class="SpoonDatabase">
      <argument>mysql</argument>
      <argument>localhost</argument>
      <argument>root</argument>
      <argument>ida049</argument>
      <argument>anastacia</argument>
      <argument>3306</argument>
      <call method="execute">
        <argument>SET CHARACTER SET :charset, NAMES :charset, time_zone = "+0:00"</argument>
        <argument type="collection">
          <argument key="charset">utf8</argument>
        </argument>
      </call>
      <call method="setDebug">
        <argument>true</argument>
      </call>
    </service>
    <service id="mailer" class="Common\Mailer">
      <argument type="service" id="database"/>
    </service>
    <service id="controller_name_converter" class="Symfony\Bundle\FrameworkBundle\Controller\ControllerNameParser" public="false">
      <tag name="monolog.logger" channel="request"/>
      <argument type="service" id="kernel"/>
    </service>
    <service id="response_listener" class="Symfony\Component\HttpKernel\EventListener\ResponseListener">
      <tag name="kernel.event_subscriber"/>
      <argument>utf-8</argument>
    </service>
    <service id="streamed_response_listener" class="Symfony\Component\HttpKernel\EventListener\StreamedResponseListener">
      <tag name="kernel.event_subscriber"/>
    </service>
    <service id="locale_listener" class="Symfony\Component\HttpKernel\EventListener\LocaleListener">
      <tag name="kernel.event_subscriber"/>
      <argument>en</argument>
      <argument type="service" id="router" on-invalid="ignore"/>
      <call method="setRequest">
        <argument type="service" id="request" on-invalid="null" strict="false"/>
      </call>
    </service>
    <service id="event_dispatcher" class="Symfony\Component\EventDispatcher\ContainerAwareEventDispatcher">
      <argument type="service" id="service_container"/>
      <call method="addSubscriberService">
        <argument>response_listener</argument>
        <argument>Symfony\Component\HttpKernel\EventListener\ResponseListener</argument>
      </call>
      <call method="addSubscriberService">
        <argument>streamed_response_listener</argument>
        <argument>Symfony\Component\HttpKernel\EventListener\StreamedResponseListener</argument>
      </call>
      <call method="addSubscriberService">
        <argument>locale_listener</argument>
        <argument>Symfony\Component\HttpKernel\EventListener\LocaleListener</argument>
      </call>
      <call method="addSubscriberService">
        <argument>debug.emergency_logger_listener</argument>
        <argument>Symfony\Component\HttpKernel\EventListener\ErrorsLoggerListener</argument>
      </call>
      <call method="addSubscriberService">
        <argument>debug.deprecation_logger_listener</argument>
        <argument>Symfony\Component\HttpKernel\EventListener\ErrorsLoggerListener</argument>
      </call>
      <call method="addSubscriberService">
        <argument>router_listener</argument>
        <argument>Symfony\Component\HttpKernel\EventListener\RouterListener</argument>
      </call>
      <call method="addSubscriberService">
        <argument>twig.exception_listener</argument>
        <argument>Symfony\Component\HttpKernel\EventListener\ExceptionListener</argument>
      </call>
    </service>
    <service id="http_kernel" class="Symfony\Component\HttpKernel\DependencyInjection\ContainerAwareHttpKernel">
      <argument type="service" id="debug.event_dispatcher"/>
      <argument type="service" id="service_container"/>
      <argument type="service" id="debug.controller_resolver"/>
    </service>
    <service id="cache_warmer" class="Symfony\Component\HttpKernel\CacheWarmer\CacheWarmerAggregate">
      <argument type="collection">
        <argument type="service">
          <service class="Symfony\Bundle\FrameworkBundle\CacheWarmer\TemplatePathsCacheWarmer" public="false">
            <tag name="kernel.cache_warmer" priority="20"/>
            <argument type="service">
              <service class="Symfony\Bundle\FrameworkBundle\CacheWarmer\TemplateFinder" public="false">
                <argument type="service" id="kernel"/>
                <argument type="service" id="templating.filename_parser"/>
                <argument>D:/localhost/htdocs/app/Resources</argument>
              </service>
            </argument>
            <argument type="service" id="templating.locator"/>
          </service>
        </argument>
        <argument type="service">
          <service class="Symfony\Bundle\FrameworkBundle\CacheWarmer\RouterCacheWarmer" public="false">
            <tag name="kernel.cache_warmer"/>
            <argument type="service" id="router"/>
          </service>
        </argument>
        <argument type="service">
          <service class="Symfony\Bundle\TwigBundle\CacheWarmer\TemplateCacheCacheWarmer" public="false">
            <tag name="kernel.cache_warmer"/>
            <argument type="service" id="service_container"/>
            <argument type="service">
              <service class="Symfony\Bundle\FrameworkBundle\CacheWarmer\TemplateFinder" public="false">
                <argument type="service" id="kernel"/>
                <argument type="service" id="templating.filename_parser"/>
                <argument>D:/localhost/htdocs/app/Resources</argument>
              </service>
            </argument>
          </service>
        </argument>
      </argument>
    </service>
    <service id="cache_clearer" class="Symfony\Component\HttpKernel\CacheClearer\ChainCacheClearer">
      <argument type="collection"/>
    </service>
    <service id="request" scope="request" synthetic="true" synchronized="true"/>
    <service id="service_container" synthetic="true"/>
    <service id="kernel" synthetic="true"/>
    <service id="filesystem" class="Symfony\Component\Filesystem\Filesystem"/>
    <service id="file_locator" class="Symfony\Component\HttpKernel\Config\FileLocator">
      <argument type="service" id="kernel"/>
      <argument>D:/localhost/htdocs/app/Resources</argument>
    </service>
    <service id="uri_signer" class="Symfony\Component\HttpKernel\UriSigner">
      <argument>gZl0SLOrkdtWiXnCyBOO60lg4rYviiKk</argument>
    </service>
    <service id="fragment.handler" class="Symfony\Component\HttpKernel\Fragment\FragmentHandler">
      <argument type="collection"/>
      <argument>true</argument>
      <call method="setRequest">
        <argument type="service" id="request" on-invalid="null" strict="false"/>
      </call>
      <call method="addRenderer">
        <argument type="service" id="fragment.renderer.inline"/>
      </call>
      <call method="addRenderer">
        <argument type="service" id="fragment.renderer.hinclude"/>
      </call>
    </service>
    <service id="fragment.renderer.inline" class="Symfony\Component\HttpKernel\Fragment\InlineFragmentRenderer">
      <tag name="kernel.fragment_renderer"/>
      <argument type="service" id="http_kernel"/>
      <argument type="service" id="event_dispatcher"/>
      <call method="setFragmentPath">
        <argument>/_fragment</argument>
      </call>
    </service>
    <service id="fragment.renderer.hinclude" class="Symfony\Bundle\FrameworkBundle\Fragment\ContainerAwareHIncludeFragmentRenderer">
      <tag name="kernel.fragment_renderer"/>
      <argument type="service" id="service_container"/>
      <argument type="service" id="uri_signer"/>
      <argument>null</argument>
      <call method="setFragmentPath">
        <argument>/_fragment</argument>
      </call>
    </service>
    <service id="translator.default" class="Symfony\Bundle\FrameworkBundle\Translation\Translator">
      <argument type="service" id="service_container"/>
      <argument type="service" id="translator.selector"/>
      <argument type="collection">
        <argument key="translation.loader.php" type="collection">
          <argument>php</argument>
        </argument>
        <argument key="translation.loader.yml" type="collection">
          <argument>yml</argument>
        </argument>
        <argument key="translation.loader.xliff" type="collection">
          <argument>xlf</argument>
          <argument>xliff</argument>
        </argument>
        <argument key="translation.loader.po" type="collection">
          <argument>po</argument>
        </argument>
        <argument key="translation.loader.mo" type="collection">
          <argument>mo</argument>
        </argument>
        <argument key="translation.loader.qt" type="collection">
          <argument>ts</argument>
        </argument>
        <argument key="translation.loader.csv" type="collection">
          <argument>csv</argument>
        </argument>
        <argument key="translation.loader.res" type="collection">
          <argument>res</argument>
        </argument>
        <argument key="translation.loader.dat" type="collection">
          <argument>dat</argument>
        </argument>
        <argument key="translation.loader.ini" type="collection">
          <argument>ini</argument>
        </argument>
      </argument>
      <argument type="collection">
        <argument key="cache_dir">D:/localhost/htdocs/app/cache/prod/translations</argument>
        <argument key="debug">true</argument>
      </argument>
    </service>
    <service id="translator" class="Symfony\Component\Translation\IdentityTranslator">
      <argument type="service" id="translator.selector"/>
    </service>
    <service id="translator.selector" class="Symfony\Component\Translation\MessageSelector" public="false"/>
    <service id="translation.loader.php" class="Symfony\Component\Translation\Loader\PhpFileLoader">
      <tag name="translation.loader" alias="php"/>
    </service>
    <service id="translation.loader.yml" class="Symfony\Component\Translation\Loader\YamlFileLoader">
      <tag name="translation.loader" alias="yml"/>
    </service>
    <service id="translation.loader.xliff" class="Symfony\Component\Translation\Loader\XliffFileLoader">
      <tag name="translation.loader" alias="xlf" legacy_alias="xliff" legacy-alias="xliff"/>
    </service>
    <service id="translation.loader.po" class="Symfony\Component\Translation\Loader\PoFileLoader">
      <tag name="translation.loader" alias="po"/>
    </service>
    <service id="translation.loader.mo" class="Symfony\Component\Translation\Loader\MoFileLoader">
      <tag name="translation.loader" alias="mo"/>
    </service>
    <service id="translation.loader.qt" class="Symfony\Component\Translation\Loader\QtFileLoader">
      <tag name="translation.loader" alias="ts"/>
    </service>
    <service id="translation.loader.csv" class="Symfony\Component\Translation\Loader\CsvFileLoader">
      <tag name="translation.loader" alias="csv"/>
    </service>
    <service id="translation.loader.res" class="Symfony\Component\Translation\Loader\IcuResFileLoader">
      <tag name="translation.loader" alias="res"/>
    </service>
    <service id="translation.loader.dat" class="Symfony\Component\Translation\Loader\IcuDatFileLoader">
      <tag name="translation.loader" alias="dat"/>
    </service>
    <service id="translation.loader.ini" class="Symfony\Component\Translation\Loader\IniFileLoader">
      <tag name="translation.loader" alias="ini"/>
    </service>
    <service id="translation.dumper.php" class="Symfony\Component\Translation\Dumper\PhpFileDumper">
      <tag name="translation.dumper" alias="php"/>
    </service>
    <service id="translation.dumper.xliff" class="Symfony\Component\Translation\Dumper\XliffFileDumper">
      <tag name="translation.dumper" alias="xlf"/>
    </service>
    <service id="translation.dumper.po" class="Symfony\Component\Translation\Dumper\PoFileDumper">
      <tag name="translation.dumper" alias="po"/>
    </service>
    <service id="translation.dumper.mo" class="Symfony\Component\Translation\Dumper\MoFileDumper">
      <tag name="translation.dumper" alias="mo"/>
    </service>
    <service id="translation.dumper.yml" class="Symfony\Component\Translation\Dumper\YamlFileDumper">
      <tag name="translation.dumper" alias="yml"/>
    </service>
    <service id="translation.dumper.qt" class="Symfony\Component\Translation\Dumper\QtFileDumper">
      <tag name="translation.dumper" alias="ts"/>
    </service>
    <service id="translation.dumper.csv" class="Symfony\Component\Translation\Dumper\CsvFileDumper">
      <tag name="translation.dumper" alias="csv"/>
    </service>
    <service id="translation.dumper.ini" class="Symfony\Component\Translation\Dumper\IniFileDumper">
      <tag name="translation.dumper" alias="ini"/>
    </service>
    <service id="translation.dumper.res" class="Symfony\Component\Translation\Dumper\IcuResFileDumper">
      <tag name="translation.dumper" alias="res"/>
    </service>
    <service id="translation.extractor.php" class="Symfony\Bundle\FrameworkBundle\Translation\PhpExtractor">
      <tag name="translation.extractor" alias="php"/>
    </service>
    <service id="translation.loader" class="Symfony\Bundle\FrameworkBundle\Translation\TranslationLoader">
      <call method="addLoader">
        <argument>php</argument>
        <argument type="service" id="translation.loader.php"/>
      </call>
      <call method="addLoader">
        <argument>yml</argument>
        <argument type="service" id="translation.loader.yml"/>
      </call>
      <call method="addLoader">
        <argument>xlf</argument>
        <argument type="service" id="translation.loader.xliff"/>
      </call>
      <call method="addLoader">
        <argument>xliff</argument>
        <argument type="service" id="translation.loader.xliff"/>
      </call>
      <call method="addLoader">
        <argument>po</argument>
        <argument type="service" id="translation.loader.po"/>
      </call>
      <call method="addLoader">
        <argument>mo</argument>
        <argument type="service" id="translation.loader.mo"/>
      </call>
      <call method="addLoader">
        <argument>ts</argument>
        <argument type="service" id="translation.loader.qt"/>
      </call>
      <call method="addLoader">
        <argument>csv</argument>
        <argument type="service" id="translation.loader.csv"/>
      </call>
      <call method="addLoader">
        <argument>res</argument>
        <argument type="service" id="translation.loader.res"/>
      </call>
      <call method="addLoader">
        <argument>dat</argument>
        <argument type="service" id="translation.loader.dat"/>
      </call>
      <call method="addLoader">
        <argument>ini</argument>
        <argument type="service" id="translation.loader.ini"/>
      </call>
    </service>
    <service id="translation.extractor" class="Symfony\Component\Translation\Extractor\ChainExtractor">
      <call method="addExtractor">
        <argument>php</argument>
        <argument type="service" id="translation.extractor.php"/>
      </call>
      <call method="addExtractor">
        <argument>twig</argument>
        <argument type="service" id="twig.translation.extractor"/>
      </call>
    </service>
    <service id="translation.writer" class="Symfony\Component\Translation\Writer\TranslationWriter">
      <call method="addDumper">
        <argument>php</argument>
        <argument type="service" id="translation.dumper.php"/>
      </call>
      <call method="addDumper">
        <argument>xlf</argument>
        <argument type="service" id="translation.dumper.xliff"/>
      </call>
      <call method="addDumper">
        <argument>po</argument>
        <argument type="service" id="translation.dumper.po"/>
      </call>
      <call method="addDumper">
        <argument>mo</argument>
        <argument type="service" id="translation.dumper.mo"/>
      </call>
      <call method="addDumper">
        <argument>yml</argument>
        <argument type="service" id="translation.dumper.yml"/>
      </call>
      <call method="addDumper">
        <argument>ts</argument>
        <argument type="service" id="translation.dumper.qt"/>
      </call>
      <call method="addDumper">
        <argument>csv</argument>
        <argument type="service" id="translation.dumper.csv"/>
      </call>
      <call method="addDumper">
        <argument>ini</argument>
        <argument type="service" id="translation.dumper.ini"/>
      </call>
      <call method="addDumper">
        <argument>res</argument>
        <argument type="service" id="translation.dumper.res"/>
      </call>
    </service>
    <service id="debug.emergency_logger_listener" class="Symfony\Component\HttpKernel\EventListener\ErrorsLoggerListener">
      <tag name="kernel.event_subscriber"/>
      <tag name="monolog.logger" channel="emergency"/>
      <argument>emergency</argument>
      <argument type="service" id="monolog.logger.emergency" on-invalid="null"/>
    </service>
    <service id="debug.stopwatch" class="Symfony\Component\Stopwatch\Stopwatch"/>
    <service id="debug.event_dispatcher" class="Symfony\Component\HttpKernel\Debug\TraceableEventDispatcher">
      <tag name="monolog.logger" channel="event"/>
      <argument type="service" id="event_dispatcher"/>
      <argument type="service" id="debug.stopwatch"/>
      <argument type="service" id="monolog.logger.event" on-invalid="null"/>
      <call method="setProfiler">
        <argument>null</argument>
      </call>
    </service>
    <service id="debug.controller_resolver" class="Symfony\Component\HttpKernel\Controller\TraceableControllerResolver">
      <argument type="service">
        <service class="Symfony\Bundle\FrameworkBundle\Controller\ControllerResolver" public="false">
          <tag name="monolog.logger" channel="request"/>
          <argument type="service" id="service_container"/>
          <argument type="service" id="controller_name_converter"/>
          <argument type="service" id="monolog.logger.request" on-invalid="ignore"/>
        </service>
      </argument>
      <argument type="service" id="debug.stopwatch"/>
    </service>
    <service id="debug.deprecation_logger_listener" class="Symfony\Component\HttpKernel\EventListener\ErrorsLoggerListener">
      <tag name="kernel.event_subscriber"/>
      <tag name="monolog.logger" channel="deprecation"/>
      <argument>deprecation</argument>
      <argument type="service" id="monolog.logger.deprecation" on-invalid="null"/>
    </service>
    <service id="templating.name_parser" class="Symfony\Bundle\FrameworkBundle\Templating\TemplateNameParser">
      <argument type="service" id="kernel"/>
    </service>
    <service id="templating.filename_parser" class="Symfony\Bundle\FrameworkBundle\Templating\TemplateFilenameParser"/>
    <service id="templating.locator" class="Symfony\Bundle\FrameworkBundle\Templating\Loader\TemplateLocator" public="false">
      <argument type="service" id="file_locator"/>
      <argument>D:/localhost/htdocs/app/cache/prod</argument>
    </service>
    <service id="templating.helper.slots" class="Symfony\Component\Templating\Helper\SlotsHelper">
      <tag name="templating.helper" alias="slots"/>
    </service>
    <service id="templating.helper.assets" class="Symfony\Component\Templating\Helper\CoreAssetsHelper" scope="request">
      <tag name="templating.helper" alias="assets"/>
      <argument type="service">
        <service class="Symfony\Bundle\FrameworkBundle\Templating\Asset\PathPackage" scope="request" public="false">
          <argument type="service" id="request"/>
          <argument>null</argument>
          <argument>%%s?%%s</argument>
        </service>
      </argument>
      <argument type="collection"/>
    </service>
    <service id="templating.asset.package_factory" class="Symfony\Bundle\FrameworkBundle\Templating\Asset\PackageFactory">
      <argument type="service" id="service_container"/>
    </service>
    <service id="templating.helper.request" class="Symfony\Bundle\FrameworkBundle\Templating\Helper\RequestHelper">
      <tag name="templating.helper" alias="request"/>
      <argument type="service" id="request" strict="false"/>
    </service>
    <service id="templating.helper.session" class="Symfony\Bundle\FrameworkBundle\Templating\Helper\SessionHelper">
      <tag name="templating.helper" alias="session"/>
      <argument type="service" id="request" strict="false"/>
    </service>
    <service id="templating.helper.router" class="Symfony\Bundle\FrameworkBundle\Templating\Helper\RouterHelper">
      <tag name="templating.helper" alias="router"/>
      <argument type="service" id="router"/>
    </service>
    <service id="templating.helper.actions" class="Symfony\Bundle\FrameworkBundle\Templating\Helper\ActionsHelper">
      <tag name="templating.helper" alias="actions"/>
      <argument type="service" id="fragment.handler"/>
    </service>
    <service id="templating.helper.code" class="Symfony\Bundle\FrameworkBundle\Templating\Helper\CodeHelper">
      <tag name="templating.helper" alias="code"/>
      <argument>null</argument>
      <argument>D:/localhost/htdocs/app</argument>
      <argument>utf-8</argument>
    </service>
    <service id="templating.helper.translator" class="Symfony\Bundle\FrameworkBundle\Templating\Helper\TranslatorHelper">
      <tag name="templating.helper" alias="translator"/>
      <argument type="service" id="translator"/>
    </service>
    <service id="templating.helper.form" class="Symfony\Bundle\FrameworkBundle\Templating\Helper\FormHelper">
      <tag name="templating.helper" alias="form"/>
      <argument type="service">
        <service class="Symfony\Component\Form\FormRenderer" public="false">
          <argument type="service">
            <service class="Symfony\Component\Form\Extension\Templating\TemplatingRendererEngine" public="false">
              <argument type="service" id="debug.templating.engine.php"/>
              <argument type="collection">
                <argument>FrameworkBundle:Form</argument>
              </argument>
            </service>
          </argument>
          <argument>null</argument>
        </service>
      </argument>
    </service>
    <service id="templating.globals" class="Symfony\Bundle\FrameworkBundle\Templating\GlobalVariables">
      <argument type="service" id="service_container"/>
    </service>
    <service id="routing.loader" class="Symfony\Bundle\FrameworkBundle\Routing\DelegatingLoader">
      <tag name="monolog.logger" channel="router"/>
      <argument type="service" id="controller_name_converter"/>
      <argument type="service" id="monolog.logger.router" on-invalid="null"/>
      <argument type="service">
        <service class="Symfony\Component\Config\Loader\LoaderResolver" public="false">
          <call method="addLoader">
            <argument type="service">
              <service class="Symfony\Component\Routing\Loader\XmlFileLoader" public="false">
                <tag name="routing.loader"/>
                <argument type="service" id="file_locator"/>
              </service>
            </argument>
          </call>
          <call method="addLoader">
            <argument type="service">
              <service class="Symfony\Component\Routing\Loader\YamlFileLoader" public="false">
                <tag name="routing.loader"/>
                <argument type="service" id="file_locator"/>
              </service>
            </argument>
          </call>
          <call method="addLoader">
            <argument type="service">
              <service class="Symfony\Component\Routing\Loader\PhpFileLoader" public="false">
                <tag name="routing.loader"/>
                <argument type="service" id="file_locator"/>
              </service>
            </argument>
          </call>
        </service>
      </argument>
    </service>
    <service id="router.request_context" class="Symfony\Component\Routing\RequestContext" public="false">
      <argument></argument>
      <argument>GET</argument>
      <argument>localhost</argument>
      <argument>http</argument>
      <argument>80</argument>
      <argument>443</argument>
    </service>
    <service id="router_listener" class="Symfony\Component\HttpKernel\EventListener\RouterListener">
      <tag name="kernel.event_subscriber"/>
      <tag name="monolog.logger" channel="request"/>
      <argument type="service" id="router"/>
      <argument type="service" id="router.request_context" on-invalid="ignore"/>
      <argument type="service" id="monolog.logger.request" on-invalid="ignore"/>
      <call method="setRequest">
        <argument type="service" id="request" on-invalid="null" strict="false"/>
      </call>
    </service>
    <service id="twig" class="Twig_Environment">
      <argument type="service" id="twig.loader"/>
      <argument type="collection">
        <argument key="debug">true</argument>
        <argument key="strict_variables">true</argument>
        <argument key="exception_controller">twig.controller.exception:showAction</argument>
        <argument key="autoescape_service">null</argument>
        <argument key="autoescape_service_method">null</argument>
        <argument key="cache">D:/localhost/htdocs/app/cache/prod/twig</argument>
        <argument key="charset">utf-8</argument>
        <argument key="paths" type="collection"/>
      </argument>
      <call method="addExtension">
        <argument type="service">
          <service class="Symfony\Bridge\Twig\Extension\TranslationExtension" public="false">
            <tag name="twig.extension"/>
            <argument type="service" id="translator"/>
          </service>
        </argument>
      </call>
      <call method="addExtension">
        <argument type="service">
          <service class="Symfony\Bundle\TwigBundle\Extension\AssetsExtension" public="false">
            <tag name="twig.extension"/>
            <argument type="service" id="service_container"/>
          </service>
        </argument>
      </call>
      <call method="addExtension">
        <argument type="service">
          <service class="Symfony\Bundle\TwigBundle\Extension\ActionsExtension" public="false">
            <tag name="twig.extension"/>
            <argument type="service" id="service_container"/>
          </service>
        </argument>
      </call>
      <call method="addExtension">
        <argument type="service">
          <service class="Symfony\Bridge\Twig\Extension\CodeExtension" public="false">
            <tag name="twig.extension"/>
            <argument>null</argument>
            <argument>D:/localhost/htdocs/app</argument>
            <argument>utf-8</argument>
          </service>
        </argument>
      </call>
      <call method="addExtension">
        <argument type="service">
          <service class="Symfony\Bridge\Twig\Extension\RoutingExtension" public="false">
            <tag name="twig.extension"/>
            <argument type="service" id="router"/>
          </service>
        </argument>
      </call>
      <call method="addExtension">
        <argument type="service">
          <service class="Symfony\Bridge\Twig\Extension\YamlExtension" public="false">
            <tag name="twig.extension"/>
          </service>
        </argument>
      </call>
      <call method="addExtension">
        <argument type="service">
          <service class="Symfony\Bridge\Twig\Extension\HttpKernelExtension" public="false">
            <tag name="twig.extension"/>
            <argument type="service" id="fragment.handler"/>
          </service>
        </argument>
      </call>
      <call method="addExtension">
        <argument type="service">
          <service class="Twig_Extension_Debug" public="false">
            <tag name="twig.extension"/>
          </service>
        </argument>
      </call>
      <call method="addGlobal">
        <argument>app</argument>
        <argument type="service" id="templating.globals"/>
      </call>
    </service>
    <service id="twig.translation.extractor" class="Symfony\Bridge\Twig\Translation\TwigExtractor">
      <tag name="translation.extractor" alias="twig"/>
      <argument type="service" id="twig"/>
    </service>
    <service id="twig.exception_listener" class="Symfony\Component\HttpKernel\EventListener\ExceptionListener">
      <tag name="kernel.event_subscriber"/>
      <tag name="monolog.logger" channel="request"/>
      <argument>twig.controller.exception:showAction</argument>
      <argument type="service" id="monolog.logger.request" on-invalid="null"/>
    </service>
    <service id="twig.controller.exception" class="Symfony\Bundle\TwigBundle\Controller\ExceptionController">
      <argument type="service" id="twig"/>
      <argument>true</argument>
    </service>
    <service id="monolog.handler.main" class="Monolog\Handler\StreamHandler">
      <argument>D:/localhost/htdocs/app/../app/logs/logs.log</argument>
      <argument>100</argument>
      <argument>true</argument>
    </service>
    <service id="monolog.logger.request" class="Symfony\Bridge\Monolog\Logger">
      <argument>request</argument>
      <call method="pushHandler">
        <argument type="service" id="monolog.handler.main"/>
      </call>
    </service>
    <service id="monolog.logger.emergency" class="Symfony\Bridge\Monolog\Logger">
      <argument>emergency</argument>
      <call method="pushHandler">
        <argument type="service" id="monolog.handler.main"/>
      </call>
    </service>
    <service id="monolog.logger.event" class="Symfony\Bridge\Monolog\Logger">
      <argument>event</argument>
      <call method="pushHandler">
        <argument type="service" id="monolog.handler.main"/>
      </call>
    </service>
    <service id="monolog.logger.deprecation" class="Symfony\Bridge\Monolog\Logger">
      <argument>deprecation</argument>
      <call method="pushHandler">
        <argument type="service" id="monolog.handler.main"/>
      </call>
    </service>
    <service id="monolog.logger.templating" class="Symfony\Bridge\Monolog\Logger">
      <argument>templating</argument>
      <call method="pushHandler">
        <argument type="service" id="monolog.handler.main"/>
      </call>
    </service>
    <service id="monolog.logger.router" class="Symfony\Bridge\Monolog\Logger">
      <argument>router</argument>
      <call method="pushHandler">
        <argument type="service" id="monolog.handler.main"/>
      </call>
    </service>
    <service id="templating.loader" class="Symfony\Bundle\FrameworkBundle\Templating\Loader\FilesystemLoader">
      <argument type="service" id="templating.locator"/>
    </service>
    <service id="debug.templating.engine.php" class="Symfony\Bundle\FrameworkBundle\Templating\TimedPhpEngine">
      <argument type="service" id="templating.name_parser"/>
      <argument type="service" id="service_container"/>
      <argument type="service" id="templating.loader"/>
      <argument type="service" id="debug.stopwatch"/>
      <argument type="service" id="templating.globals"/>
      <call method="setCharset">
        <argument>utf-8</argument>
      </call>
      <call method="setHelpers">
        <argument type="collection">
          <argument key="slots">templating.helper.slots</argument>
          <argument key="assets">templating.helper.assets</argument>
          <argument key="request">templating.helper.request</argument>
          <argument key="session">templating.helper.session</argument>
          <argument key="router">templating.helper.router</argument>
          <argument key="actions">templating.helper.actions</argument>
          <argument key="code">templating.helper.code</argument>
          <argument key="translator">templating.helper.translator</argument>
          <argument key="form">templating.helper.form</argument>
        </argument>
      </call>
    </service>
    <service id="templating" class="Symfony\Bundle\TwigBundle\Debug\TimedTwigEngine">
      <argument type="service" id="twig"/>
      <argument type="service" id="templating.name_parser"/>
      <argument type="service" id="templating.locator"/>
      <argument type="service" id="debug.stopwatch"/>
      <call method="setDefaultEscapingStrategy">
        <argument type="collection">
          <argument type="service" id="templating"/>
          <argument>guessDefaultEscapingStrategy</argument>
        </argument>
      </call>
    </service>
    <service id="router" class="Symfony\Bundle\FrameworkBundle\Routing\Router">
      <tag name="monolog.logger" channel="router"/>
      <argument type="service" id="service_container"/>
      <argument>D:/localhost/htdocs/app/config/routing.yml</argument>
      <argument type="collection">
        <argument key="cache_dir">D:/localhost/htdocs/app/cache/prod</argument>
        <argument key="debug">true</argument>
        <argument key="generator_class">Symfony\Component\Routing\Generator\UrlGenerator</argument>
        <argument key="generator_base_class">Symfony\Component\Routing\Generator\UrlGenerator</argument>
        <argument key="generator_dumper_class">Symfony\Component\Routing\Generator\Dumper\PhpGeneratorDumper</argument>
        <argument key="generator_cache_class">appProdUrlGenerator</argument>
        <argument key="matcher_class">Symfony\Bundle\FrameworkBundle\Routing\RedirectableUrlMatcher</argument>
        <argument key="matcher_base_class">Symfony\Bundle\FrameworkBundle\Routing\RedirectableUrlMatcher</argument>
        <argument key="matcher_dumper_class">Symfony\Component\Routing\Matcher\Dumper\PhpMatcherDumper</argument>
        <argument key="matcher_cache_class">appProdUrlMatcher</argument>
        <argument key="strict_requirements">null</argument>
      </argument>
      <argument type="service" id="router.request_context" on-invalid="ignore"/>
      <argument type="service" id="monolog.logger.router" on-invalid="ignore"/>
    </service>
    <service id="annotation_reader" class="Doctrine\Common\Annotations\FileCacheReader">
      <argument type="service">
        <service class="Doctrine\Common\Annotations\AnnotationReader" public="false"/>
      </argument>
      <argument>D:/localhost/htdocs/app/cache/prod/annotations</argument>
      <argument>true</argument>
    </service>
    <service id="twig.loader" class="Symfony\Bundle\TwigBundle\Loader\FilesystemLoader">
      <tag name="twig.loader"/>
      <argument type="service" id="templating.locator"/>
      <argument type="service" id="templating.name_parser"/>
      <call method="addPath">
        <argument>D:\localhost\htdocs\vendor\symfony\symfony\src\Symfony\Bundle\FrameworkBundle/Resources/views</argument>
        <argument>Framework</argument>
      </call>
      <call method="addPath">
        <argument>D:\localhost\htdocs\vendor\symfony\symfony\src\Symfony\Bundle\TwigBundle/Resources/views</argument>
        <argument>Twig</argument>
      </call>
      <call method="addPath">
        <argument>D:/localhost/htdocs/app/Resources/views</argument>
      </call>
    </service>
    <service id="logger" class="Symfony\Bridge\Monolog\Logger">
      <argument>app</argument>
      <call method="pushHandler">
        <argument type="service" id="monolog.handler.main"/>
      </call>
    </service>
    <service id="debug.templating.engine.twig" alias="templating"/>
  </services>
</container>
