<?xml version="1.0" encoding="utf-8"?>
<extension version="3.1" type="module" client="site" method="upgrade">
	<name>EasySocial Stream</name>
	<author>StackIdeas</author>
	<creationDate>03/08/2013</creationDate>
	<copyright>Copyright (C) 2009 - 2013 Stack Ideas Sdn Bhd. All rights reserved.</copyright>
	<license>GNU General Public License version 2 or later; see LICENSE.txt</license>
	<authorEmail>support@stackideas.com</authorEmail>
	<authorUrl>http://stackideas.com</authorUrl>
	<version>1.0</version>
	<description>
		<![CDATA[MOD_EASYSOCIAL_STREAM_DESC]]>
	</description>
	<files>
		<folder>styles</folder>
		<folder>tmpl</folder>
		<filename module="mod_easysocial_stream">mod_easysocial_stream.php</filename>
		<filename>mod_easysocial_stream.xml</filename>
		<filename>index.html</filename>
	</files>
	<languages>
		<language tag="en-GB">en-GB.mod_easysocial_stream.ini</language>
		<language tag="en-GB">en-GB.mod_easysocial_stream.sys.ini</language>
	</languages>

	<config>
		<fields name="params">
			<fieldset name="basic">
				<field name="total" type="text" class="input-mini text-center" default="10" label="MOD_EASYSOCIAL_STREAM_TOTAL" description="MOD_EASYSOCIAL_STREAM_TOTAL_DESC" />
			</fieldset>
			<fieldset name="advanced">
				<field name="layout" type="modulelayout" label="JFIELD_ALT_LAYOUT_LABEL" description="JFIELD_ALT_MODULE_LAYOUT_DESC" />
				<field name="moduleclass_sfx" type="textarea" rows="3" label="COM_MODULES_FIELD_MODULECLASS_SFX_LABEL" description="COM_MODULES_FIELD_MODULECLASS_SFX_DESC" />
				<field name="cache" type="list" default="0" label="COM_MODULES_FIELD_CACHING_LABEL" description="COM_MODULES_FIELD_CACHING_DESC">
					<option value="0">COM_MODULES_FIELD_VALUE_NOCACHING</option>
				</field>
			</fieldset>
		</fields>
	</config>
</extension>
