<?xml version="1.0" encoding="utf-8"?>
<social type="fields" group="group">
	<name>Title</name>
	<element>title</element>
	<author>Stack Ideas Sdn Bhd</author>
	<url>http://stackideas.com</url>
	<created>06/12/2013</created>
	<version>1.0.0</version>
	<copyright>Copyright (c) 2009 - 2013 Stack Ideas Sdn. Bhd.</copyright>
	<license>http://www.gnu.org/licenses/gpl-2.0.html GNU/GPL</license>
	<description>
		<![CDATA[PLG_FIELDS_GROUP_TITLE_INFO]]>
	</description>
	<core>true</core>
	<unique>true</unique>
	<files>
		<folder>config</folder>
		<file>title.php</file>
		<file>title.xml</file>
	</files>
	<languages>
		<language type="en-GB">en-GB.plg_fields_group_title.ini</language>
	</languages>
	<updates>
		<version>http://stackideas.com/updater/easysocial/fields/version</version>
		<patch>http://stackideas.com/updater/easysocial/fields/patch</patch>
	</updates>
</social>
