[
	{
		"title"		: "APP_USER_KUNENA_SETTINGS_STREAM",
		"desc"		: "APP_USER_KUNENA_SETTINGS_STREAM_DESC",
		"fields"	:
		[
			{
				"label"		: "APP_USER_KUNENA_SETTINGS_STREAM_CREATE",
				"tooltip"	: "APP_USER_KUNENA_SETTINGS_STREAM_CREATE_DESC",
				"name"		: "stream_create",
				"type"		: "boolean",
				"default"	: true
			},
			{
				"label"		: "APP_USER_KUNENA_SETTINGS_STREAM_REPLY",
				"tooltip"	: "APP_USER_KUNENA_SETTINGS_STREAM_REPLY_DESC",
				"name"		: "stream_reply",
				"type"		: "boolean",
				"default"	: true
			},
			{
				"label"		: "APP_USER_KUNENA_SETTINGS_STREAM_THANKED",
				"tooltip"	: "APP_USER_KUNENA_SETTINGS_STREAM_THANKED_DESC",
				"name"		: "stream_thanked",
				"type"		: "boolean",
				"default"	: true
			}
		]
	}
]
