[
	{
		"title"		: "APP_GROUP_GROUPS_SETTINGS_WIDGETS",
		"desc"		: "APP_GROUP_GROUPS_SETTINGS_WIDGETS_DESC",
		"fields"	:
		[
			{
				"label"		: "APP_GROUP_GROUPS_SHOW_FRIENDS_IN_GROUP",
				"tooltip"	: "APP_GROUP_GROUPS_SHOW_FRIENDS_IN_GROUP_DESC",
				"name"		: "show_friends",
				"type"		: "boolean",
				"default"	: true
			},
			{
				"label"		: "APP_GROUP_GROUPS_SHOW_ONLINE_MEMBERS",
				"tooltip"	: "APP_GROUP_GROUPS_SHOW_ONLINE_MEMBERS_DESC",
				"name"		: "show_online",
				"type"		: "boolean",
				"default"	: true
			}
		]
	}
]