<?xml version="1.0" encoding="utf-8"?>
<social type="apps" group="user">
	<name>Badges</name>
	<element>badges</element>
	<author>Stack Ideas Sdn Bhd</author>
	<url>http://stackideas.com</url>
	<created>19/08/2013</created>
	<version>1.0.1</version>
	<copyright>Copyright (C) 2010 - 2013 Stack Ideas Sdn Bhd</copyright>
	<license>http://www.gnu.org/licenses/gpl-2.0.html GNU/GPL</license>
	<installable>false</installable>
	<core>true</core>
	<system>true</system>
	<widget>false</widget>
	<description><![CDATA[APP_BADGES_APP_DESCRIPTION]]></description>
	<files>
		<folder>assets</folder>
		<folder>themes</folder>
		<file>badges.php</file>
		<file>badges.xml</file>
		<file>index.html</file>
	</files>

	<languages>
		<language type="en-GB">en-GB.plg_app_user_badges.ini</language>
	</languages>

	<update>
		<version>http://stackideas.com/updates/easysocial/apps/user/badges/version</version>
		<server>http://stackideas.com/updates/easysocial/apps/user/badges/patch</server>
	</update>
</social>