[
	{
		"title"		: "APP_USER_CALENDAR_SETTINGS_STREAM",
		"desc"		: "APP_USER_CALENDAR_SETTINGS_STREAM_DESC",
		"fields"	:
		[
			{
				"label"		: "APP_USER_CALENDAR_SETTINGS_STREAM_CREATE",
				"tooltip"	: "APP_USER_CALENDAR_SETTINGS_STREAM_CREATE_DESC",
				"name"		: "stream_create",
				"type"		: "boolean",
				"default"	: true
			},
			{
				"label"		: "APP_USER_CALENDAR_SETTINGS_STREAM_UPDATE",
				"tooltip"	: "APP_USER_CALENDAR_SETTINGS_STREAM_UPDATE_DESC",
				"name"		: "stream_update",
				"type"		: "boolean",
				"default"	: true
			}
		]
	},
	{
		"title"		: "APP_USER_CALENDAR_SETTINGS_WIDGETS",
		"desc"		: "APP_USER_CALENDAR_SETTINGS_WIDGETS_DESC",
		"fields"	:
		[
			{
				"label"		: "APP_USER_CALENDAR_SETTINGS_WIDGETS_UPCOMING_APPOINTMENTS",
				"tooltip"	: "APP_USER_CALENDAR_SETTINGS_WIDGETS_UPCOMING_APPOINTMENTS_DESC",
				"name"		: "widgets_upcoming",
				"type"		: "boolean",
				"default"	: true
			},
			{
				"label"		: "APP_USER_CALENDAR_SETTINGS_WIDGETS_UPCOMING_APPOINTMENTS_TOTAL",
				"tooltip"	: "APP_USER_CALENDAR_SETTINGS_WIDGETS_UPCOMING_APPOINTMENTS_TOTAL_DESC",
				"name"		: "widgets_total",
				"type"		: "text",
				"class"		: "input-short text-center",
				"default"	: 5
			},
			{
				"label"		: "APP_USER_CALENDAR_SETTINGS_WIDGETS_UPCOMING_APPOINTMENTS_DAYS",
				"tooltip"	: "APP_USER_CALENDAR_SETTINGS_WIDGETS_UPCOMING_APPOINTMENTS_DAYS_DESC",
				"name"		: "widgets_days",
				"type"		: "text",
				"class"		: "input-short text-center",
				"default"	: 14
			}
		]
	}
]
