<?xml version="1.0" encoding="utf-8"?>
<social type="fields" group="user">
	<name>Discuss Signature</name>
	<element>discuss_signature</element>
	<author>Stack Ideas Sdn Bhd</author>
	<url>http://stackideas.com</url>
	<created>23/08/2013</created>
	<version>1.0.0</version>
	<copyright>Copyright (c) 2009 - 2013 Stack Ideas Sdn. Bhd.</copyright>
	<license>http://www.gnu.org/licenses/gpl-2.0.html GNU/GPL</license>
	<description>
		<![CDATA[PLG_FIELDS_DISCUSS_SIGNATURE_INFO]]>
	</description>
	<core>false</core>
	<unique>1</unique>
	<icon>icon-field-easydiscuss</icon>
	<files>
		<folder>config</folder>
		<folder>scripts</folder>
		<folder>themes</folder>
		<file>discuss_signature.php</file>
		<file>discuss_signature.xml</file>
	</files>
	<languages>
		<language type="en-GB">en-GB.plg_fields_user_discuss_signature.ini</language>
	</languages>
	<updates>
		<version>http://stackideas.com/updater/easysocial/fields/version</version>
		<patch>http://stackideas.com/updater/easysocial/fields/patch</patch>
	</updates>
</social>
