<?xml version="1.0" encoding="utf-8"?>
<social type="apps" group="user">
	<name>Files</name>
	<element>files</element>
	<author>Stack Ideas Sdn Bhd</author>
	<url>http://stackideas.com</url>
	<created>05/11/2013</created>
	<version>1.0.1</version>
	<copyright>Copyright (C) 2010 - 2013 Stack Ideas Sdn Bhd</copyright>
	<license>http://www.gnu.org/licenses/gpl-2.0.html GNU/GPL</license>
	<installable>true</installable>
	<core>false</core>
	<description>
		<![CDATA[APP_USER_FILES_APP_DESCRIPTION]]>
	</description>
	<widget>false</widget>
	<files>
		<folder>assets</folder>
		<folder>themes</folder>
		<file>files.php</file>
		<file>files.xml</file>
		<file>index.html</file>
	</files>
	<languages>
		<language type="en-GB">en-GB.plg_app_user_files.ini</language>
	</languages>
	<updates>
		<version>http://stackideas.com/updater/easysocial/apps/version</version>
		<patch>http://stackideas.com/updater/easysocial/apps/patch</patch>
	</updates>
</social>
