<?xml version="1.0" encoding="utf-8"?>
<extension version="3.1" type="module" client="site" method="upgrade">
	<name>EasySocial Quick Registration</name>
	<author>StackIdeas</author>
	<creationDate>16/01/2013</creationDate>
	<copyright>Copyright (C) 2009 - 2014 Stack Ideas Sdn Bhd. All rights reserved.</copyright>
	<license>GNU General Public License version 2 or later; see LICENSE.txt</license>
	<authorEmail>support@stackideas.com</authorEmail>
	<authorUrl>http://stackideas.com</authorUrl>
	<version>1.0.0</version>
	<description>
		<![CDATA[MOD_EASYSOCIAL_REGISTER_DESC]]>
	</description>
	<files>
		<folder>styles</folder>
		<folder>tmpl</folder>
		<filename module="mod_easysocial_register">mod_easysocial_register.php</filename>
		<filename>mod_easysocial_register.xml</filename>
		<filename>index.html</filename>
		<filename>helper.php</filename>
	</files>
	<languages>
		<language tag="en-GB">en-GB.mod_easysocial_register.ini</language>
		<language tag="en-GB">en-GB.mod_easysocial_register.sys.ini</language>
	</languages>

	<config>
		<fields name="params" addfieldpath="/administrator/components/com_easysocial/models/fields">
			<fieldset name="basic">
				<field name="profile_id" type="easysocial_profile" label="MOD_EASYSOCIAL_REGISTER_SELECT_PROFILE" description="MOD_EASYSOCIAL_REGISTER_SELECT_PROFILE_DESC" required="true" message="MOD_EASYSOCIAL_REGISTER_SELECT_PROFILE_REQUIRED" />
				<field name="show_gender" type="radio" class="btn-group" default="0" label="MOD_EASYSOCIAL_REGISTER_SHOW_GENDER" description="MOD_EASYSOCIAL_REGISTER_SHOW_GENDER_DESC">
					<option value="0">JNO</option>
					<option value="1">JYES</option>
				</field>
				<field name="show_heading_title" type="radio" class="btn-group" default="1" label="MOD_EASYSOCIAL_REGISTER_SHOW_HEADING_TITLE" description="MOD_EASYSOCIAL_REGISTER_SHOW_HEADING_DESC">
					<option value="0">JNO</option>
					<option value="1">JYES</option>
				</field>
				<field name="heading_title" type="text" default="Don't have an account?" label="MOD_EASYSOCIAL_REGISTER_HEADING_TITLE" description="MOD_EASYSOCIAL_REGISTER_HEADING_TITLE_DESC" />
				<field name="show_heading_desc" type="radio" class="btn-group" default="1" label="MOD_EASYSOCIAL_REGISTER_SHOW_HEADING_DESC" description="MOD_EASYSOCIAL_REGISTER_SHOW_HEADING_DESC_DESC">
					<option value="0">JNO</option>
					<option value="1">JYES</option>
				</field>
				<field name="heading_desc" type="textarea" default="Register now to join the community!" label="MOD_EASYSOCIAL_REGISTER_DESC_TITLE" description="MOD_EASYSOCIAL_REGISTER_DESC_DESC" />
			</fieldset>
			<fieldset name="splash">
				<field name="splash_image" type="radio" class="btn-group" default="1" label="MOD_EASYSOCIAL_REGISTER_SPLASH_IMAGE" description="MOD_EASYSOCIAL_REGISTER_SPLASH_IMAGE_DESC">
					<option value="0">JNO</option>
					<option value="1">JYES</option>
				</field>
				<field name="splash_image_url" type="text" default="" label="MOD_EASYSOCIAL_REGISTER_SPLASH_IMAGE_URL" description="MOD_EASYSOCIAL_REGISTER_SPLASH_IMAGE_URL_DESC" />
				<field name="splash_image_title" type="text" default="MOD_EASYSOCIAL_REGISTER_SPLASH_TITLE_JOIN_US_TODAY" label="MOD_EASYSOCIAL_REGISTER_SPLASH_TITLE" description="MOD_EASYSOCIAL_REGISTER_SPLASH_TITLE_DESC" />
				<field name="splash_image_footer" type="textarea" default="MOD_EASYSOCIAL_REGISTER_SPLASH_FOOTER_CONTENT" label="MOD_EASYSOCIAL_REGISTER_SPLASH_FOOTER" description="MOD_EASYSOCIAL_REGISTER_SPLASH_FOOTER_DESC" />
			</fieldset>
			<fieldset name="advanced">
				<field name="layout" type="modulelayout" label="JFIELD_ALT_LAYOUT_LABEL" description="JFIELD_ALT_MODULE_LAYOUT_DESC" />
				<field name="moduleclass_sfx" type="textarea" rows="3" label="COM_MODULES_FIELD_MODULECLASS_SFX_LABEL" description="COM_MODULES_FIELD_MODULECLASS_SFX_DESC" />
				<field name="cache" type="list" default="0" label="COM_MODULES_FIELD_CACHING_LABEL" description="COM_MODULES_FIELD_CACHING_DESC">
					<option value="0">COM_MODULES_FIELD_VALUE_NOCACHING</option>
				</field>
			</fieldset>
		</fields>
	</config>
</extension>
