[
	{
		"title"		: "APP_USER_GROUPS_SETTINGS_STREAM",
		"desc"		: "APP_USER_GROUPS_SETTINGS_STREAM_DESC",
		"fields"	:
		[
			{
				"label"		: "APP_USER_MEMBERS_STREAM_DISPLAY_JOIN",
				"tooltip"	: "APP_USER_MEMBERS_STREAM_DISPLAY_JOIN_DESC",
				"name"		: "stream_join",
				"type"		: "boolean",
				"default"	: true
			},
			{
				"label"		: "APP_USER_MEMBERS_STREAM_DISPLAY_LEAVE",
				"tooltip"	: "APP_USER_MEMBERS_STREAM_DISPLAY_LEAVE_DESC",
				"name"		: "stream_leave",
				"type"		: "boolean",
				"default"	: true
			},
			{
				"label"		: "APP_USER_STREAM_CREATE_GROUP",
				"tooltip"	: "APP_USER_STREAM_CREATE_GROUP_DESC",
				"name"		: "stream_create",
				"type"		: "boolean",
				"default"	: true
			},
			{
				"label"		: "APP_USER_STREAM_UPDATE_GROUP",
				"tooltip"	: "APP_USER_STREAM_UPDATE_GROUP_DESC",
				"name"		: "stream_update",
				"type"		: "boolean",
				"default"	: true
			},
			{
				"label"		: "APP_USER_STREAM_MEMBER_PROMOTED",
				"tooltip"	: "APP_USER_STREAM_MEMBER_PROMOTED_DESC",
				"name"		: "stream_admin",
				"type"		: "boolean",
				"default"	: true
			}
		]
	},
	{
		"title"		: "APP_USER_GROUPS_SETTINGS_WIDGETS",
		"desc"		: "APP_USER_GROUPS_SETTINGS_WIDGETS_DESC",
		"fields"	:
		[
			{
				"label"	: "APP_USER_GROUPS_SETTINGS_WIDGETS_DISPLAY_PROFILE",
				"desc"	: "APP_USER_GROUPS_SETTINGS_WIDGETS_DISPLAY_PROFILE_DESC",
				"name"	: "widget_profile",
				"type"	: "boolean",
				"default"	: true
			}
		]
	}
]
