[
	{
		"title"		: "APP_USER_NOTES_SETTINGS_STREAM",
		"desc"		: "APP_USER_NOTES_SETTINGS_STREAM_DESC",
		"fields"	:
		[
			{
				"label"		: "APP_USER_NOTES_SETTINGS_STREAM_CREATE",
				"tooltip"	: "APP_USER_NOTES_SETTINGS_STREAM_CREATE_DESC",
				"name"		: "stream_create",
				"type"		: "boolean",
				"default"	: true
			},
			{
				"label"		: "APP_USER_NOTES_SETTINGS_STREAM_UPDATE",
				"tooltip"	: "APP_USER_NOTES_SETTINGS_STREAM_UPDATE_DESC",
				"name"		: "stream_update",
				"type"		: "boolean",
				"default"	: true
			}
		]
	}
]
