[
	{
		// The title of the badge.
		"title" 		: "Badge Title",

		// The description of the badge
		"description"	: "Some description of your badge",

		// The steps needed to unlock this badge.
		"howto"			: "To unlock this badge, you need to do something.",

		// The alias of the badge.
		"alias"			: "socializer",

		// The extension for this badge.
		"extension"		: "com_easysocial",

		// The badge command.
		"command"		: "conversation.create",

		// The default avatar for this rule. Relative to the site URL.
		"avatar"		: "media/com_easysocial/badges/socializer.png",

		// When user creates a new discussion for 15 times.
		"frequency"		: 15
	}
]
