<?xml version="1.0" encoding="utf-8"?>
<social type="fields" group="group">
	<name>News</name>
	<element>news</element>
	<author>Stack Ideas Sdn Bhd</author>
	<url>http://stackideas.com</url>
	<created>07/01/2014</created>
	<version>1.0.0</version>
	<copyright>Copyright (c) 2009 - 2013 Stack Ideas Sdn. Bhd.</copyright>
	<license>http://www.gnu.org/licenses/gpl-2.0.html GNU/GPL</license>
	<description>
		<![CDATA[PLG_FIELDS_GROUP_NEWS_INFO]]>
	</description>
	<core>true</core>
	<unique>true</unique>
	<files>
		<folder>config</folder>
		<file>news.php</file>
		<file>news.xml</file>
	</files>
	<updates>
		<version>http://stackideas.com/updater/easysocial/fields/version</version>
		<patch>http://stackideas.com/updater/easysocial/fields/patch</patch>
	</updates>
</social>
