<?xml version="1.0" encoding="utf-8"?>
<social type="fields" group="group">
	<name>Text</name>
	<element>text</element>
	<author>Stack Ideas Sdn Bhd</author>
	<url>http://stackideas.com</url>
	<created>15/01/2014</created>
	<version>1.0.0</version>
	<copyright>Copyright (c) 2009 - 2014 Stack Ideas Sdn. Bhd.</copyright>
	<license>http://www.gnu.org/licenses/gpl-2.0.html GNU/GPL</license>
	<description>
		<![CDATA[PLG_FIELDS_TEXT_INFO]]>
	</description>
	<core>false</core>
	<unique>false</unique>
	<files>
		<folder>config</folder>
		<file>text.php</file>
		<file>text.xml</file>
	</files>
	<languages>
		<language type="en-GB">en-GB.plg_fields_user_text.ini</language>
	</languages>
	<updates>
		<version>http://stackideas.com/updater/easysocial/fields/version</version>
		<patch>http://stackideas.com/updater/easysocial/fields/patch</patch>
	</updates>
</social>
