{
    "defaultSaveUrl": {
        "cmd": "Promo",
        "do": "save"
    },
    "defaultFieldsParameters": {
        "text": {
            "emptytext": {
                "trans": "Not_filled"
            }
        },
        "textarea": {
            "emptytext": {
                "trans": "Not_filled"
            }
        }
    },

    "fields": [
        {
            "name": "site_name",
            "type": "text"
        },
        {
            "name": "counter",
            "type": "textarea"
        },
        {
            "name": "category_prefix",
            "type": "text"
        }, 
        {
            "name": "category_suffix",
            "type": "text"
        }, 		
        {
            "name": "title_for_home",
            "type": "text"
        }, 		
        {
            "name": "description_for_home",
            "type": "textarea"
        }, 		
        {
            "name": "keywords_for_home",
            "type": "textarea"
        }, 		
		{
            "name": "footer_text",
            "type": "textarea"
        }, 		
        {
            "name": "site_map",
            "type": "text"
        },
		{
            "name": "hide_social",
            "type": "select",
            "valuesList": [
                "0",
                "1"
            ]
        },
        {
            "name": "vkLikeWidget",
            "type": "text"
        },
		{
            "name": "fbLikeWidget",
            "type": "textarea"
        },
		{
            "name": "twitWidget",
            "type": "textarea"
        },
		{
            "name": "okWidget",
            "type": "textarea"
        },
		{
			"name": "banner_widget",
			"type": "textarea"
		},
		{
			"name": "share_social_code",
			"type": "textarea"
		},
		{
			"name": "vk_link",
			"type": "text"
		},
		{
			"name": "fb_link",
			"type": "text"
		},
		{
			"name": "tw_link",
			"type": "text"
		}
	]
}