<?xml version="1.0" encoding="utf-8"?>
<parts>
    <part name="pricing">
        <page cmd="pricing" do="*" />
    </part>
    <part name="promo">
        <page cmd="promo" do="*" />
        <page cmd="social" do="*" />
        <page cmd="referals" do="*" />
		<page cmd="referral" do="*" />
        <page cmd="addCategory" do="*" />
        <page cmd="updateCategory" do="*" />
		<page cmd="subscribers" do="*" />
		<page cmd="config" do="*" />
		<page cmd="mailing" do="*" />
		<page cmd="addMailing" do="*" />
    </part>

    <part name="contents">
        <page cmd="contents" do="*" />
    </part>
	
    <part name="users">
        <page cmd="users" do="*" />
        <page cmd="administrators" do="*" />
        <page cmd="roles" do="*" />
    </part>
    <part name="site_configuration">
        <page cmd="siteconfiguration" do="*" />
        <page cmd="shipment" do="*" />
        <page cmd="translations" do="*" />
        <page cmd="update" do="*" />
        <page cmd="multilingualsettings" do="*" />
    </part>
    <part name="catalog">
        <page cmd="categories" do="*" />
        <page cmd="catalog" do="*" />
        <page cmd="pristroy" do="*" />
        <page cmd="warehouse" do="*" />
        <page cmd="warehouseproducts" do="*" />
    </part>
    <part name="orders">
        <page cmd="orders" do="*" />
    </part>
    <part name="contents">
        <page cmd="contents" do="*" />
    </part>
</parts>