<?xml version="1.0" encoding="utf-8"?>
<social type="apps" group="group">
	<name>Tasks</name>
	<element>tasks</element>
	<author>Stack Ideas Sdn Bhd</author>
	<url>http://stackideas.com</url>
	<created>19/08/2013</created>
	<version>1.0.1</version>
	<copyright>Copyright (C) 2010 - 2013 Stack Ideas Sdn Bhd</copyright>
	<license>http://www.gnu.org/licenses/gpl-2.0.html GNU/GPL</license>
	<installable>true</installable>
	<core>true</core>
	<widget>true</widget>
	<system>false</system>
	<views>
		<view type="embed">groups</view>
	</views>
	<description><![CDATA[APP_GROUP_TASKS_APP_DESCRIPTION]]></description>
	<files>
		<folder>assets</folder>
		<folder>config</folder>
		<folder>controllers</folder>
		<folder>models</folder>
		<folder>tables</folder>
		<folder>themes</folder>
		<folder>views</folder>
		<file>index.html</file>
		<file>install.php</file>
		<file>tasks.php</file>
		<file>tasks.xml</file>
		<sql>install.sql</sql>
	</files>
	<languages>
		<language type="en-GB">en-GB.plg_app_group_tasks.ini</language>
	</languages>
	<updates>
		<version>http://stackideas.com/updater/easysocial/apps/version</version>
		<patch>http://stackideas.com/updater/easysocial/apps/patch</patch>
	</updates>
</social>