<?xml version="1.0" encoding="utf-8"?>
<social type="fields" group="user">
	<name>Relationship Status</name>
	<element>relationship</element>
	<author>Stack Ideas Sdn Bhd</author>
	<url>http://stackideas.com</url>
	<created>23/08/2013</created>
	<version>1.0.0</version>
	<copyright>Copyright (c) 2009 - 2013 Stack Ideas Sdn. Bhd.</copyright>
	<license>http://www.gnu.org/licenses/gpl-2.0.html GNU/GPL</license>
	<description><![CDATA[PLG_FIELDS_RELATIONSHIP_INFO]]></description>
	<core>false</core>
	<unique>true</unique>
	<files>
		<folder>config</folder>
		<folder>models</folder>
		<folder>scripts</folder>
		<folder>tables</folder>
		<folder>themes</folder>
		<file>ajax.php</file>
		<file>install.php</file>
		<sql>install.sql</sql>
		<file>relationship.php</file>
		<file>relationship.xml</file>
	</files>
	<languages>
		<language type="en-GB">en-GB.plg_fields_user_relationship.ini</language>
	</languages>
	<updates>
		<version>http://stackideas.com/updater/easysocial/fields/version</version>
		<patch>http://stackideas.com/updater/easysocial/fields/patch</patch>
	</updates>
</social>
