<?xml version="1.0" encoding="utf-8"?>
<social type="apps" group="user">
	<name>Profiles</name>
	<element>profiles</element>
	<author>Stack Ideas Sdn Bhd</author>
	<url>http://stackideas.com</url>
	<created>19/08/2013</created>
	<version>1.0.1</version>
	<copyright>Copyright (C) 2010 - 2013 Stack Ideas Sdn Bhd</copyright>
	<license>http://www.gnu.org/licenses/gpl-2.0.html GNU/GPL</license>
	<core>true</core>
	<system>true</system>
	<installable>false</installable>
	<widget>false</widget>
	<description><![CDATA[APP_PROFILES_APP_DESCRIPTION]]></description>
	<files>
		<folder>themes</folder>
		<file>profiles.php</file>
		<file>profiles.xml</file>
		<file>index.html</file>
	</files>
	<languages>
		<language type="en-GB">en-GB.plg_app_user_profiles.ini</language>
	</languages>
	<updates>
		<version>http://stackideas.com/updater/easysocial/apps/version</version>
		<patch>http://stackideas.com/updater/easysocial/apps/patch</patch>
	</updates>
</social>