{
	"dashboard_feeds_everyone"	: true,
	"dashboard_feeds_friendlists"	: true,
	"dashboard_feeds_groups"	: true,
	"apps_sorting"		: true,
	"profile_cover"		: true,
	"toolbar" 			: true,
	"toolbar_guests"	: true,
	"toolbar_dashboard"	: true,
	"toolbar_login"		: true,
	"toolbar_search" 	: true,
	"toolbar_account" 	: true,
	"badgeslimit"		: 10,
	"userslimit"		: 20,
	"pointslimit"		: 10,
	"friendslimit"		: 20,
	"conversation_sorting"	: "created",
	"conversation_ordering"	: "desc",
	"conversation_limit"	: 20,
	"messages_limit"		: 20,
	"search_toolbarlimit"	: 5,
	"search_limit"			: 10,
	"registration_profile_headers"	: true,
	"registration_profile_avatar"	: true,
	"registration_profile_desc"		: true,
	"registration_profile_type"		: true,
	"registration_profile_users"	: true,
	"registration_progress"			: true,
	"registration_profile_selected"	: true,
	"profile_points"	: true,
	"profile_cover"		: true,
	"profile_badges"	: true,
	"profile_age"		: true,
	"profile_gender"	: true,
	"profile_address"	: true,
	"profile_website"	: true,
	"profile_report"	: true,
	"profile_type"		: true
}
