-- DIAFAN.CMS part3
-- Datetime: 2016-02-01 12:50:49
-- Site: http://minba.ru/

DROP TABLE IF EXISTS `diafan_shop_additional_cost`;
CREATE TABLE `diafan_shop_additional_cost` (
  `id` smallint(5) unsigned NOT NULL AUTO_INCREMENT COMMENT 'идентификатор',
  `name1` varchar(50) NOT NULL DEFAULT '' COMMENT 'название',
  `text1` text NOT NULL COMMENT 'описание',
  `act1` enum('0','1') NOT NULL DEFAULT '0' COMMENT 'показывать на сайте: 0 - нет, 1 - да',
  `percent` double NOT NULL DEFAULT '0' COMMENT 'процент от стоимости товаров в корзине',
  `price` double NOT NULL DEFAULT '0' COMMENT 'цена',
  `amount` double NOT NULL DEFAULT '0' COMMENT 'бесплатно от',
  `required` enum('0','1') NOT NULL DEFAULT '0' COMMENT 'всегда включено в цену: 0 - нет, 1 - да',
  `sort` int(11) unsigned NOT NULL DEFAULT '0' COMMENT 'подрядковый номер для сортировки',
  `trash` enum('0','1') NOT NULL DEFAULT '0' COMMENT 'запись удалена в корзину: 0 - нет, 1 - да',
  PRIMARY KEY (`id`)
) ENGINE=MyISAM DEFAULT CHARSET=utf8 COMMENT='Сопутствующие услуги';

DROP TABLE IF EXISTS `diafan_shop_brand`;
CREATE TABLE `diafan_shop_brand` (
  `id` int(11) unsigned NOT NULL AUTO_INCREMENT COMMENT 'идентификатор',
  `name1` text NOT NULL COMMENT 'название',
  `act1` enum('0','1') NOT NULL DEFAULT '0' COMMENT 'показывать на сайте: 0 - нет, 1 - да',
  `map_no_show` enum('0','1') NOT NULL DEFAULT '0' COMMENT 'не показывать на карте сайта: 0 - нет, 1 - да',
  `changefreq` enum('always','hourly','daily','weekly','monthly','yearly','never') NOT NULL DEFAULT 'always' COMMENT 'Changefreq для sitemap.xml',
  `priority` varchar(3) NOT NULL DEFAULT '' COMMENT 'Priority для sitemap.xml',
  `site_id` int(11) unsigned NOT NULL DEFAULT '0' COMMENT 'идентификатор страницы сайта из таблицы `diafan_site`',
  `keywords1` varchar(250) NOT NULL DEFAULT '' COMMENT 'ключевые слова, тег Keywords',
  `descr1` text NOT NULL COMMENT 'описание, тэг Description',
  `canonical1` varchar(100) NOT NULL DEFAULT '' COMMENT 'канонический тег',
  `title_meta1` varchar(250) NOT NULL DEFAULT '' COMMENT 'заголовок окна в браузере, тег Title',
  `text1` text NOT NULL COMMENT 'описание',
  `import` enum('0','1') NOT NULL DEFAULT '0' COMMENT 'производитель только что импортирован: 0 - нет, 1 - да',
  `import_id` varchar(100) NOT NULL DEFAULT '' COMMENT 'собственный идентификатор производителя при импорте',
  `sort` int(11) unsigned NOT NULL DEFAULT '0' COMMENT 'подрядковый номер для сортировки',
  `timeedit` int(10) unsigned NOT NULL DEFAULT '0' COMMENT 'время последнего изменения в формате UNIXTIME',
  `admin_id` int(11) unsigned NOT NULL DEFAULT '0' COMMENT 'пользователь из таблицы `diafan_users`, добавивший или первый отредктировавший производителя в административной части',
  `theme` varchar(50) NOT NULL DEFAULT '' COMMENT 'шаблон страницы сайта',
  `view` varchar(50) NOT NULL DEFAULT '' COMMENT 'шаблон модуля',
  `trash` enum('0','1') NOT NULL DEFAULT '0' COMMENT 'запись удалена в корзину: 0 - нет, 1 - да',
  PRIMARY KEY (`id`),
  KEY `site_id` (`site_id`)
) ENGINE=MyISAM AUTO_INCREMENT=18 DEFAULT CHARSET=utf8 COMMENT='Бренды';

INSERT INTO `diafan_shop_brand` VALUES ('2','Марий Эл','1','0','monthly','0','17','','','','','','0','','2','1443960594','1','','','0'),('3','Краснодар ','1','0','monthly','0','17','','','','','','0','','3','1444072357','1','','','0'),('4','Абхазия','1','0','monthly','0','17','','','','','','0','','4','1444072368','1','','','0'),('5','Россия','1','0','monthly','0','17','','','','','','0','','5','1444072835','1','','','0'),('6','КНР','1','0','monthly','0','17','','','','','','0','','6','1444072843','1','','','0'),('7','Турция','1','0','monthly','0','17','','','','','','0','','7','1444486585','1','','','0'),('8','Финляндия','1','0','monthly','0','17','','','','','','0','','8','1444486598','1','','','0'),('9','Швеция','1','0','monthly','0','17','','','','','','0','','9','1446321415','1','','','0'),('10','Марокко','1','0','monthly','0','17','','','','','','0','','10','1448118885','1','','','0'),('11','Италия','1','0','monthly','0','17','','','','','','0','','11','1448119188','1','','','0'),('12','Мадагаскар ','1','0','monthly','0','17','','','','','','0','','12','1448119240','1','','','0'),('13','Хорватия','1','0','monthly','0','17','','','','','','0','','13','1448119399','1','','','0'),('14','Болгария','1','0','monthly','0','17','','','','','','0','','14','1448119485','1','','','0'),('15','Франция','1','0','monthly','0','17','','','','','','0','','15','1448119518','1','','','0'),('16','Венгрия','1','0','monthly','0','17','','','','','','0','','16','1448119552','1','','','0'),('17','Индонезия','1','0','monthly','0','17','','','','','','0','','17','1448119601','1','','','0');
DROP TABLE IF EXISTS `diafan_shop_brand_category_rel`;
CREATE TABLE `diafan_shop_brand_category_rel` (
  `id` int(11) unsigned NOT NULL AUTO_INCREMENT COMMENT 'идентификатор',
  `element_id` int(11) unsigned NOT NULL DEFAULT '0' COMMENT 'идентификатор производителя из таблицы `diafan_shop_brand`',
  `cat_id` int(11) unsigned NOT NULL DEFAULT '0' COMMENT 'идентификатор категории из таблицы `diafan__category`',
  `trash` enum('0','1') NOT NULL DEFAULT '0' COMMENT 'запись удалена в корзину: 0 - нет, 1 - да',
  PRIMARY KEY (`id`),
  KEY `cat_id` (`cat_id`)
) ENGINE=MyISAM AUTO_INCREMENT=18 DEFAULT CHARSET=utf8 COMMENT='Связи производителей и категорий';

INSERT INTO `diafan_shop_brand_category_rel` VALUES ('1','1','0','0'),('2','2','0','0'),('3','3','0','0'),('4','4','0','0'),('5','5','0','0'),('6','6','0','0'),('7','7','0','0'),('8','8','0','0'),('9','9','0','0'),('10','10','0','0'),('11','11','0','0'),('12','12','0','0'),('13','13','0','0'),('14','14','0','0'),('15','15','0','0'),('16','16','0','0'),('17','17','0','0');
DROP TABLE IF EXISTS `diafan_shop_cart`;
CREATE TABLE `diafan_shop_cart` (
  `id` int(11) unsigned NOT NULL AUTO_INCREMENT COMMENT 'идентификатор',
  `good_id` int(11) unsigned NOT NULL DEFAULT '0' COMMENT 'идентификатор товара из таблицы `diafan_shop`',
  `user_id` int(11) unsigned NOT NULL DEFAULT '0' COMMENT 'идентификатор пользователя из таблицы `diafan_users`',
  `price_id` int(11) unsigned NOT NULL DEFAULT '0' COMMENT 'идентификатор цены товара - поле price_id из таблицы `diafan_shop_price`',
  `created` int(10) unsigned NOT NULL DEFAULT '0' COMMENT 'дата создания',
  `count` double unsigned NOT NULL DEFAULT '0' COMMENT 'количество товара',
  `param` text NOT NULL COMMENT 'серилизованные данные о характеристиках товара (доступных к выбору при заказе)',
  `is_file` enum('0','1') NOT NULL DEFAULT '0' COMMENT 'товар-файл: 0 - нет, 1 - да',
  `trash` enum('0','1') NOT NULL DEFAULT '0' COMMENT 'запись удалена в корзину: 0 - нет, 1 - да',
  PRIMARY KEY (`id`),
  KEY `user_id` (`user_id`)
) ENGINE=MyISAM AUTO_INCREMENT=91 DEFAULT CHARSET=utf8 COMMENT='Товары в корзине';

INSERT INTO `diafan_shop_cart` VALUES ('13','315','4','1566','1449127997','1','a:0:{}','0','0'),('30','345','14','1729','1450353733','1','a:0:{}','0','0'),('23','505','5','2009','1449493381','1','a:0:{}','0','0'),('83','349','1','2316','1453792250','1','a:0:{}','0','0'),('82','346','1','1732','1453792203','1','a:0:{}','0','0'),('80','534','1','2299','1453792273','2','a:0:{}','0','0'),('79','106','1','166','1453792149','1','a:0:{}','0','0'),('78','284','14','2370','1453709131','1','a:0:{}','0','0'),('66','323','14','2280','1453119894','1','a:0:{}','0','0');
DROP TABLE IF EXISTS `diafan_shop_category`;
CREATE TABLE `diafan_shop_category` (
  `id` int(11) unsigned NOT NULL AUTO_INCREMENT COMMENT 'идентификатор',
  `name1` text NOT NULL COMMENT 'название',
  `act1` enum('0','1') NOT NULL DEFAULT '0' COMMENT 'показывать на сайте: 0 - нет, 1 - да',
  `map_no_show` enum('0','1') NOT NULL DEFAULT '0' COMMENT 'не показывать на карте сайта: 0 - нет, 1 - да',
  `changefreq` enum('always','hourly','daily','weekly','monthly','yearly','never') NOT NULL DEFAULT 'always' COMMENT 'Changefreq для sitemap.xml',
  `priority` varchar(3) NOT NULL DEFAULT '' COMMENT 'Priority для sitemap.xml',
  `parent_id` int(11) unsigned NOT NULL DEFAULT '0' COMMENT 'идентификатор родителя из таблицы `diafan_shop_category`',
  `count_children` smallint(5) unsigned NOT NULL DEFAULT '0' COMMENT 'количество вложенных категорий',
  `site_id` int(11) unsigned NOT NULL DEFAULT '0' COMMENT 'идентификатор страницы сайта из таблицы `diafan_site`',
  `keywords1` varchar(250) NOT NULL DEFAULT '' COMMENT 'ключевые слова, тег Keywords',
  `descr1` text NOT NULL COMMENT 'описание, тэг Description',
  `canonical1` varchar(100) NOT NULL DEFAULT '' COMMENT 'канонический тег',
  `title_meta1` varchar(250) NOT NULL DEFAULT '' COMMENT 'заголовок окна в браузере, тег Title',
  `anons1` text NOT NULL COMMENT 'анонс',
  `anons_plus1` enum('0','1') NOT NULL DEFAULT '0' COMMENT 'добавлять анонс к описанию: 0 - нет, 1 - да',
  `text1` text NOT NULL COMMENT 'описание',
  `show_yandex` enum('0','1') NOT NULL DEFAULT '0' COMMENT 'выгружать в Яндекс.Маркет: 0 - нет, 1 - да (если в настройках выбрана выгрузка только выбранных категорий)',
  `import` enum('0','1') NOT NULL DEFAULT '0' COMMENT 'категория только что импортирован: 0 - нет, 1 - да',
  `import_id` varchar(100) NOT NULL DEFAULT '' COMMENT 'собственный идентификатор категории при импорте',
  `sort` int(11) unsigned NOT NULL DEFAULT '0' COMMENT 'подрядковый номер для сортировки',
  `timeedit` int(10) unsigned NOT NULL DEFAULT '0' COMMENT 'время последнего изменения в формате UNIXTIME',
  `access` enum('0','1') NOT NULL DEFAULT '0' COMMENT 'доступ ограничен: 0 - нет, 1 - да',
  `admin_id` int(11) unsigned NOT NULL DEFAULT '0' COMMENT 'пользователь из таблицы `diafan_users`, добавивший или первый отредктировавший категорию в административной части',
  `theme` varchar(50) NOT NULL DEFAULT '' COMMENT 'шаблон страницы сайта',
  `view` varchar(50) NOT NULL DEFAULT '' COMMENT 'шаблон модуля',
  `view_element` varchar(50) NOT NULL DEFAULT '' COMMENT 'шаблон модуля для элементов в категории',
  `trash` enum('0','1') NOT NULL DEFAULT '0' COMMENT 'запись удалена в корзину: 0 - нет, 1 - да',
  `h1` varchar(250) NOT NULL,
  PRIMARY KEY (`id`),
  KEY `parent_id` (`parent_id`),
  KEY `site_id` (`site_id`)
) ENGINE=MyISAM AUTO_INCREMENT=73 DEFAULT CHARSET=utf8 COMMENT='Категории товаров';

INSERT INTO `diafan_shop_category` VALUES ('2','Веники, травы и чай ','1','0','monthly','0','0','4','17','','Травы и чаи для бани и сауны в Москве с доставкой по всей России. Купить веники и запарки для бани по лучшим ценам. Веники и травы для бани удобно заказать онлайн.','','Веники и травы для бани и сауны по низким ценам в Москве.','','0','<p>Классическая русская баня немыслима без хорошего, доброго веника! Распариваясь под воздействием высокой температуры и влажности, травы отдают не только приятный аромат, но и полезные вещества, которые проникают через кожу, благотворно влияя на весь организм. Правильно подобранный веник для бани может стать идеальным лекарственным средством.</p>\r\n<p>Магазин \"МинБа\" предлагает широкий выбор веников и трав, обеспечивая строгий контроль продукции: в продаже только натуральные растения, прошедшие сушку по классической технологии, применявшейся на Руси еще с незапамятных времен. У нас вы найдете как веники для парилки, так и травы для банной запарки, позволяющие создать благотворную и полезную атмосферу в бане.</p>\r\n<p>Вот краткий путеводитель по банным травам:</p>\r\n<ul>\r\n<li>Березовый веник эффективно удаляет с кожи пот, а также насыщает ее полезными эфирными маслами</li>\r\n<li>Дубовый веник &ndash; отличный массажер, а также эффективное средство от кожных болезней, благодаря богатому содержанию биологических активных веществ в листьях</li>\r\n<li>Зверобой и ромашка хорошо подойдут для лечения кожных заболеваний, а также хороши для профилактики воспалительных процессов.</li>\r\n<li>Мята, шалфей и душица &ndash; отличные успокаивающие средства, которые расслабляют и помогают избавиться от стрессов.</li>\r\n<li>Полынь &ndash; отличное средство для лечения заболеваний дыхательных путей.</li>\r\n</ul>\r\n<p>Зачастую веники изготавливают комбинированными: к примеру, березовый веник перекладывают стеблями различных трав, например, полыни, мяты и шалфея, обеспечивая комплексное благотворное воздействие на организм.</p>\r\n<p>В магазине \"Министерство бани и отдыха&raquo; вы найдете лучшие веники, любовно подобранные и подготовленные для вашего лучшего банного опыта.</p>','0','0','','8','1453671467','0','1','','','','0','Веники и травы для бани и сауны в Москве.'),('3','Веники','1','0','monthly','0','2','0','17','','Веники для бани в интернет-магазине «МинБа». Купить веники для бани в Москве с доставкой. Продажа веников для бани недорого. Купить веники для сауны и бани с лечебными свойствами.','','Веники для бани купить в Москве по низким ценам.','','0','<p>Банный веник &ndash; наша старая, добрая традиция. На протяжении веков люди на Руси использовали их как незаменимый банный инвентарь. Была придумана даже специальная должность &ndash; банщик, одной из основных задач которого заключалась в том, чтобы умело орудовать &laquo;травяным массажером&raquo;.</p>\r\n<p>Виды веников для бани насчитывают столько наименований, что и перечислять не стоит. Главное, что объединяет их всех &ndash; применение целебных растений. Похлопывание веником по телу в условиях жара бани служит отличным массажем. А вдыхая испарения чудотворных эфирных масел, парильщик наполняется здоровьем и придается расслабляющей неге. Поэтому купить веники для бани &ndash; святой долг каждого, кто собрался хорошенько попариться.</p>\r\n<p>Купить в Москве веники для бани не сложно. Но вот чтобы найти большой выбор достойных экземпляров, да еще и не потратить на это много времени, еще чтобы доставили прямо на дом, - с такими запросами лучше всего купить веники для бани в интернет магазине.</p>\r\n<p>В нашем ассортименте вы всегда найдете большой список товаров для бани. И веники, естественно, занимают в их числе особое, почетное место. Бамбуковые и эвкалиптовые, из канадского и европейского дуба, те, что лучше парят и те, что наполнят парную чудесным, целебным ароматом. У нас есть любые виды банных веников, не достает только вас &ndash; нашего любимого и ценного покупателя. Приобретайте банные принадлежности всего в несколько кликов мышки. И легкого вам пара!</p>\r\n<p>&nbsp;</p>','0','0','','3','1449242903','0','1','','','','0','Купить веники для бани в Москве с доставкой.'),('4','Травы','1','0','monthly','0','2','0','17','','Купить травы для бани в пучках в интернет-магазине.  Травы для бани и сауны в Москве с доставкой. Полезные травы для бани недорого.','','Купить травы для бани и сауны в Москве с доставкой по всей России.','','0','<p>Баня издревле является местом, где поправляется здоровье, восстанавливаются силы, достигается душевное равновесие. Настоящие банщики знают, что для полноценного посещения &laquo;кладези здоровья&raquo; необходимо использовать не только дубовые, пихтовые, березовые веники, но и другие средства.</p>\r\n<p>Травяные веники для бани<b>&nbsp;</b>позволяют направленно воздействовать на организм. При этом, грамотно подобранный веник того или иного растения позволяет мгновенно повысить общий тонус, улучшить иммунитет, добавить необычный аромат в парилке. Как известно, распаренные травы выделяют целебные эфиры и масла, которые через легкие мгновенно попадают в кровь. Начинается целебная работа, которая не причиняет никаких хлопот для посетителей бани или сауны.</p>\r\n<p>Можно использовать различные&nbsp;травы для бани и сауны:</p>\r\n<ul>\r\n<li>полынь;</li>\r\n<li>мята;</li>\r\n<li>зверобой;</li>\r\n<li>ромашка;</li>\r\n<li>валериана;</li>\r\n<li>и многие другие.</li>\r\n</ul>\r\n<p>Важно знать нюансы воздействия разных видов трав на организм. Например, мята сильно расслабляет. Она рекомендована женщинам, а вот мужчинам лучше воспользоваться зверобоем, чтобы быть в тонусе.</p>\r\n<p>Сейчас&nbsp;купить травы для бани<b>&nbsp;</b>весьма просто. Для этого достаточно обратиться в магазин \"Министерство бани и отдыха&raquo; и заказать нужное количество из широкого ассортимента. Мы специализируемся на экологически чистом и полезном продукте для тех, кто ценит свое здоровье и красоту.</p>\r\n<p>&nbsp;</p>\r\n<p>&nbsp;</p>','0','0','','4','1449242919','0','1','','','','0','Купить травы для бани и сауны по доступной цене.'),('5','Запарки','1','0','monthly','0','2','0','17','','Запарки для бани в интернет-магазине \"МинБа\". Травяные мешочки в Москве с доставкой по всей России. Купить травяные мешочки недорого.','','Запарки для бани, травяные мешочки в Москве с доставкой по всей России.','','0','<p>Русская баня создана не только для мытья. Главная ее функция &ndash; оздоровление организма и восстановление сил. Для этого используются различные дополнительные средства &ndash; веники, отвары и запарки.&nbsp;Запарки для бани&nbsp;изготавливают из сбора различных растений, включая целебные. Полезные для человека вещества вместе с паром быстро попадают в легкие и как следствие, в кровь. Плюс к этому, душистый аромат сделает процедуру более приятной.</p>\r\n<p>Банные запарки представляет собой травяные мешочки<b>,</b> в которых собраны различные сорта растений. Они имеет много полезных свойств:</p>\r\n<ul>\r\n<li>успокаивают нервы, снимают болевые ощущения;</li>\r\n<li>очищают кожу;</li>\r\n<li>помогают выводить из организма токсины;</li>\r\n<li>повышают иммунитет и общий тонус;</li>\r\n<li>прочищают дыхательные пути и пр.</li>\r\n</ul>\r\n<p>Для того, чтобы целебные свойства запарки начали воздействовать, мешочек заливается кипятком и настаивается несколько минут в емкости. Будет лучше, если накрыть емкость крышкой. Полученный травяной настой плескают на каменку. С первых мгновений ощущается приятный аромат, благотворно влияющий на состояние души и тела.</p>\r\n<p>Если вы решили купить травяные мешочки, обращайтесь в магазин \"Министерство бани и отдыха&raquo;. У нас найдете сборы из разных растений, что позволит подобрать оптимальный вариант на конкретный случай. Благодаря нам пар будет легким, целебным и приятным!</p>','0','0','','5','1449242943','0','1','','','','0','Запарки для бани и травяные мешочки по доступным ценам.'),('6','Чай','1','0','monthly','0','2','0','17','Потогонный чай для бани, чаи для бани с разными составами по доступным ценам. Купить чай для бани в Москве с доставкой. Чай в сауну недорого в интернет-магазине «МинБа».','','','Купить чай для бани и сауны в интернет-магазине с доставкой.','','0','<p>Баня и сауна &ndash; любимый большинством из нас вариант отдыха и расслабления. К сожалению, многие упускают из виду, что вместо крепких горячительных напитков правильнее взять крепкий согревающий чай из трав, специально подобранных для усиления положительного эффекта от банных процедур.</p>\r\n<p>Посещение бани и сауны &ndash; это целый ритуал, для которого существует множество аксессуаров и специальной продукции. Тот, кто к банным процедурам относится со всей ответственностью, вместе с веником, шапочкой и ковриком обязательно прихватит чай для бани. И желательно, чтобы этот чай был особым, а не купленным не на ближайшем рынке или в супермаркете.</p>\r\n<p>Наш интернет-магазин предлагает большой выбор травяных чаев и сборов, специально подобранных для посещения бани и сауны. Они не только благотворно влияют на организм, но и невероятно вкусны. Аромат трав, усиленный горячим паром, станет прекрасным фоном для задушевного чаевничания между посещением парной.</p>\r\n<p>Потогонный чай для бани &ndash; это такая же необходимость, как и хороший веник. Запуская потоотделение, этот чай помогает организму избавиться от лишней жидкости, вывести токсины, убрать отеки, снять нагрузку на почки. Выбранный правильно, чай в сауну или баню многократно усиливает оздоровительный эффект от собственно банных процедур.</p>\r\n<p>Наш ассортимент &ndash; только экологически чистые сборы, из которых получаются душистые и крепкие настои. Бодрящие или успокаивающие, лечебные и просто для удовольствия &ndash; наши травяные чаи обязательно найдут своих поклонников.</p>\r\n<p>Купить чай для бани в нашем магазине &ndash; значит гарантированно получить качественный и вкусный продукт, который и душу согреет, и тело взбодрит.</p>','0','0','','6','1453225599','0','1','','','','0','Купить чай для бани в Москве с доставкой по всей России.'),('7','Премиум товары','1','0','monthly','0','0','0','17','','Купить премиум товары для бани в Москве с доставкой по всей России. Премиум товары для сауны недорого в интернет-магазине «МинБа». Товары для бани премиум качества.','','Премиум товары для сауны и бани по доступной цене.','','0','','0','0','','63','1449588523','0','1','','','','0','Премиум товары для бани и сауны в Москве.'),('8','Подарочные наборы','1','0','monthly','0','0','0','17','','Мужской подарочный набор для бани в Москве. Подарочные наборы для бани и сауны в интернет-магазине «МинБа». Купить женский подарочный набор для бани с доставкой по всей России. Подарочные наборы для сауны по низким ценам.','','Подарочные наборы для бани и сауны в Москве по доступным ценам.','','0','<p>В магазине \"Министерство бани и отдыха&raquo; на&nbsp;мужской подарочный набор для бани цена&nbsp;весьма привлекательная, вы получаете продукцию по гораздо более выгодной цене, чем если бы покупать товары по отдельности. Вся продукция упакована в оригинальные упаковки, которые имеют презентабельный внешний вид и не требуют дополнительной подарочной обертки.</p>\r\n<p>Подарочные наборы для сауны&nbsp;&ndash; отличная идея для подарка, позволяющая одним комплектом преподнести человеку всё необходимое для комфортного похода в парилку. Представленные в ассортименте набор включают различное количество товаров, потому подарок можно подобрать на любой бюджет. В частности,&nbsp;подарочные наборы для бани для мужчин&nbsp;могут включать в себя такие элементы:</p>\r\n<ul>\r\n<li>Войлочные шапки</li>\r\n<li>Банные тапки</li>\r\n<li>Коврики для сидения</li>\r\n<li>Рукавицы для парения</li>\r\n<li>Веники из различного дерева и трав</li>\r\n<li>Полотенца</li>\r\n<li>Черпак для воды</li>\r\n<li>Специальные травы для банной запарки</li>\r\n<li>И другие аксессуары</li>\r\n</ul>\r\n<p>Так как вся продукция в нашем магазине имеет исключительное качество, товары изготовлены из натуральных материалов с полным соблюдением традиционных технологий изготовления банных принадлежностей, подаренные аксессуары станут весьма полезным и практичным подарком для истинных ценителей хорошей парилки. Потому такой подарок будет воспринят с благодарностью, а главное &ndash; будет активно использоваться.</p>\r\n<p>Долговечность изделий будет напоминать человеку о приятном подарке и поможет укрепить хорошие отношения. Нет хуже подарка, который кладется в шкаф и забывается там.&nbsp;Подарочные наборы для бани для мужчин&nbsp;&ndash; это подарок, который гарантированно будет активно использоваться и подарит немало позитивных эмоций получателю.</p>','0','0','','2','1449242273','0','1','','','','0','Подарочные наборы для бани и сауны по низким ценам.'),('9','Изделия из войлока','1','0','monthly','0','0','13','17','','Войлок для бани и сауны в интернет-магазине «МинБа». Изделия из войлока для бани недорого. Купить войлок для бани в Москве с доставкой. ','','Купить войлок для бани по низким ценам в Москве.','','0','<p>Изделия из войлока появились в арсенале людей много веков назад. Однако и по сей день они не сходят с прилавков магазинов и страниц интернет-каталогов благодаря ряду особенностей.</p>\r\n<p>Во-первых, войлочные изделия экологичны. Во-вторых, войлок уникален благодаря своей низкой теплопроводимости. Проще говоря, в холод войлочные изделия (валенки, носки, варежки и т.д.) не дают теплу тела &laquo;выйти наружу&raquo;, а в жару (в бане, к примеру) не пускают жар внутрь тела, сохраняя температуру на приемлемом уровне. Наконец, в третьих, войлочная одежда и аксессуары выглядят невероятно уютными, что повышает спрос на изделия из данного материала.</p>\r\n<h2><b>Войлок для бани</b></h2>\r\n<p>Процессы терморегуляции организма, которые особенно интенсивно работают в бане под воздействием высокой температуры и пара, в большей степени связаны с головой. Поэтому именно ее нужно защитить от перегрева, чтобы не схлопотать потерю сознания или даже сердечный приступ.</p>\r\n<p>Шапка из войлока позволяет увеличить время пребывания в парной, сохранить волосы от нежелательного воздействия высокой температуры и сделать посещение бани приятным и безопасным. Помимо низкой теплопроводимости войлок для бани хорош тем, что отлично впитывает влагу и пар, не теряя при этом формы.</p>\r\n<h2><b>Войлок для всей семьи</b></h2>\r\n<p>Магазин \"Министерство бани и отдыха&raquo; предлагает купить войлок для бани, а также рукавицы, коврики, тапочки и войлочные наборы с доставкой по всей России. Рекомендуем также обратить внимание на изделия из фетра. Фетр является более &laquo;изысканной&raquo; разновидностью войлока, изготовленной из тонких сортов шерсти коз и кроликов. В наличии мужские, женские, детски и универсальные изделия.</p>','0','0','','9','1449496667','0','1','','','','0','Купить войлок для бани и сауны по лучшим ценам.'),('10','Шапки','1','0','monthly','0','9','5','17','','Купить универсальные шапки для бани по низким ценам. Универсальные шапки для бани в интернет-магазине «МинБа». Универсальные шапки для сауны в Москве с доставкой по всей России.','','Универсальные шапки для бани в интернет-магазине «МинБа».','','0','Заходя в помещение, воспитанный мужчина должен снять головной убор. Другое дело &ndash; баня! Здесь даже аристократ голубых кровей просто обязан находиться с покрытой головой.\r\n<h2>Без штанов, но в шляпе / Дать по шапке. Всем!</h2>\r\n<p>Шапка для сауны<b>&nbsp;</b>и бани &ndash; аксессуар отнюдь не декоративного характера. Этот головной убор &ndash; страховка от теплового удара, который можно легко получить в разогретой парной.</p>\r\n<p>Но помимо своих защитных функций&nbsp;прикольные шапки для бани&nbsp;создают особое непринужденное и веселое настроение. Это отличная идея для подарка, в том числе и коллективного. Есть множество поводов для того, чтобы порадовать и повеселить своих друзей, являющихся поклонниками походов в парную. Каждому члену банного сообщества найдется подходящий вариант: классическая ушанка, колоритная буденовка или характерная кепка с соответствующей надписью. Универсальные модели подходят и мужчинам и женщинам.</p>\r\n<h2>В баню &ndash; по высшему разряду!</h2>\r\n<p>Наш магазин специализируется на товарах для бани и сауны. Для своих клиентов мы ищем самые лучшие товары от проверенных производителей. Качество и польза &ndash; по этому принципу мы формируем наш ассортимент. И, разумеется, ценовую политику мы выбираем такую, чтобы количество постоянных клиентов постоянно росло. Ведь мы предлагаем товар, который нужен постоянно!</p>\r\n<p>На нашем сайте представлен огромный выбор&nbsp;шапок для бани из войлока&nbsp;&ndash; самого подходящего для этих целей материала. Он идеально справляется с терморегуляцией &ndash; защищает голову от перегрева и волосы от пересушивания, которые легко получить из-за воздействия высоких температур.</p>\r\n<p>Только шапка из натурального войлока или фетра, без добавления синтетических волокон, способна сделать поход в баню действительно комфортным и безопасным. Именно такая продукция &ndash; натуральная, качественная &ndash; доступна нашим заказчикам.</p>\r\n<p>Поэтому собираясь попариться, не забудьте&nbsp;купить шапку для бани. И не только себе.</p>','0','0','','10','1449496691','0','1','','','','0','Купить шапки для бани и сауны по низким ценам.'),('11','Мужские','1','0','monthly','0','10','0','17','','Купить мужские шапки для бани по низким ценам. Мужские шапки для бани в интернет-магазине «Министерство бани и отдыха». Мужские шапки для сауны в Москве с доставкой по всей России.','','Купить мужские шапки для бани и сауны в интернет-магазине «МинБа».','','0','<p>В магазине \"Министерство бани и отдыха&raquo; представлен обширный выбор товаров и аксессуаров для сауны, бани и хаммама (турецкой бани).</p>\r\n<p>Поход в баню или сауну сложно представить без соответствующего &laquo;снаряжения&raquo;. Как минимум, вам понадобиться полотенце, простынь и шапка. Последняя эффективно защищает голову от теплового удара и, что немаловажно, оберегают волосы от нежелательного перегрева.</p>\r\n<p>В ассортименте представлено большое разнообразие фасонов и дизайнерских решений:</p>\r\n<ul>\r\n<li>классические в виде колокольчика (купола);</li>\r\n<li>&laquo;будёновки&raquo;;</li>\r\n<li>чепчики;</li>\r\n<li>ушанки;</li>\r\n<li>оригинальные &laquo;шлемы&raquo;.</li>\r\n</ul>\r\n<p>У нас вы можете&nbsp;<b>к</b>упить мужскую шапку для бани и сауны&nbsp;любого цвета и толщины, выбрать изделие с готовыми узорами и принтовым нанесением: гербами, девизами, именами или индивидуальными подарочными надписями. Принт может быть частичным или на всей поверхности. Банная шапка станет отличным приобретением и подарком для мужчины. &nbsp;</p>\r\n<h2>Материалы и свойства</h2>\r\n<p>Ввиду своей токсичности и дискомфорта при ношении, у нас вы не найдете банных принадлежностей из синтетики. Все представленные&nbsp;мужские шапки для бани и сауны, изготовлены из классических и экологически чистых материалов &ndash; шерсти, фетра, льна и хлопка.</p>\r\n<p>Шерстяная и фетровая&nbsp;мужская банная шапка&nbsp;&ndash; проверенная годами и не устаревающая классика. Ее изготавливают путем валяния войлока из овечьей, кроличьей или козьей шерсти с последующим пошивом. Толщина получившегося материала может быть различной, однако толстая ткань имеет больший защитный эффект. Натуральная шерсть обладает целебными антистатическими свойствами и практически не впитывает влагу.</p>\r\n<p>Льняные и хлопковые банные шапки немного тоньше войлочных но, за счет особенностей плетения и кроя, разница практически не ощущается.</p>\r\n<h2>Как купить</h2>\r\n<p>Чтобы заказать товар необходимо, заполнить указанные на сайте поля и оставить контактные данные. Наши менеджеры выйдут на связь через несколько минут, ответят на вопросы и дадут рекомендации. Помните, что бы вы не выбрали &ndash;&nbsp;мужская шапка для бани&nbsp;прослужит вам много лет и, наверняка, станет отличным подарком!</p>\r\n<p>&nbsp;</p>','0','0','','12','1449588665','0','1','','','','0','Купить мужские шапки для бани по низким ценам'),('12','Женские','1','0','monthly','0','10','0','17','','Купить женские шапки для бани онлайн в интернет-магазине. Женские шапки для бани по доступным ценам.  Женские шапки для сауны в Москве с доставкой по всей России.\r\n','','Женские шапки для бани и сауны в по низким ценам.','','0','<p>Назначение большинства головных уборов из шерсти &ndash; защищать от холода и ветра. Другое дело &ndash; банные шапки, которые используются с противоположной целью: не дать голове перегреться во время парения в бане или расслабления в сауне. Особенно важно не пренебрегать этим аксессуаром для представительниц прекрасной половины человечества: высокая температура, сухой и влажный пар негативно сказываются на здоровье волос. Современные женские шапки для бани имеют самый разный дизайн, что позволяет дамам быть неотразимыми даже в клубах пара.</p>\r\n<p>Степень оздоровительного эффекта и удовольствия от посещения парной не в последнюю очередь зависит от качества банных принадлежностей. Любительницам водных процедур стоит запастись как минимум двумя моделями головных уборов: одна пригодится для посещения русской бани или хаммама, вторая &ndash; для финской сауны.</p>\r\n<p>При всем многообразии фасонов шляпок и тюрбанов материалом для их изготовления традиционно служит валяная шерсть. В зависимости от ее толщины головные уборы разделяют на фетровые и войлочные. Войлок получают путем ручного валяния из овечьего руна, для фетра используется тонкий пух &ndash; кроличий или козий. Считается, что для сауны предпочтительнее толстый и плотный войлок, отлично предохраняющий от сухого горячего пара. Влажный пар переносится легче, от него сможет защитить и более мягкий фетр. &nbsp;&nbsp;&nbsp;</p>\r\n<p>Производители банных аксессуаров позаботились о том, чтобы женщины могли выглядеть безупречно, даже если на них надета только одна войлочная шапочка. Шляпки с широкими полями и в форме чалмы, декорированные вышивкой &laquo;под хохлому&raquo; и шутливыми надписями, из классического белого войлока и фетра всех цветов: выбор по-настоящему широк. В интернет-магазине \"Министерство бани и отдыха&raquo; &nbsp;каждая модница найдет подходящий вариант. Это будет тем проще сделать, что банную шапку не нужно подбирать под другие предметы одежды.</p>\r\n<p>&nbsp;</p>','0','0','','15','1449497091','0','1','','','','0','Купить женские шапки для бани и сауны в Москве'),('13','Детские','1','0','monthly','0','10','0','17','','Купить детские шапки для бани онлайн в интернет-магазине. Детские шапки для бани по доступным ценам.  Детские шапки для сауны в Москве с доставкой по всей России.','','Детские шапки для бани и сауны недорого в Москве.','','0','<p>В этой статье речь пойдёт о том, нужны ли шапочки в бане, а если они нужны &ndash; то зачем. Мы расскажем, почему в бане наличие шапочки на голове ребенка особенно важно и поможем подобрать шапочки для ваших детей.</p>\r\n<p>Казалось бы, зачем в горячей бане шапочка, создающая дополнительный нагрев для головы?</p>\r\n<p>Оказывается, благодаря воздушной прослойке, которую ткань создает вокруг головы, шапочка не только не нагревает голову, но и удерживает её в комфортной температуре.</p>\r\n<p>Кроме того, учитывая вред чрезмерно высоких температур для сосудов головного мозга, использование любых средств, помогающих снизить эту температуру, весьма полезно. Высокая температура вредна и для волос, которые начинают сечься и теряют упругость.</p>\r\n<h2>Ведем в баню детей</h2>\r\n<p>Водить детей в баню и сауну полезно &ndash; это укрепляет их сердечно-сосудистую систему, оздоровляет в целом и просто приносит им радость.</p>\r\n<p>При этом стоит помнить, что детский организм хрупок и воздействие высоких температур для их головы вдвойне вредно. Даже в бане с низкой температурой (около 60 &deg;С) детям просто необходимо надевать шапочку.</p>\r\n<h2>Выбор шапочки для ребёнка</h2>\r\n<p>Удобная детская банная шапочка должна закрывать уши и затылочную часть головы. Выполненная из натуральной ткани, она будет хорошо впитывать влагу, не будет оплавляться и жечь кожу. Эти характеристики важны для любой банной шапочки, но в случае с детьми важно и внешнее оформление: ребёнку должен нравиться головной убор, чтобы ему не хотелось сбросить шапочку при первой же возможности. Прекрасным выбором станет яркая детская шапочка для бани с изображением популярных героев мультсериалов или различных животных.</p>\r\n<p>Если вы решили приобрести шапочку для вашего ребёнка &ndash; обращайтесь в магазине \"Министерство бани и отдыха&raquo;, где представлен большой выбор таких головных уборов.</p>\r\n<p>&nbsp;</p>','0','0','','72','1449497113','0','1','','','','0','Купить детские шапки для бани и сауны в Москве'),('72','Коллекция к &quot;23 февраля&quot;','1','0','monthly','0','10','0','17','','','','','','0','','0','0','','11','1453628225','0','1','','','','0',''),('15','Фетровые','1','0','monthly','0','10','0','17','','Шапка для бани из фетра в Москве с доставкой по всей России. Фетровые шапки для бани в интернет-магазине «МинБа».  Купить фетровые шапки для бани по низким ценам.','','Фетровые шапки для бани по доступной цене с доставкой. ','','0','<p>Полноценный отдых в бане или сауне с пользой для здоровья &ndash; это целый ритуал, к которому желательно подготовиться основательно и заблаговременно. Кроме гигиенических и косметических средств любителям парной понадобятся особенные аксессуары: веники и рукавицы, коврики и тапочки, одежда и обязательно фетровые шапки для бани для защиты волос и головы от перегрева.</p>\r\n<p>На сайте специализированного магазина \"Министерство бани и отдыха&raquo; можно купить по отдельности или в комплекте все необходимое для сауны, бани и хамама. В роскошном ассортименте продукции обязательно отыщутся полезные, которые заинтересуют владельцев банных комплексов и их посетителей. Благодаря красивым и практичным банным атрибутам из каталога нашего магазина каждый визит в баню станет незабываемо приятной целительной процедурой.</p>\r\n<h2>Зачем нужна шапка для бани?</h2>\r\n<p>Любители попариться со стажем шутят о том, что собираясь в баню можно забыть мыло, но не свою любимую шапку. Традиционная шапка для бани из фетра &ndash; не просто красивый колоритный аксессуар, головной убор для бани исполняет стратегически важные защитные функции:</p>\r\n<ol>\r\n<li>помогает организму эффективно справиться с процессами терморегуляции в условиях повышенной температуры. Безусловно, тепловой эффект парилки полезен для всего тела, но только не для теменной части головы. Воздействие жара на неприкрытую голову может возыметь досадные последствия. Уже непосредственно в парной человек может почувствовать слабость и головокружение, у него может начаться приступ тошноты, иногда возможна потеря сознания;</li>\r\n<li>сохраняет здоровье и привлекательный вид волос, предупреждая повреждение самого волоса по всей длине и луковицы;</li>\r\n<li>благодаря оригинальному дизайну формирует легкую непринужденную атмосферу &ndash; наиболее благоприятную во время оздоровительной процедуры.</li>\r\n</ol>\r\n<p>Натуральная шерсть, из которой изготавливают износостойкие фетровые шапки для бани &ndash; экологически благополучный, дышащий материал. Приобретение качественного банного головного убора гарантирует завсегдатаям парной отменное самочувствие, отличное настроение и максимальный физиологический комфорт.</p>\r\n<p>Выбирая красивые шапки в нашем интернет-магазине, помните: головной убор не обязательно должен быть по размеру, он может больше, главное &ndash; чтобы шапка покрывала всю голову и закрывала уши.&nbsp;</p>','0','0','','13','1449497161','0','1','','','','0','Фетровые шапки для бани в Москве с доставкой'),('16','Наборы','1','0','monthly','0','9','0','17','','Наборы войлок для бани по низкой цене. Наборы из войлока для сауны в Москве с доставкой по всей России. Наборы из войлока для бани в интернет-магазине «МинБа».','','Наборы из войлока для бани и сауны в Москве.','','0','<p>Представляем вашему вниманию наборы из войлока для бани и сауны. Войлок с давних времен используется в качестве материала для изготовления банных аксессуаров. Этот материал на 100% натурален, имеет низкую теплопроводность, благодаря чему обеспечивает отличную защиту от перегрева и помогает получить максимум удовольствия и пользы от посещения бани.</p>\r\n<p>Если вы собрались как следует попариться в бане или расслабиться в сауне, делайте это правильно! А помогут вам в этом войлочные наборы от магазина \"Министерство бани и отдыха&raquo; В стандартный набор входит три предмета:</p>\r\n<ul>\r\n<li>шапка для бани с вышивкой;</li>\r\n<li>коврик;</li>\r\n<li>рукавица.</li>\r\n</ul>\r\n<p><b>Шапка для бани.</b>&nbsp;Оберегает вашу голову, а вместе с ней и все тело, от перегрева и теплового удара, а волосы &ndash; от пересыхания. Самый простой и удобный вариант &ndash; это шапка-колокольчик. Она легко надевается, не давит, защищает не только волосы на голове, но и брови. Конечно, если вы любитель оригинального дизайна, можно найти и более вычурную модель шапки. Однако помните, главное для такого аксессуара &ndash; это удобство, высокие защитные свойства и стопроцентная экологичность. В парной вас, да и всех окружающих, очень быстро перестанет волновать вопрос о том, насколько стильно и эффектно сидит на вас шапка. А вот если она будет давить или, того хуже, будет выполнена из некачественного или ненатурального материала, вы наверняка пожалеете о том, что ее надели.</p>\r\n<p><b>Коврик</b>. Без этого аксессуара в сауне, бане или хамаме не обойтись сразу по двум причинам. Во-первых, полок или сидения в парной сильно нагреваются и садиться на них без какой-либо надежной &laquo;прослойки&raquo; между вами и поверхностью просто небезопасно. Во-вторых, баня и сауна &ndash; это места, где отдыхаете не только вы, поэтому из гигиенических соображений не стоит пренебрегать ковриком.</p>\r\n<p><b>Рукавица</b>. В ней можно смело браться за нагретую кадку с водой и другие предметы в парной. Кроме того, рукавица имеет потрясающий массажный и скрабирующий эффект.</p>\r\n<p>Отдыхайте с удовольствием!</p>\r\n<p>&nbsp;&nbsp;&nbsp;&nbsp;&nbsp;&nbsp;&nbsp;&nbsp;&nbsp;</p>\r\n<p>&nbsp;</p>','0','0','','16','1449497190','0','1','','','','0','Наборы из войлока для бани по низким ценам'),('17','Коврики','1','0','monthly','0','9','0','17','','Коврик для бани в торговом доме «МинБа». Купить коврик для бани и сауны в Москве с доставкой. Коврики для бани по доступным цена онлайн.','','Коврики для бани по низким ценам в Москве.','','0','<p>Коврики для бани и сауны позволяют легко решить проблему перегретых лавок, а также создают уютный, комфортный интерьер помещения, дополняя &laquo;банный&raquo; стиль. У нас вы можете купить коврики для бани по самым выгодным ценам в широком ассортименте.</p>\r\n<p>Коврики для бани изготавливаются из натурального войлока, который служит отличной термоизоляцией и защищает от ожогов. Зачастую любители парилки берут с собой полотенца или простыни, однако ткань быстро теряет теплоизоляционные свойства, особенно если она намокнет. Коврик, в свою очередь, сохраняет защитные свойства долго и стабильно, потому, сидя на нем, вы никогда не получите ожогов от перегретой в сауне мебели.</p>\r\n<p>Кроме того, эти изделия делают банные процедуры более комфортными и приятными, а также гигиеничными, так как войлок препятствует распространению вредоносных микроорганизмов (бактерий, грибков). Сидя на индивидуальном мягком коврике, вы ощутите неповторимый комфорт и сможете в полной мере насладиться баней или сауной.</p>\r\n<p>Магазин \"Министерство бани и отдыха&raquo; предлагает высококачественные коврики из натуральных материалов по самым доступным ценам, потому, покупая у нас, вы приобретаете надежную и долговечную вещь, которая скрасит многочисленные походы в баню.</p>','0','0','','17','1449588736','0','1','','','','0','Коврики для бани и сауны с доставкой'),('18','Рукавички','1','0','monthly','0','9','0','17','','Купить рукавицы для бани в торговом доме «МинБа». Рукавицы для бани в Москве с доставкой по всей России. Рукавицы для сауны – цены порадуют всегда.','','Рукавицы для бани и сауны в Москве с доставкой.','','0','<p>Как мы обычно собираемся в баню? Неопытный парильщик возьмет с собой веник и тапочки и будет доволен. Другое дело - сборы бывалого ценителя парной. Здесь тебе и веник, и душистые травки, тапочки, шапочка, чтобы голову не напекло, и обязательно рукавички &ndash; без них никак.</p>\r\n<p>Банные процедуры доставляют массу удовольствия и приносят здоровье, но только в случае, если в их процессе соблюдаются меры безопасности. Рукавицы не просто красивый аксессуар для бани, но и необходимое средство защиты от ожогов горячим воздухом. Любителям парить друг друга веником или поддавать жару, выливая воду на раскаленные камни, без него совершенно не обойтись.</p>\r\n<p>Рукавицы для бани и сауны, представленные в нашем интернет-магазине, изготовлены из войлока. Этот натуральный материал с высокими термозащитными и антибактериальными свойствами идеально подходит для изготовления банных принадлежностей .</p>\r\n<p>У нас вы можете приобрести практичные рукавицы, которые обеспечат безопасность и гигиеничность банных процедур. Также вы убедитесь, что практичные вещи могут иметь привлекательный вид.</p>\r\n<p>Кроме рукавиц мы рады предложить вам полный ассортимент принадлежностей на все случаи &laquo;банной&raquo; жизни. Собираетесь в баню - зайдите сначала к нам.</p>','0','0','','18','1449497352','0','1','','','','0','Рукавицы для бани и сауны по доступным ценам'),('19','Тапочки','1','0','monthly','0','9','3','17','','','','','','0','','0','0','','19','1449503698','0','1','','','','0','Тапочки для бани из войлока по низким ценам'),('20','Мужские','1','0','monthly','0','19','0','17','','','','','','0','<p>Каждый любитель парилки знает, что в баню нужно ходить с заранее собранным банным комплектом, в который обязательно входят тапочки. Даже в своей личной сауне без них ни как не обойтись, а уж в общественной бане &ndash; и подавно. Приобрести банные тапочки и прочие аксессуары можно в интернет-магазине \"Министерство бани и отдыха&raquo;, который торгует предметами для бани, сауны и хаммама.</p>\r\n<p><b><u>Почему нельзя в бане без тапочек</u></b><u>?</u></p>\r\n<ol start=\"1\">\r\n<li>Редко какому мужчине понравиться ощущать босыми ногами скользкий мокрый пол. К тому же это травмоопасно, ведь полы в банях почти всегда сделаны из кафеля. Подошва банных тапочек создаст сцепление с полом, и предотвратит скольжение.</li>\r\n<li>Радость от посещения парной напрочь испарится, если вы там заразитесь грибковым заболеванием. Банные тапочки &ndash; ваша надежная защита от различных инфекций.</li>\r\n</ol>\r\n<h2><b>Как правильно выбрать банные тапочки?</b></h2>\r\n<p>Качественная обувь должна соответствовать следующим требованиям:</p>\r\n<ol start=\"1\">\r\n<li>Не должны скользить по кафелю и сваливаться при ходьбе с ног. Лучше покупать с рифленой подошвой.</li>\r\n<li>Плохо, если тапочки сильно впитывают воду с пола &ndash; она, по определению не может быть чистой.</li>\r\n<li>Самые лучшие мужские банные тапочки &ndash; войлочные. Они не нагреваются, не коробятся от жара, приятны в носке, и их легко стирать.</li>\r\n</ol>\r\n<h2></h2>\r\n<p>&nbsp;</p>','0','0','','20','1449506887','0','1','','','','0',''),('21','Женские','1','0','monthly','0','19','0','17','','Женские тапочки для бани из войлока в интернет-магазине «МинБа». Женские тапки для бани по лучшим ценам.  Женские тапочки в баню в Москве с доставкой по всей России. \r\n\r\n','','Женские тапки для бани из войлока по хорошим ценам. ','','0','<p>Магазин \"Министерство бани и отдыха&raquo; представляет вашему вниманию удобные и практичные женские тапки для бани, сауны и хамама. Благодаря этому аксессуару посещение парной будет для вас безопасным и комфортным.</p>\r\n<p>Собрались ли вы в парную, хамам или финскую сауну в элитном спа-центре, женские тапки для бани &ndash; обязательный аксессуар при посещении любого из этих мест. Причем тапочки пригодятся вам не только в общественной бане, но и в собственной, ведь скользкий пол и перепады температуры будут и там.</p>\r\n<p>Специальная обувь поможет вам:</p>\r\n<ul>\r\n<li>избежать простуды из-за разницы в температуре пола в самой парилке и других помещениях бани;</li>\r\n<li>уберечь ступни от ожогов в парной;</li>\r\n<li>защитить себя от грибковых и прочих &laquo;банных&raquo; инфекций;</li>\r\n<li>удержаться на ногах даже на мокром и скользком кафельном полу &ndash; подошва хороших банных тапок изготовляется из резины с анти скользящим эффектом.</li>\r\n</ul>\r\n<h2>Выбираем тапки для бани</h2>\r\n<p>Среди ассортимента нашего интернет-магазина резиновые и махровые аксессуары. Какие из них лучше выбрать? Безусловно, вы можете руководствоваться личными предпочтениями к тому или иному материалу при выборе тапок. Однако мы рекомендуем покупать банную обувь в соответствии с типом заведения, которое вы планируете посещать.</p>\r\n<p>В русской бане и хамаме повышенная влажность. А это значит, что лучшим выбором будут не впитывающие воду резиновые тапки, особенно, если после парной вы любите поплескаться в бассейне или облиться холодной водой из бочки. Для финской сауны и комплексного спа-центра, посещение которого имеет главной целью качественное и глубокое расслабление, отлично подойдут мягкие махровые тапки с анти скользящей подошвой.</p>\r\n<p>На страницах нашего интернет-магазина представлены не только женские тапки, но и банные аксессуары для всей семьи.</p>\r\n<p>Отдыхайте безопасно и с удовольствием! &nbsp;</p>\r\n<p>&nbsp;</p>','0','0','','21','1449505326','0','1','','','','0',''),('22','Детские','1','0','monthly','0','19','0','17','','Детские тапочки для бани из войлока в магазине «МинБа». Детские тапки для бани по лучшим ценам.  Тапки для детей в баню с доставкой по всей России. ','','Детские тапки для бани из войлока в Москве. ','','0','<p>Магазин \"Министерство бани и отдыха&raquo; представляет ассортимент детских тапочек для бани, необходимых для посещения парной. Этот полезный аксессуар помогает защитить ножки от грибковых инфекций, температурных перепадов и обеспечивает безопасность ребенку во время пребывания в бане.</p>\r\n<h2>Безопасность превыше всего!</h2>\r\n<p>Баня в нашей стране традиционно ассоциируется с крепким здоровьем и&nbsp; долголетием. Поэтому не удивительно, что многие заботливые родители приобщают к ней своих детей. Однако безопасность в бане, где есть риск поскользнуться, упасть или ошпариться, превыше всего!</p>\r\n<p>Чтобы ножки вашего ребенка, а вместе с ними и он сам, были в целости, собираясь в парную обязательно положите в сумку детские тапки для бани. Вот основные опасности, от которых простые и удобные тапочки уберегут вашего малыша:</p>\r\n<ul>\r\n<li>грибковые и другие инфекции;</li>\r\n<li>травмы, связанные со скольжением по мокрому полу;</li>\r\n<li>риск ошпариться о горячий пол в парной;</li>\r\n<li>риск заболеть от перепада температур пола в парной и предбаннике.</li>\r\n</ul>\r\n<p>Помимо защитных функций детские тапочки помогают получить максимальную пользу от посещения бани. Резиновые шлепанцы, к примеру, имеют массажный эффект и способствуют стимуляции кровообращения в стопах. А войлочные тапки на прорезиненной подошве обеспечат хорошую циркуляцию воздуха и будут способствовать глубинному расслаблению мышц.</p>\r\n<h2>Тапки тапкам рознь</h2>\r\n<p>Казалось бы, зачем нужны тапки для бани? Почему бы не взять обычные шлепанцы, в которых ребенок бегает по улице? Потому, что тапки в бане должны защищать ноги, а не вредить здоровью. Банная обувь не должна впитывать воду и деформироваться под воздействием высокой температуры и пара.</p>\r\n<p>Изготовлены тапки должны быть из материала, который плотно прилегает к коже, но при этом не натирает и не вызывает раздражения. И, наконец, подошва хорошей банной обуви производится из материала, который обеспечивает прочное сцепление с полом вне зависимости от температуры, что позволяет сохранять устойчивость даже на мокром скользком полу.</p>\r\n<p>На страницах нашего интернет-магазина вы найдете качественные тапки для бани для всей семьи.&nbsp;</p>\r\n<p>&nbsp;</p>','0','0','','22','1449505472','0','1','','','','0',''),('23','Текстиль','1','0','monthly','0','0','4','17','','Вафельный халат для бани, простыни и полотенца для бани по доступным ценам. Текстиль для сауны и бани в интернет-магазине «МинБа». Купить недорогой махровый халат для сауны в Москве. Мужской льняной халат для бани и женские парео.','','Текстиль для сауны и бани, купить вафельные халаты для бани в Москве.','','0','<p>В баню ходят в одиночестве и в компании, с хорошо знакомыми, почти незнакомыми и с теми, с кем хочется познакомиться поближе. При любых обстоятельствах от бани ожидают чего-то большего, чем просто помывочных процедур: она должна дарить расслабляющую негу, комфорт для тела и духа. Есть множество бесценных мелочей, которые привносят в баню уют и служат источником удовольствия. Текстиль для бани &ndash; один из них.</p>\r\n<p>Мы предлагаем своим посетителям подготовиться к сауне получше, ведь время, потраченное на себя - бесценно, и здесь не может быть мелочей. Махровые и вафельные халаты для бани и сапуны из нашего ассортимента так приятно ложатся к телу, так хорошо защищают от жары, сквозняков и влаги, что опробовав их однажды, вы уже никогда не забудете взять их в баню вновь.</p>\r\n<p>Не меньшее внимание мы уделили и заботе об эстетике. В магазине &laquo;МинБа&raquo; вы можете купить вафельные халаты для бани, полотенца и простыни, которые избавят вас от волнений о привлекательности своего внешнего вида. Видеть в зеркале отражение себя и оставаться довольным увиденным &ndash; удовольствие, от которого трудно отказаться.</p>\r\n<p>Высококачественный банный текстиль предохраняет от перепадов температуры, впитывает излишнюю влагу и тем самым дарит комфорт, и что очень важно - защищает от неприятностей в виде ожогов, простуд и грибковых инфекций.</p>\r\n<p>К счастью, времена, когда поход в магазин отнимал силы и время, уходят в прошлое. Сейчас лучший способ &nbsp;купить текстиль для сауны и бани - интернет магазин. Магазин \"Министерство бани и отдыха&raquo; &nbsp;&ndash; это богатство выбора, помноженное на простоту совершении онлайн покупок и быстроту доставки. У нас вы всегда можете купить недорогой махровый халат для сауны, простыни, полотенца и прочие виды банных принадлежностей.</p>\r\n<p>&nbsp;</p>','0','0','','23','1449497390','0','1','','','','0','Купить вафельные халаты для бани и другой текстиль по доступным ценам'),('24','Для мужчин','1','0','monthly','0','23','0','17','','Мужской халат для бани в торговом доме «МинБа». Купить мужской халат для бани в Москве с доставкой по всей России. Мужской халат для сауны вафельный и классический по низким ценам.','','Мужской халат для бани и сауны в Москве с доставкой.','','0','<p>Многие мужчины любят посещать баню и сауну. Чтобы процедура была максимально комфортной и дарила только положительные эмоции, необходимо иметь удобную одежду.&nbsp;Мужской халат для бани&nbsp;является прекрасным атрибутом, помогающим максимально комфортно себя чувствовать в кругу друзей и в полной мере насладиться процедурой.</p>\r\n<p>Один из популярных вариантом &ndash; халаты, сшитые из вафельного полотна. Данное полотно получило такое название благодаря своей клетчатой фактуре. Вафельный&nbsp;мужской халат для сауны&nbsp;и бани &ndash; отличный вариант, особенно для теплого времени года. Он отличается легкостью, практичностью и гигиеничностью. При этом, его можно носить не только в бане, но и дома. Важно, что материал не раздражает тело, не вызывает аллергических реакций.</p>\r\n<p>Важная деталь любого банного халата &ndash; отсутствие пуговиц. Вместо них вшивается мягкий пояс, который позволяет быстро спрятать распаренное тело в материю. При этом, предлагаются модели с воротником, капюшоном. Тогда можно будет находиться на сквозняке или даже пробежаться до проруби, либо нырнуть в снег, что любят делать настоящие банщики. Кстати, для зимнего периода можно приобрести махровый халат. Он способен более длительное время сохранять тепло.</p>\r\n<p>Что касается расцветки и длины халата, то они соответствуют предпочтениям каждого человека. Кто-то хочет иметь более удлиненный вариант с ярким окрасом, а кому-то нравится легкий небольшой халат неброских тонов.</p>\r\n<p>Естественно, что лучше всего приобретать продукцию, выполненную из натуральных тканей. Часто выбирается хлопок или лен. Именно эти материалы прекрасно сохраняют тепло, впитывают влагу. Поверхность тела буквально &laquo;дышит&raquo;. С мужскими халатами для бани и сауны пар бывает по-настоящему легким.</p>','0','0','','24','1449497485','0','1','','','','0','Мужской халат для бани и сауны по лучшим ценам'),('25','Для женщин','1','0','monthly','0','23','0','17','','Перео для бани в Москве с доставкой по всей России. Женский халат для бани по низким ценам. Купить парео и женские халаты можно в интернет-магазине «МинБа».','','Парео и женский халат для бани недорого онлайн.','','0','<p>Нужно купить&nbsp;женский халат для бани&nbsp;и сауны? Казалось бы, нет ничего проще! Однако богатый ассортимент моделей, цветов, материалов ставит прекрасных дам перед нелегким выбором. Ведь идеально хочется выглядеть всегда, и при посещении бани и хамама тоже! Магазин \"Министерство бани и отдыха&raquo; &mdash; это настоящая находка для тех, кто не представляет своей жизни без хорошего пара, ароматного веника и задушевных разговоров в парильной! Мы предлагаем вам приобрести чудесные женские халаты и парео для прекрасного отдыха в бане или сауне.</p>\r\n<p>На страницах нашего интернет-магазина милые дамы смогут приобрести классические махровые и вафельные халаты.</p>\r\n<ul>\r\n<li>Махровый халат &mdash; один из самых популярных видов одежды для бани. И в этом нет ничего удивительного, ведь такая одежда способна создавать уют и тепло. Банный халат из махры великолепно стирается, не требует особых условий в уходе, а также способен в считанные секунды впитывать излишнюю влагу. Одежда считается долговечной, поэтому многие дамы приобретают себе именно махровые халаты для регулярных походов в баню и сауну.</li>\r\n<li>Вафельный халат &mdash; это отличная альтернатива традиционному махровому халату. Вафельные халаты не линяют, легко стираются и гладятся, а также отлично впитывают влагу. В них комфортно находиться даже в помещении с высокой температурой. Вафельные халаты очень любят дамы с выдающимися формами, так как подобная одежда делает их фигуру заметно стройнее, визуально удлиняя силуэт.</li>\r\n</ul>\r\n<h2>Парео для бани</h2>\r\n<p>Парео &mdash; это замечательная альтернатива традиционной простыни для бани. Многие предпочитают именно эту одежду для бани, так как парео совершенно точно не спадет с тела в самый неловкий момент, ибо крепится на теле при помощи резинок или липучек. В нашем ассортименте представлены парео двух видов:</p>\r\n<ul>\r\n<li>махровое парео &mdash; это отличный вариант для посещения бани. Парео из махры прекрасно заменит обычную простыню, также можно использовать такую вещь в качестве подстилки и затем, как полотенце. Многофункциональное парео легко стирается, гладится, отличается изысканным внешним видом;</li>\r\n<li>вафельное парео &mdash; это более бюджетный вариант, нежели махровое парео. Однако такая модель просто идеально впитывает влагу. Парео безупречно носится и легко стирается.</li>\r\n</ul>\r\n<p>Удобная, стильная и просто умопомрачительная одежда для бани, несомненно, порадует всех прекрасных девушек без исключения. Магазин \"Министерство бани и отдыха&raquo; позаботится о вашем комфорте и уюте!</p>\r\n<p>&nbsp;</p>\r\n<p>&nbsp;</p>','0','0','','25','1449497548','0','1','','','','0','Женские халаты и парео для бани в Москве с доставкой'),('26','Простыни','1','0','monthly','0','23','0','17','','Простыни для бани и сауны в Москве с доставкой по всей России. Широкий выбор простыней для сауны и хамам. Купить простыни для бани в интернет-магазине «МинБа». Вафельные простыни для бани можно купить онлайн.','','Купить простыни для бани и сауны в интернет-магазине «МинБа».','','0','<p>Посещение бани &mdash; это не только старая русская традиция, но и настоящая церемония, таинство &laquo;омовения&raquo;. Чтобы все прошло без сучка и задоринки, необходимо соблюдать гармонию каждого элемента! Поэтому опытные банщики с таким трепетом готовят все аксессуары для баньки. Это относиться и к выбору простыни.</p>\r\n<p>Купить простыни для бани и сауны&nbsp;&mdash; это полдела, а вот выбрать действительно стоящую вещь не так то просто. Ведь изделие должно создавать ощущение комфорта даже при высоких температурах.</p>\r\n<p>Вафельная&nbsp;простыня для сауны&nbsp;и бани идеально подойдет для отдыха и расслабления. Выполненная из натурального хлопка, такая простыня имеет ряд несомненных преимуществ:</p>\r\n<ul>\r\n<li>вафельное полотно обеспечивает массажный эффект, при этом нежно и деликатно прикасаясь к распаренной коже. Такая простыня не только идеально впитывает пот и излишнюю влагу, но и оставляет ощущение свежести и чистоты;</li>\r\n<li>простыня великолепно стирается и сушится, поэтому вы сможете брать ее с собой в баню и сауну на протяжении долгих лет. Вещь сохраняет свой первозданный вид и все свойства даже после многократных стирок;</li>\r\n<li>вафельное полотно надежно предохранит парильщика от контакта с горячей полкой. Несомненно, ее можно постелить на полок или завернуться в простыню после посещения бани или сауны;</li>\r\n<li>с помощью вафельной простыни опытный банщик с легкостью сделает вам настоящий массаж!</li>\r\n</ul>\r\n<p>Комфорт и польза от посещения бани и сауны складывается из отдельных элементов, одним из которых является правильный выбор простыни.</p>\r\n<p>Купить простынь для бани&nbsp;и сауны и ощутить неземное блаженство от посещения парных вы сможете в магазине \"Министерство бани и отдыха&raquo;</p>\r\n<p>&nbsp;</p>\r\n<p>&nbsp;</p>','0','0','','26','1449497583','0','1','','','','0','Купить простыни для бани и сауны по лучшим ценам онлайн'),('27','Полотенца','1','0','monthly','0','23','0','17','','Турецкие полотенца для хамам и сауны в интернет-магазине «МинБа».  Вафельные полотенца для бани для мужчин и женщин по доступным ценам. Купить полотенце для бани онлайн в Москве.','','Вафельные полотенца для бани и хамам в торговом доме «МинБа».','','0','<p>Полотенце для сауны&nbsp;и бани &ndash; незаменимый аксессуар, который позволяет обеспечить максимум комфорта во время всех банных процедур. Изделие находит самые различные применения в парилке: им удобно оборачиваться, его можно использовать в качестве мягкой подстилки, а также можно растереться.</p>\r\n<p>Выбирая махровые или&nbsp;вафельные полотенца для бани, следует подбирать изделия, которые отличают следующим требованиям:</p>\r\n<ul>\r\n<li>Ткань хорошо впитывает влагу, обеспечивая быстрое удаление влаги с поверхности кожи</li>\r\n<li>Полотенце для сауны<b>&nbsp;</b>должно быть прочным и надежным, так как подвергается достаточно интенсивной эксплуатации</li>\r\n<li>Поверхность полотенца должна быть приятной наощупь и не вызывать раздражения. В этом плате отдельно следует выделить&nbsp;турецкие полотенца<b> </b>для хамама, которые наощупь напоминают мягкий бабушкин плед, - очень уютные и нежные.</li>\r\n<li>Необходимо применять только полотенца из натуральных материалов, так как синтетика не выдержит высоких температур парилки.</li>\r\n<li>Ткань должна быстро сохнуть, чтобы не было ощущения неприятной сырости и влажности изделия.</li>\r\n</ul>\r\n<p>Кроме того, не стоит забывать об эстетике: полотенца представлены в широком ассортименте, выдержаны в различных цветовых гаммах, некоторые &ndash; спокойные и сдержанные, классические, некоторые же &ndash; весёлых и ярких цветов. Следует подбирать те, которые больше подходят вам по духу и по стилю самой сауны.</p>\r\n<p>В ассортименте магазина \"Министерство бани и отдыха&raquo; представлен широкий выбор полотенец для бани. Вся продукция изготовлена из высококачественных натуральных материалов, которые приятны наощупь и гипоалергенны, а потому станут надежными спутниками в ваших банных процедурах.</p>\r\n<p>&nbsp;</p>\r\n<p>&nbsp;</p>','0','0','','27','1449128207','0','1','','','','0',''),('28','Ёмкости для воды','1','0','monthly','0','0','5','17','','Емкость под холодную воду в бане из нержавейки. Емкости для воды в бане: запарники, шайки, тазы, ковши, кружки и обливные устройства. Купить емкости под воду для бани с доставкой по всей России. ','','Емкости для воды в бане: запарники, шайки, ковши и кружки недорого.','','0','<p>Баня &ndash; место, где вода играет одну из ключевых ролей. А потому так важно правильно подобрать емкости, чтобы использовать ее для различных целей с максимальным эффектом. Магазин \"Министерство бани и отдыха&raquo; предлагает широкий ассортимент емкостей для воды, обливных устройств, ковшей, запарников, тазов, шаек, кружек и чайников.</p>\r\n<p>Один из обязательных компонентов любой парной &ndash; емкость для нагрева воды в бане. С этой целью обычно используется металлический бак, связанный с печью при помощи труб-теплообменников. Благодаря такому устройству в &laquo;работающей&raquo; бане поддерживается нужна влажность и температура.</p>\r\n<p>Помимо баков в парной есть и другие более портативные, но не менее нужные емкости, которые можно приобрести в нашем интернет-магазине.</p>\r\n<p><b>Запарники</b>. Специальные емкости, внутрь которых помещаю банные веники перед непосредственным использованием и заливают их водой. Могут быть как с крышкой, так и без.</p>\r\n<p><b>Тазы и шайки</b>. Универсальные емкость. Их можно использовать для мытья в самой парилке и для воды, которую льют на камни. Также в таз можно перекладывать веники из запарника. Это особенно удобно, если вы планируете использовать несколько веников за время посещения бани. &nbsp;&nbsp;</p>\r\n<p><b>Ковш</b>. Куда в бане без ковша? Он нужен и для того, чтобы плеснуть воду на камни и для того, чтобы облить тело.</p>\r\n<p><b>Обливные устройства</b>. В традиционной бане без них не обойтись! Обливное устройство называют еще &laquo;русским душем&raquo;. Внешне оно похоже на деревянную бочку или большой ведро, которое крепится к стене или потолку. Технология устройства очень проста: как следует прогревшись в парной, вы становитесь под него и окатываете себя с ног до головы холодной водой. Ощущения ни с чем не сравнимые! &nbsp;&nbsp;</p>\r\n<p><b>Чайники и чашки</b>. Баня без травяного чая &ndash; как невеста без букета. А для чаев и полезных травяных сборов необходимы уютные чашечки и чайники.</p>\r\n<p>Наконец, еще один резервуар, о котором стоит упомянуть &ndash; это емкость под холодную воду в баню. Обычно для этих целей, так же, как и в случае с горячей водой, используется бак. Для локального переноса воды можно применять тазы, шайки и черпаки. &nbsp;&nbsp;&nbsp;&nbsp;&nbsp;</p>\r\n<p>&nbsp;</p>','0','0','','28','1449497642','0','1','','','','0','Купить емкости для воды в баню недорого в Москве'),('29','Запарники','1','0','monthly','0','28','0','17','','Запарник для бани с крышкой и без крышки недорого. Купить запарник для бани с крышкой в Москве с доставкой. Запарники для бани в интернет-магазине «МинБа».','','Купить запарник для бани с крышкой в магазине «МинБа».','','0','<p>Какая традиционная баня может быть без душистого веника и целебных трав? Однако веник перед использованием необходимо соответствующим образом подготовить, а именно, хорошенько запарить, да и фитосмесь сама собой аромат не раскроет. Для этих целей магазин \"Министерство бани и отдыха&raquo; предлагает вам отличный выбор банных запарников различного объема.</p>\r\n<p>В запарке не нуждается только свежий веник. Однако в современных городских условиях найти такой практически невозможно. Поэтому перейдем сразу к делу, а именно к тому, как лучше подобрать запарники для бани.</p>\r\n<p>Прежде всего, эта емкость должна быть изготовлена из дерева. Максимум искусственных материалов, допустимых в запарнике &ndash; это вкладка внутри из пластика или нержавеющей стали. Вкладки помогают дольше удерживать тепло и защищают изделие от механических повреждений. А для заваривания фитосмесей такие модели &ndash; это оптимальный вариант.</p>\r\n<p>Выбирайте запарник для бани с крышкой &ndash; в нем ароматы растений, веточек и трав раскроются наилучшим образом. Имеет также значение, из какой породы дерева изготовлен запарник, поскольку далеко не всякая древесина обладает целебными и полезными свойствами. Лучше отдавать предпочтения изделиям из кедра, дуба, липы, сосны или лиственницы, соответствующим образом обработанных. &nbsp;&nbsp;&nbsp;</p>\r\n<p>И, наконец, объем запарника. Если вы планируете использовать его только для фитосмесей или, скажем, одного веника, то лучше купить запарник для бани небольшого объема &ndash; 10-12 литров. В просторной парной, где любят попариться с вениками, нужна большая емкость литров на 30 или несколько поменьше (15-18 литров). &nbsp;</p>\r\n<p>Помимо запарников рекомендуем обратить внимание на широкий выбор других емкостей для бани от магазина \"Министерство бани и отдыха&raquo;: шайки и тазы, чашки и чайники и т.д.</p>\r\n<p>Отдыхайте с комфортом! &nbsp;&nbsp;&nbsp;</p>\r\n<p>&nbsp;</p>','0','0','','29','1449497682','0','1','','','','0','Запарник для бани недорого в Москве'),('30','Шайки и тазы','1','0','monthly','0','28','0','17','','Шайки для бани недорого. Купить тазы для бани в Москве с доставкой. Шайки и тазы для бани в интернет-магазине «Министерство бани и отдыха».\r\n','','Шайки и тазы для бани в магазине «МинБа».','','0','<p>Удивительно как обстановка меняет вещи. Шайка - в быту это просто тазик, но в сауне шайка для бани &ndash; это уже незаменимый аксессуар. Где запарить веники? Где растворить ароматические масла и травы? Из чего, в конце концов, окатить холодной водой приятеля? Без шайки в бане никак не обойтись.</p>\r\n<p>Нести в украшенную деревом и металлом, облицованную камнем баню пластмассовый таз &ndash; кощунство. Банные процедуры это вам не просто помывочная. Здесь мы собираемся для отдыха и омовения не только тела, но и души. Эстетически привлекательные, выполненные в едином с интерьером стиле тазы для бани &ndash; обязательный элемент сауны по-русски.</p>\r\n<p>В нашем магазине вы можете купить шайки для бани на любой вкус. Мы предлагаем и классические, и вкладные тазы. В форме деревянных полубочонков и металлические - медные красавцы. Вкладные модели по обыкновению стоят дороже, но эта разница цены очень скоро себя оправдает. Изюминка такой конструкции в том, что вода наливается в специальную емкость и не контактирует с деревянной облицовкой таза. Эти шайки служат дольше обыкновенных.</p>\r\n<p>Разнообразие используемых материалов &ndash; это и дуб, и кедр, и листвиница &ndash; позволит подобрать модель шайки, которая без труда подружится с дизайном вашей бани. Все деревянные изделия из нашего каталога изготовлены только из натурального материала. Никакого испаряющегося клея и красителя &ndash; только здоровый &laquo;дух&raquo; дерева и непередаваемое очарование классического бондарного изделия.</p>\r\n<p>&nbsp;</p>','0','0','','30','1449497706','0','1','','','','0','Обливное ведро для бани, шайки и ушат для бани в Москве'),('31','Ковши','1','0','monthly','0','28','0','17','','Медный ковш для бани недорого с доставкой. Деревянный ковш для бани в торговом доме «МинБа». Купить ковш для бани с доставкой по всей России.','','Купить ковш для бани недорого в Москве.','','0','<p>Зачем мы ходим в баню? За здоровьем и отдыхом, за приятной дружеской компанией, весельем и трапезой, и, конечно же, за паром &nbsp;- легким, лечебным и расслабляющим. Что чаще всего можно услышать в парной? &nbsp;&laquo;Поддай парку!&raquo;. Но не ладошками же камни обливать. Поэтому ковш для бани &ndash; это не мелочь, а первоочередная надобность.</p>\r\n<p>Банный черпак &ndash; это то самое устройство, которым мы все подаем пар в парилке. Маленький ковшик (обычно 0.3 л.) с короткой ручкой. В магазине \"Министерство бани и отдыха&raquo; вы можете приобрести черпаки любых видов, но лучше запаситесь ими в большом количестве, так как людей в бане обычно много, да и сами ковшики &laquo;любят&raquo; теряться в укромных местах. Выбирая черпак, отдавайте предпочтение изделиям с липовой или дубовой ручкой, так вы убережете руки своих гостей от ожога.</p>\r\n<p>Деревянный ковш для бани &ndash; это приспособление используется для набора воды в шайку или для обливания. Воды в бани много не бывает и ковшей тоже. Не стоит экономить, приобретая пластиковые или металлические изделия, - обожженные руки и расплавившееся ковши выйдут вам дороже.</p>\r\n<p>При выборе ковшей и черпаков в первую очередь внимание обращайте на &nbsp;длину ручки. Длина ручки черпака зависит от конфигурации парной. Если угли не закрыты заслонкой, то ручка должна быть длинной, чтобы не обжечься паром. Если угли закрыты, можно использовать черпак с короткой рукояткой (он удобнее).</p>\r\n<p>Все бондарные изделия из нашего каталога &ndash; это 100% древесина. Никаких вредных испарений и искореженных от влаги и жара ковшей!</p>\r\n<p>&nbsp;</p>','0','0','','31','1449497723','0','1','','','','0','Деревянный и медный ковш для бани по лучшим ценам'),('32','Кружки','1','0','monthly','0','28','0','17','','Кружки для бани в Москве. Деревянные кружки для бани в интернет-магазине «МинБа». Кружки для бани в нашем магазине онлайн.','','Деревянные кружки для бани по доступным ценам.','','0','<p>Пятничный вечер в бане редко когда заканчивается простым мытьем и парной. Как же обойтись без компании друзей и веселого застолья. В баню можно ходить цивилизовано, по-семейному, а можно и наоборот. Но независимо от того что предпочитаете наливать вы и ваши друзья: квас или пиво, кружки вам понадобятся в любом случае.</p>\r\n<p>Магазин \"Министерство бани и отдыха&raquo; - это место, где любители парной независимо от кошелька, возраста и пола смогут найти все необходимое, чтобы сделать отдых в бане незабываемым. Отдельный раздел нашего каталога заняли кружки для бани.</p>\r\n<p>Зачем для бани отдельная кружка? Можно же из простой попить. А зачем на Новый Год елка?..</p>\r\n<p>Для особого случая иметь своей особенный аксессуар &ndash; это значит обзавестись не просто вещью, а символом. Символом бани, приятной дружеской обстановки, легкого целебного пара и веселья. Кстати, если вы думаете, что подарить любителю по выходным посидеть в парной, учтите: кружка для бани будет отличным подарком, если подойти к ее выбору с душой.</p>\r\n<p>У нас вы найдете керамические и деревянные кружки для бани. Банная тематика накладывает свой отпечаток, и кружки для бани обычно изготавливают либо точеными (словно выточенными из камня в виде бочки или другого сосуда), либо бондарные (стилизованные под бочку с гранями и имитацией металлических обручей).</p>','0','0','','32','1449497741','0','1','','','','0','Кружки для бани в Москве с доставкой'),('33','Обливные устройства','1','0','monthly','0','28','0','17','','Обливное устройство для бани  Москве. Купить обливное устройство для бани – цены всегда ниже. Обливное устройство для сауны с доставкой по России.','','Купить обливное устройство для бани в Москве по низким ценам.','','0','<p>Какие разные бывают бани&hellip; Кто-то любит нежиться в облаках пара, а кого-то хлебом не корми, дай посидеть в бочке с водой. Но русская баня особенная. Жар и стужа &ndash; основа традиционной бани на Руси. Вышел из парной - нырнул в купель, прыгнул в снег или облился холодной водицей. Такой контрастный &laquo;душ&raquo; дарит здоровье, заряжает эмоциями, освежает тело и дух.</p>\r\n<p>Обливное устройство для бани &ndash; это аксессуар тройного назначения. Во-первых, холодный душ - отличный способ скинуть стресс и освежить себя для длительного и интенсивного веселья. Во-вторых, контрастное обливание &ndash; источник здоровья, оно закаляет и укрепляет организм. В-третьих, обливное устройство &ndash; это элемент декоративного убранства сауны, его эстетическое влияние трудно переоценить. У нас вы можете купить обливное устройство для бани, которое не просто впишется в интерьер, а станет одним из его ярких акцентов.</p>\r\n<p>Магазин \"Министерство бани и отдыха&raquo; предлагает своим гостям приобрести все виды банных аксессуаров, включая обливные устройства, которым посвящен отдельный раздел. Кедровые, липовые, дубовые&hellip; Изобилие материалов и способов обработки отделки позволят вам подобрать обливное устройство под любой антураж. Для бань, выполненных в &laquo;стальном мужском&raquo; стиле, наполненном коваными предметами мебели, отлично подойдут обливные устройства из металла.</p>\r\n<p>Чтобы гости вашей парной не думали не о чем кроме сладких часов удовольствия, все обливные системы оснащены автоматической подачей воды. Достаточно просто дернуть за веревочку и волна бодрящей водицы окатит с ног до головы, после чего ведро быстро наполнится вновь.</p>\r\n<p>Наш интернет магазин дарит вам возможность купить в Москве обливное устройство для бани всего в несколько кликов мыши и получить его в удобном для вас месте в кратчайшие сроки.</p>\r\n<p>&nbsp;</p>','0','0','','33','1449497762','0','1','','','','0','Обливное устройство для бани в Москве с доставкой'),('34','Ароматерапия и косметика','1','0','monthly','0','0','7','17','','Купить мыло и эфирные масла для бани с доставкой по России.  Ароматерапия и косметика для бани и сауны в Москве. Косметические средства для бани в торговом доме «МинБа».','','Ароматерапия и косметика для бани и сауны в Москве.','','0','<p>Издавна бани и сауны служили местом, где люди могли уделить время заботе о себе, своему здоровью и красоте. Вдохнуть полной грудью аромат чарующих и успокаивающих эфирных масел и трав - от такого удовольствия вряд ли кто откажется, а для представительниц прекрасной половины человечества баня &ndash; это отличная возможность уделить время своей красоте. Баня по объективным причинам &nbsp;- одно из лучших мест для ароматерапии и проведения косметологических процедур.</p>\r\n<p>Эфирные масла сопровождают сауны еще со времен древнего Рима. Обладая успокаивающим, противомикробным и согревающим эффектом, они умножают свое лечебное действие на пользу сухого жара и контрастного обливания русской бани. Чаще всего в парной используют масла герани, эвкалипта, пихты, лаванды и сандалового дерева.</p>\r\n<p>Массаж в бане &ndash; прекрасное средство расслабиться и восстановить силы. Используя специальные согревающие массажные масла с добавлением природных косметических средств, можно кого угодно отправить на седьмое небо от удовольствия. Расслабленное тело, как &laquo;рукой&raquo; снятый стресс и посвежевшая от экстракта трав и витаминов кожа &ndash; банный день точно удался.</p>\r\n<p>Мыло для бани обязано быть натуральным и лечебным. Драгоценные часы, посвященные самим себе, должны быть полностью наполнены пользой. Ароматизированное мыло причудливых раскрасок создаст атмосферу сказки. Приятные эмоции никогда не бывают лишними, а в такие моменты как прием банных процедур они должны заполнить вас без остатка. Не стоит забывать и о косметическом эффекте натуральных мыл с добавлением трав и эфирных масел. Баня &ndash; это то место, где между удовольствием и пользой не приходится делать выбор.</p>\r\n<p>Какие &nbsp;же СПА процедуры могут быть без скраба? В нашем торговом доме вы найдете скрабы для бани всевозможных видов: соленые, кофейные из фруктовых косточек. Использование скраба на разогретой и смягченной теплом и паром коже дают фантастический эффект.</p>\r\n<p>Ароматизаторы и испарители позволят вам насытить помещение сауны приятным расслабляющим ароматом и поддерживать оптимальный микроклимат регулирую уровень влажности.</p>\r\n<p>&nbsp;</p>','0','0','','34','1449497779','0','1','','','','0','Ароматерапия и косметика для бани, сауны и хамам недорого'),('35','Эфирные масла','1','0','monthly','0','34','0','17','','Купить эфирные масла для бани в Москве с доставкой по России. Эфирные масла для бани и сауны по лучшим ценам. Эфирные масла для бани в интернет-магазине «МинБа».','','Эфирные масла для бани и сауны недорого с доставкой.','','0','<p>Эфирные масла для бани&nbsp;&ndash; это уникальный способ придать каждому походу в парилку особые оттенки и тона, а также повысить позитивный эффект для здоровья организма. Ведь эфирное масло &ndash; это средство, которое оказывает на организм комплексное воздействие. Представленный у нас ассортимент эфирных масел позволяет точно подобрать средство для нужного эффекта.</p>\r\n<p>Эфирные масла для бани и сауны&nbsp;могут оказывать следующее воздействие на организм:</p>\r\n<ul>\r\n<li>Терапевтический эффект для различных органов и систем: от дыхательной до пищеварительной</li>\r\n<li>Снятие стресса и общее расслабление, восстановление физических и психических сил</li>\r\n<li>Улучшение состояния кожи, повышение упругости и эластичности</li>\r\n<li>Широкий спектр всевозможных психологических эффектов: релаксация, стимуляция, улучшение настроения и снятие депрессии, стимуляция сексуального влечения и раскрепощение, - эфирные масла могут творить настоящие чудеса.</li>\r\n</ul>\r\n<p>Особенно эффективны эфирные масла для бани в условиях парилки, когда горячий воздух активно проникает в поры кожи и буквально окутывает тело, обеспечивая яркие, неподражаемые впечатления. Истинные ценители бани и сауны имеют целый &laquo;арсенал&raquo; эфирных масел, с помощью которых делают каждый сеанс банных процедур особенным и оригинальным.</p>\r\n<p>Магазин \"Министерство бани и отдыха&raquo; предлагает только натуральные эфирные масла высшего качества, чтобы вы могли насладиться всеми оттенками оригинальных ароматов и их благотворным эффектом.</p>\r\n<p>&nbsp;</p>','0','0','','35','1449497807','0','1','','','','0','Купить эфирные масла для бани и сауны в Москве'),('36','Наборы эфирных масел','1','0','monthly','0','34','0','17','','Наборы эфирных масел для бани в магазине «МинБа». Купить набор эфирных масел в Москве с доставкой по России. Наборы эфирных масел по доступной цене. ','','Набор эфирных масел для бани и сауны по лучшей цене.','','0','<p>Хороший&nbsp;набор эфирных масел для бани&nbsp;позволяет создать нужное настроение в парилке, обеспечив нужные ноты и оттенки ароматов. Существуют различные подходы к формированию наборов, и только вам судить, какой вариант подходит вам лучше всего. В частности, в ассортименте магазина \"Министерство бани и отдыха&raquo; представлены наборы эфирных масел для бани:</p>\r\n<ul>\r\n<li>По стихии, к которой относится знак Зодиака</li>\r\n<li>По психологическому эффекту: успокаивающий, антистрессовый, эротический и т.п.</li>\r\n<li>По территориальной принадлежности: турецкая, армянская, финская, татарская, восточная, южная парилка и многие другие</li>\r\n<li>По физиологическому эффекту: наборы для стройной фигуры, для улучшения состояния кожи, для лёгкого дыхания и другие</li>\r\n</ul>\r\n<p>Конечно же, есть и &laquo;ассорти&raquo; наборы, в которых представлены масла в широком спектре, что позволяет попробовать различные ароматы и подобрать те, которые понравятся больше всего. Ну и конечно же, представлены наборы &laquo;Русская баня&raquo;, в которую входят самые традиционные для России ароматы, характерные для парилки: сосна и эвкалипт.</p>\r\n<p>Покупая наборы эфирных масел для бани в магазине \"Министерство бани и отдыха&raquo;, вы получаете уникальные средства естественного происхождения, экологически чистые и полезные для здоровья. Обратите внимание: на наборы предложены более выгодные цены, чем на масла по отдельности.</p>\r\n<p>Покупая наборы эфирных масел для бани в магазине \"Министерство бани и отдыха&raquo;, вы получаете уникальные средства естественного происхождения, экологически чистые и полезные для здоровья. Обратите внимание: на наборы предложены более выгодные цены, чем на масла по отдельности.</p>','0','0','','36','1449497821','0','1','','','','0','Наборы эфирных масел для бани и сауны в Москве'),('37','Массажные масла','0','0','monthly','0','34','0','17','','Массажные масла  для бани в магазине «МинБа». Купить массажные масла для бани в Москве с доставкой по России. Массажные масла для сауны по лучшим ценам.','','Массажные масла для бани и сауны в Москве с доставкой.','','0','<p>Массажные масла широко применяются в ходе банных процедур. Массаж в парилке &ndash; один из наиболее эффективных видов физиотерапии, так как высокая температура и пар позволяют добиться следующих эффектов:</p>\r\n<ul>\r\n<li>Более глубокое расслабление и снятие стресса, как результат &ndash; лучшие результаты массажа</li>\r\n<li>Раскрытие пор кожи, что позволяет проникнуть целебным веществам глубоко в структуру эпидермиса</li>\r\n<li>Стимуляция кровообращения за счет разогревания поверхности кожи, что приводит к улучшенному обмену веществ</li>\r\n</ul>\r\n<p>Применяя качественные масла для бани, можно добиться отличных результатов со всеми типами кожи. В частности, обеспечивается заживление микротрещин и травм, снятие раздражения и воспаления, а также достигается омолаживающий эффект. Податливая и распаренная кожа хорошо увлажняется и питается, а внутри нее запускаются естественные регенерационные процессы.</p>\r\n<p>Также следует отметить, что массаж тела в бане с применением правильно подобранных масел &ndash; это комплексная СПА-процедура, которая одновременно воздействует на человека ароматом, температурой и ощущениями от прикосновений, обеспечивая мощный оздоровительный эффект.</p>\r\n<p>В магазине \"Министерство бани и отдыха&raquo; представлен широкий выбор массажных масел на натуральной основе, каждое из которых подарит мощный оздоровительный эффект для кожи и всего тела.</p>','0','0','','37','1449498525','0','1','','','','0','Массажные масла для бани и сауны по доступным ценам'),('38','Ароматизаторы ','1','0','monthly','0','34','0','17','','Ароматизаторы для бани по доступным ценам. Ароматизатор для саун и хамам в Москве с доставкой. Купить ароматизаторы для бани в интернет-магазине «МинБа».','','Ароматизаторы для бани и сауны в магазине «Министерство бани и отдыха».','','0','<p>Ароматизаторы для бани&nbsp;и сауны позволяют превратить парилку в настоящий кабинет ароматерапии, усилив эффект благодаря влиянию высокой температуры и пара. Несколько капель ароматизатора, - и баня наполняется неповторимым ароматом, который может оказывать на человека различные эффекты.</p>\r\n<p>В частности,&nbsp;ароматизатор для саун&nbsp;воздействует:</p>\r\n<ul>\r\n<li>На общее состояние человека: он может успокаивать, стимулировать, расслаблять, вызывать восторг&hellip; на самом деле это чудо, сколько необычных эффектов может иметь правильно подобранный запах</li>\r\n<li>На отдельные функции организма. В частности, некоторые запахи улучшают работу сердечно-сосудистой системы, некоторые &ndash; стимулируют дыхание, а некоторые действуют как афродизиаки и разжигают сексуальное влечение.</li>\r\n<li>На состояние кожи и волос, обеспечивая улучшение их состояния за счет стимуляции микроциркуляции кровообращения и, как результат, лучшего питания для кожи и волос.</li>\r\n</ul>\r\n<p>Также следует отметить, что&nbsp;ароматизаторы для бани и сауны&nbsp;&ndash; это тонкий инструмент, который следует применять с умом. Запах должен быть подобран тонко и тщательно, чтобы подходит к случаю и хорошо сочетаться с естественным ароматом сауны.</p>\r\n<p>Магазин \"Министерство бани и отдыха&raquo; предлагает ароматизаторы для бани в широком ассортименте, предоставляя богатую палитру ароматов на натуральной основе.</p>\r\n<p>&nbsp;</p>','0','0','','38','1449497836','0','1','','','','0','Ароматизаторы для бани и сауны недорого в Москве'),('39','Мыла','1','0','monthly','0','34','0','17','','','','','','0','<p>Баня &ndash; это место, где в полную силу начинают работать все органы чувств. И осязание в первую очередь. Запах натурального, хорошего мыла отлично вписывается в особый банный букет ароматов &ndash; запаха нагретого натурального дерева, распаренных веников, душистых масел и травяного чая&hellip;</p>\r\n<p>Качественное мыло - неотъемлемый атрибут правильной и эффективной банной процедуры. Оно должно быть безопасным, гипоаллергенным и экономичным.</p>\r\n<p>Сегодня в магазинах представлен огромный выбор мыла: цены, цвет, ароматическая композиция и обещанный эффект &ndash; на любой вкус. И состав продукта, написанный мелко-мелко, тоже&hellip; Но купить гарантированно натуральное, безопасное мыло, которое действительно благотворно влияет на распаренную и поэтому уязвимую для химических синтетических составов кожу, можно, пожалуй, только в магазине, специализирующемся на продукции для бань и саун. Современные технологии производства позволяют максимально сконцентрировать в формуле такого мыла все необходимые полезные свойства входящих в него природных компонентов.</p>\r\n<p>Магазин &laquo;Министерство Бани и отдыха&raquo; предлагает большой выбор специальных банных средств по уходу за телом. Особого внимания заслуживает&nbsp;натуральное сибирское мыло для бани: благодаря содержанию в составе экстрактов целебных трав и растений, вытяжек и других натуральных природных компонентов, такое мыло не только прекрасно очищает тело, но и делает кожу эластичной, здоровой и ухоженной.</p>\r\n<p>На сайте &laquo;МинБа&raquo; вы найдете&nbsp;мыло для бани&nbsp;от ведущих отечественных и зарубежных производителей, специализирующихся на натуральной косметике. Наши цены, сервис и, конечно же, ассортимент - именно то, вы так долго искали.</p>\r\n<p>&nbsp;</p>','0','0','','39','1449498544','0','1','','','','0','Купить мыло для бани по лучшим ценам с доставкой'),('40','Скрабы','1','0','monthly','0','34','0','17','','Антицеллюлитный скраб для бани в магазине «МинБа». Скраб для тела для бани недорого в широком ассортименте. Скраб для бани для похудания по доступным ценам.','','Скраб для бани по лучшим ценам в Москве.','','0','<p>Посещение русской баньки, сауны или хамама &mdash; это не только прекрасная возможность провести время со своими друзьями, но и поправить здоровье, а также поухаживать за своим телом.</p>\r\n<p>Магазин \"Министерство бани и отдыха&raquo; предлагает прекрасным банщицам приобрести качественную косметику для всего тела. Сегодня мы рады предложить вам скрабы для бани и сауны.</p>\r\n<p>Скраб &mdash; это косметический крем, в состав которого входят также абразивные частицы (к примеру, кофе, сахар, соль), эффективно удаляющие ороговевшие клетки кожи.</p>\r\n<h2><b>Как правильно использовать скраб при посещении бани и сауны</b></h2>\r\n<p>Скраб для бани &mdash; это идеальное косметическое средство, которое позволяет не только омолаживать кожу, но и улучшать ее цвет и способствовать активному выравниванию эпидермиса.</p>\r\n<p>Баня и сауна &mdash; это идеальное место для проведения косметических процедур. Дело в том, что банный пар способствует активному раскрытию пор кожи. Воздействие высоких температур и влажности позволяет глубоко очистить наружный покров тела. Применение дополнительно косметических средств оздоравливает кожу, наполняет ее красотой и молодостью.</p>\r\n<p>Скраб для тела в бане и сауне следует наносить плавными круговыми движениями (по часовой стрелке), начиная от ног, плавно переходя к рукам, а затем массируя линию бедер и ягодицы. Использовать косметическое средство следует перед тем, как войти в парную или сауну. Смывать косметическое средство следует только теплой (ни в коем случае не холодной) водой.</p>\r\n<p>В ассортименте магазина \"Министерство бани и отдыха&raquo; представлен антицеллюлитный скраб для бани. Косметическое средство следует наносить на проблемные участки тела: ягодицы, бедра. Делать это можно либо просто рукой, либо при помощи специальной рукавицы.</p>\r\n<p>Использование скрабов в бане и сауне не только оздоровит кожу, но и принесет массу удовольствий и приятных впечатлений. Главное &mdash; отдохните в бане и душой, и телом!</p>\r\n<p>&nbsp;</p>','0','0','','40','1449498574','0','1','','','','0','Антицеллюлитный скраб для бани и скраб для похудания в ассортименте'),('41','Испарители','1','0','monthly','0','34','0','17','','Испаритель для бани по низким ценам онлайн. Купить испаритель для бани можно в магазине «Министерство бани и отдыха». Испаритель для бани и сауны в Москве.','','Испаритель для бани и сауны в интернет-магазине «МинБа».','','0','<p>Как же приятно после тяжелой трудовой недели попариться в бане или погреться в сауне. Однако весь процесс блаженного &laquo;омовения&raquo; может быть испорчен из-за попадания воды на ТЭНы электрических печей в парилках и саунах. Замыкание нагревательного элемента, необходимость постоянно поддавать пар &mdash; это лишь немногие из тех причин, которые, несомненно, омрачают получение удовольствия от посещения бани. Магазин \"Министерство бани и отдыха&raquo; готов предложить своим дорогим клиентам идеальное решение вышеперечисленных проблем! Это испаритель для бани и сауны.</p>\r\n<p>Преимущества использования испарителя в парной и сауне:</p>\r\n<ul>\r\n<li>Устройство избавляет парильщиков от необходимо постоянно поддавать пар, расплескивая воду на каменку. Использование современного прибора доставит больше удовольствия посетителям бани и сауны и поможет им расслабиться, забыть о проблемах и не думать ни о каких трудностях.</li>\r\n<li>Испаритель для бани вырабатывает не сухой, а влажный пар! Это одно из главных преимуществ в работе устройства. Теплопроводность влажного пара гораздо выше, чем у сухого, соответственно, температура в парной будет дольше поддерживаться на нужной отметке.</li>\r\n<li>Некоторые модели испарителей, представленные в ассортименте магазина &laquo;МинБа&raquo;, могут использоваться в качестве приборов для ароматерапии.</li>\r\n<li>Влажный пар вдыхать гораздо легче, нежели сухой.</li>\r\n</ul>\r\n<h2><b>Как правильно использовать испаритель?</b></h2>\r\n<p>Существует универсальная схема для всех приборов. Следует разместить устройство в каменке, а затем залить воду в предусмотренное для этой цели отверстие. Нагрев будет происходить за счет находящихся внутри прибора раскаленных камнях. В итоге на выходе парильщики будут наслаждаться чистейшим влажным паром.</p>\r\n<p>Испаритель для бани и сауны сделает посещение парной просто сказочным удовольствием!</p>\r\n<p>&nbsp;</p>','0','0','','41','1449498593','0','1','','','','0','Испаритель для бани и сауны недорого в Москве'),('42','Измерительные приборы','1','0','monthly','0','0','3','17','','','','','','0','<p>Нужны ли часы в бане? Несомненно! И дело даже не в том, чтобы возвращать расслабившихся и потерявших счет времени посетителей в реальность. Посещение бани и особенно парной &ndash; не столько отдых и досуг, сколько процедура, оказывающая на даже привычный организм определенные нагрузки.</p>\r\n<p>Основные&nbsp;приборы для бани&nbsp;&ndash; это термометр, часы и гигрометр. Их можно устанавливать поодиночке, а можно сразу приобрести<i>&nbsp;</i>банную станцию<i>.</i></p>\r\n<p><i>Термометр</i>&nbsp;подскажет, когда температура недостаточно высока или наоборот, приближается к критической.&nbsp;<em>Часы</em>&nbsp;&ndash; это контроль над нахождением в парной и гарантия того, что вместе с зарядом бодрости и хорошего настроения человек не получит перегрев и скачок давления&hellip; А&nbsp;<i>гигрометр </i>позволит создать в бане комфортную влажность.</p>\r\n<p>Выбор моделей &ndash; от самых простых до высокотехнологичных &ndash; зависит только от желания заказчика. Обычные песочные часы дадут не менее точную информацию, нежели электронный гаджет. Хотя&nbsp;банная станция, подающая звуковой сигнал о том, что парильщикам пора бы передохнуть за чашкой чая, несомненно, полезная вещь. Чтобы даже современный и многофункциональный прибор работал долго, без перебоев и давал точные показания, при его эусплуатации нужно учитывать ряд правил. Но в целом подобное оснащение неприхотливо и недорого.</p>\r\n<p>На сайте нашего магазина можно выбрать все необходимые приспособления для комфортного и безопасного посещения бани и сауны. Наши измерительные&nbsp;приборы для бани&nbsp;предназначены именно для использования во влажной среде с высокими температурами. Продукция, подобранная для клиентов магазина &laquo;Министерство Бани и отдыха&raquo;, &ndash; это экологичные материалы, подходящий для любого оформления дизайн, а главное &ndash; качество и демократичные цены.</p>\r\n<p>&nbsp;</p>','0','0','','42','1449582050','0','1','','','','0','Измерительные приборы для бани и сауны по низкой цене'),('43','Термометры','1','0','monthly','0','42','0','17','','','','','','0','<p>Оптимальный температурный режим в бане &ndash; одно из главнейших условий, определяющих самочувствие парящихся. Можно по старинке руководствоваться собственными ощущениями, для того чтобы создать комфортный микроклимат в парной. Однако проще, удобнее и безопаснее воспользоваться таким измерительным прибором, как&nbsp;термометр для бани и сауны.</p>\r\n<h2>Особенности термометров для бани</h2>\r\n<p>Раньше в банях использовались капиллярные и стрелочные приборы. В отличие от обычного термометра для измерения температуры за окном, капиллярный аналог производится из огнеупорного стекла, которое не страшится воздействия банного жара. Такой&nbsp;термометр для бани может фиксировать температуру, доходящую до +180 градусов Цельсия.</p>\r\n<p>Стрелочные приборы предназначены для измерения температурного режима в пределах +120&hellip;+130 градусов. Их небольшой недостаток заключается в относительно невысокой точности, поэтому следует учитывать погрешность такого изделия.</p>\r\n<p>Наиболее точным является&nbsp;электронный термометр для бани с выносным датчиком. Его особенность заключается в том, что получить сведения о температуре владелец такого девайса может уже в предбаннике, не заходя в парную. Длина кабеля, соединяющего датчик с термометром, может достигать 1 метра. Прибор рассчитан для измерения температуры, доходящей до +220 градусов Цельсия.</p>\r\n<h2>Где купить термометры для бани?</h2>\r\n<p>Рекомендуем воспользоваться предложением кибермаркета \"Министерство бани и отдыха\", для того чтобы приобрести&nbsp;термометры электронные с выносным датчиком для бани. Приборы реализуются по доступным ценам, демонстрируют высокое качество исполнения и надежность в эксплуатации. Удобные способы оплаты заказанных товаров, оперативная доставка термометров и других аксессуаров для бани, хамама и сауны &ndash; вот лишь некоторые преимущества интернет-магазина \"МинБа\".</p>\r\n<p>&nbsp;</p>','0','0','','43','1449498995','0','1','','','','0','Термометр для бани и сауны по низким ценам'),('44','Гигрометры','1','0','monthly','0','42','0','17','','Гигрометр для бани и сауны по доступным ценам. Купить гигрометр для бани в Москве. Широкий ассортимент гигрометров для бани и сауны в магазине «Министерство бани и отдыха».','','Купить гигрометр для бани и сауны в магазине «МинБа».','','0','<p>У каждой национальной бани есть свои особенности. Кому-то по душе сухая и горячая финская сауна. Кто-то страстный поклонник изысканного и комфортного восточного хамама. Для кого-то русская парная &ndash; идеальное место, где можно привести в порядок и тело, и мысли.</p>\r\n<p>Следить за комфортным микроклиматом в парной позволяет&nbsp;гигрометр для бани и сауны&nbsp;&ndash; прибор, показывающий данные о влажности воздуха. Гигрометр &ndash; изобретение далеко не новое. Его работа основана на свойстве волоса менять свою длину под воздействием влаги: чем больше влажность воздуха &ndash; тем длиннее волос, чем меньше &ndash; тем волос, соответственно, короче.</p>\r\n<p>Сегодня гигрометры могут быть даже электронными, но такие изыски в бане &ndash; что, называется, дело вкуса и финансовых возможностей. Классический гигрометр прекрасно справляется со своей функцией. Правда, все чаще традиционный конский волос в нем заменяется на более прочную и долговечную полимерную нить. Гигрометры надежны в эксплуатации и не требуют особого внимания и ухода: они просто висят в отведенном им месте и показывают данные, при этом не нуждаясь ни в батарейках, ни в других источниках питания.</p>\r\n<p>Ограничений при оформлении этого прибора нет: корпус гигрометра может быть выполнен из ценных пород дерева, влаго- и термостойкого пластика или металла, дизайн &ndash; от строгих элегантных форм до забавных фигурок. Так что помимо функционального предназанчения гигрометр может стать прекрасной интерьерной деталью.</p>\r\n<h2><b>Просто и понятно</b></h2>\r\n<p>Для того чтобы&nbsp;гигрометр для бани&nbsp;показывал как можно более точные данные, его не нужно размещать возле двери или над каменкой.</p>\r\n<p>Есть закономерность для комфортного пребывания в бане: чем ниже температура воздуха в парилке, тем выше должна быть влажность, и наоборот. Высокая влажность при высокой же температуре воздуха становится настоящим испытанием для организма, которое может закончиться ухудшением самочувствия. Поэтому экспериментировать на этой почве не рекомендуется.&nbsp; Оптимальная влажность воздуха в парной русской бани не должна превышать 30%.</p>\r\n<p>Мы предлагаем большой выбор этих практичных и необходимых для комфортного посещения бани приборов. Свой ассортимент мы сформировали из действительно интересной и качественной продукции. Надежные и доступные по цене, наши гигрометры будут служить вам верой и правдой долгие годы.</p>\r\n<p>Магазин \"Министерство бани и отдыха&raquo; знает толк в отдыхе. Поэтому нашему выбору можно доверять: мы плохого не посоветуем!</p>\r\n<p>&nbsp;</p>','0','0','','44','1449499016','0','1','','','','0','Гигрометр для бани и сауны недорого в Москве'),('45','Часы','1','0','monthly','0','42','0','17','','Купить песочные часы для бани в магазине «МинБа». Купить часы для бани и сауны в Москве с доставкой. Настенные часы для бани по лучшим ценам. Часы для бани и сауны в нашем интернет-магазине.','','Купить часы для бани и сауны в Москве недорого.','','0','<p>На что любитель попариться в баньке обратит внимание при посещении любимого заведения? На парную? Разумеется. На чистоту? Конечно! На уютную комнату отдыха? А как же!&nbsp;</p>\r\n<p>Но это все очевидные вещи. А есть еще детали, которые не бросаются в глаза сразу, но принципиально важны.</p>\r\n<p>Часы! Кварцевые, песочные, электронные &ndash; в бане часы отнюдь не дежурный аксессуар &laquo;для вида&raquo;, наподобие искусственных цветов, имитирующих уют&hellip; Это крайне необходимая в парной вещь. Работающие исправно&nbsp;часы в бане или сауне&nbsp;&ndash; доказательство того, что руководство учреждения заботится о здоровье и самочувствии своих клиентов.</p>\r\n<p>Действительно, даже опытный поклонник банных процедур не всегда может сориентироваться во времени пребывания в парной. Между тем, это всегда стресс для организма, даже привыкшего к такого рода нагрузкам. Для детей, пожилых, людей не привычных к условиям парной и посетителей с проблемами со здоровьем контроль времени пребывания в парилке должен быть особенно тщательным. Иначе вместо удовольствия и пользы для организма можно нанести вред собственному здоровью.</p>\r\n<p>Самый доступный и популярный вариант &ndash;&nbsp;песочные часы для бани. Они просты и понятны в использовании, не требуют элементов питания, приспособлены к условиям парной и прекрасно вписываются в ее интерьер. Есть рекомендации по выбору песочных часов именно для парилки.</p>\r\n<ul>\r\n<li>Удобнее и безопаснее, если песочные часы прикрепляются к стене поворотным кронштейном: в этом случае нет риска уронить и разбить их.</li>\r\n<li>Цвет песка должен быть контрастным и видимым в клубах пара.</li>\r\n<li>Колба с нанесенной поминутной шкалой позволяет определять время точно, а не на глазок.</li>\r\n<li>Несколько песочных часов, рассчитанных на разные временные отрезки, упростят задачу слежения за временем пребывания в парной.</li>\r\n<li>Колба должна с обеих сторон быть запаяна, а не закрыта пробками. Так влага не проникнет внутрь, и песок не отсыреет.</li>\r\n</ul>\r\n<p>Более сложный и высокотехнологичный вариант &ndash;&nbsp;электронные часы для бани и сауны. Механизм таких часов находится за пределами парилки, а внутри размещается датчик температуры и табло.</p>\r\n<p>Купить часы для бани и сауны&nbsp;в интернет-магазине \"Министерство бани и отдыха&raquo; &ndash; значит, сделать правильный выбор, воспользовавшись опытом профессионалов. Мы знаем все о том, как посещать парную с пользой для здоровья и кошелька.</p>\r\n<p>&nbsp;</p>','0','0','','45','1449499041','0','1','','','','0','Часы для бани и сауны в широком ассортименте'),('46','Мочалки и массажеры ','1','0','monthly','0','0','0','17','','Мочалки и массажеры для бани в Москве с доставкой по всей России. Натуральные мочалки для сауны и хамам. Мочалки и массажеры для бани по доступным ценам. ','','Мочалки и массажёры для бани и сауны в магазине «МинБа».','','0','<p>Посещение бани &ndash; идеальное время для различных оздоровительных процедур. Распаренная кожа и прогретые мышцы с благодарностью воспринимают любое косметическое и массажное воздействие. Но и меру необходимо соблюдать, чтобы приятные и расслабляющие манипуляции не стали травматичны.</p>\r\n<p>Хорошая мочалка &ndash; это особое удовольствие от процесса мытья. Сегодня выбор этих приспособлений настолько велик, что просто глаза разбегаются! Ассортимент &ndash; на любой вкус и кошелек: натуральные и синтетические, комбинированные, предназначенные только для мытья или же совмещающие деликатную (для мытья) и массирующую фактуры.</p>\r\n<p>На изготовление наиболее популярных натуральных мочалок идут&nbsp;<i>сизаль</i>&nbsp;(волокна голубой агавы),&nbsp;<i>люфа</i>&nbsp;&ndash; растение из семейства тыквенных,&nbsp;<i>лен, лыко</i>&nbsp;&ndash; пропаренные волокна луба (подкоркового слоя липы),&nbsp;<i>рами</i>&nbsp;&ndash; японская крапива,&nbsp;<i>морские губки, бамбук, шенилл</i>&nbsp;(натуральный материал &ndash; прочный и обладающие хорошими пенообразующими качествами).</p>\r\n<p>Синтетические губки также имеют право на существование. Их любят за многофункциональность, большой ассортимент и хорошее пенообразование. Современные технологии позволяют изготавливать губки разных форм, цветов и жесткости.</p>\r\n<p>Для массажа в бане нет ничего лучше хорошего веника, но и массажные щетки, ролики, варежки, ленты прекрасно справляются с поставленными перед ними задачами: стимулировать кровоток, усиливать лимфодренаж, расслаблять напряженные мышцы. Как и мочалки и губки, эти приспособления могут быть натуральными, а могут быть сделаны из искусственных материалов. Главное требование &ndash; высокое качество товара и как следствие его безопасность для здоровья.</p>\r\n<p>В ассортименте нашего магазина \"Министерство бани и отдыха&raquo; большой выбор наиболее популярных и востребованных видов моющих и массажных аксессуаров, которые сделают посещение парной не только приятным, но и полезным. Мы гарантируем отменное качество всей нашей продукции, ну а о доступности цен вы можете судить сами.</p>\r\n<p>&nbsp;</p>','0','0','','46','1449499068','0','1','','','','0','Мочалки и массажеры для бани, сауны и хаммам недорого'),('47','Аксессуары для хамам','1','0','monthly','0','0','6','17','','Аксессуары для хамам: пештемали, мешки для пене, кесе, мыло и чаши.  Купить аксессуары для хамам недорого в Москве. Предметы для хамам с доставкой по всей России.','','Аксессуары для хамам недорого в Москве.','','0','<p>В настоящее время хамам, наравне с традиционной русской баней, пользуется большим спросом. Именно поэтому аксессуары для турецкой бани приобретаются многими любителями попариться, привести в порядок нервную систему. Считается, что благодаря особому микроклимату, который считается весьма мягким, хамам способствует улучшению работы системы кровообращения, благотворно влияет на дыхательную систему.</p>\r\n<p>Помимо общепринятых вещей, пригодных для бани, следует захватить с собой специфические аксессуары.</p>\r\n<p>Во-первых, пештемаль. Это полотенце, изготовленное из хлопка. Его используют в самых различных целях &ndash; в виде парео, как коврик для горячего пола, для обертывания. Важно, чтобы материал был приятен на ощупь. Тогда вы сможете полностью расслабиться. Халат тоже не будет лишним.</p>\r\n<p>Во-вторых, кесе. Это специальная рукавица. Она изготавливается из растительных, либо шерстяных волокон. Обычно в турецкой бане тело сильно прогревается. По этой причине можно использовать кесе как мочалку. Устаревшая кожа легко сменяется, тело &laquo;дышит&raquo;. Если использовать перчатку постоянно, то у вас улучшится кровообращение, кожа станет здоровой и шелковистой без различных кремов.</p>\r\n<p>В-третьих, сабун. Натуральное оливковое масло, применяемое для мытья тела и головы. После кесе необходимо мыться только маслом, чтобы довершить процесс до конца, обновить кожу.</p>\r\n<h2><b>Другие аксессуары</b></h2>\r\n<p>Магазин \"Министерство бани и отдыха&raquo; предлагает весь набор аксессуаров для хамам. У нас вы сможете также приобрести копук торбаси &ndash; специальный мешочек для взбивания пены. Вся процедура довольно проста &ndash; внутрь набирают мыльный раствор, который прокручивается несколько раз. Потом пена выжимается в воду.</p>\r\n<p>Большой популярностью пользуется хамам таши. Это чаша из меди, которая необходима для церемониального обливания водой из особой объемной емкости. Чаши могут быть разными по орнаменту и размеру.</p>\r\n<p>&nbsp;</p>','0','0','','47','1449499093','0','1','','','','0','Аксессуары и предметы для хамам по доступным ценам'),('48','Пештемали','1','0','monthly','0','47','0','17','','','','','','0','<p>Если вы хотите не просто посетить хамам, а совершить омовение в турецкой бане по всем правилам, то без пештемали вам просто не обойтись. С древних времен посещение хамама было для турчанок настоящим таинством. Именно здесь они набирались сил, освежали свою красоту и, конечно же, общались! Спустя века ничего не изменилось. Сегодня любая женщина, даже не имея турецкого гражданства, с удовольствием посещает хамам, чтобы насладиться изысканной парной, освежить кожу и встретиться с подругами. А без пештемали поход в хамам просто не имеет смысла!</p>\r\n<p>Купить пештемаль в Москве вы сможете в нашем интернет-магазине &laquo;Министерство бани и отдыха&raquo;. Турецкое полотенце выполнено из 100% натурального хлопка, собранного вручную. Благодаря ручной сборке, качеству турецкой пряжи нет равных. Природный гипоаллергенный хлопок деликатно соприкасается и не раздражает даже чувствительную кожу.</p>\r\n<p>Пештемаль &mdash; это практически незаменимая вещь в гардеробе любой современной женщины. Прекрасные дамы могут брать это чудесное полотенце на SPA-процедуры, в бассейн, на пляж вместо парео.</p>\r\n<p>У нас вы сможете купить полотенца пештемаль и оценить непревзойденно качество этих изделий.</p>\r\n<ol>\r\n<li>Тонкий хлопок сохнет буквально за считаные минуты.</li>\r\n<li>Пештемаль идеально впитывает влагу. Достаточно буквально одного прикосновения, чтобы полностью просушить тело.</li>\r\n<li>Полотенце великолепно чистится, при этом не теряет своих сочных красок даже после многократных стирок.</li>\r\n<li>Хлопковая вещь занимает на удивление мало места в шкафу, поэтом милые дамы смогут порадовать себя различными моделями изысканных турецких полотенец.</li>\r\n<li>В отличие от классического парео, пештемаль могут надевать и женщины, и мужчины.</li>\r\n</ol>\r\n<p>В интернет-магазине &laquo;МинБа&raquo; вы имеете уникальную возможность приобрести полотенце пештемаль для хамама в ассортименте!</p>\r\n<p>Желаем вам приятного отдыха!</p>\r\n<p>&nbsp;</p>','0','0','','48','1449499196','0','1','','','','0','Купить пештемаль в Москве по доступным ценам '),('49','Мешки для пены','1','0','monthly','0','47','0','17','','Мешок для пены для хамама в Москве с доставкой. Мешок для пены  в торговом доме «МинБа».  В ассортименте мешок для пены для хамам по доступной цене.','','Мешок для пены для хамам в торговом доме «МинБа». ','','0','<p>Для полноценного отдыха в турецкой бане крайне необходим мешок для пены. Он называется копук торбаси. Благодаря нему проводится полноценный пенный массаж, который призван нежно и максимально эффективно очистить кожу. Мешок изготавливается из натурального хлопка.</p>\r\n<p>Пенный массаж является одним из самых экзотических видов массажа в хамам. Он позволяет полностью расслабиться, очистить кожу. Кроме того, способствует тому, что загар приобретает красивый и ровный оттенок. Что касается копук торбаси, то его используют во всех турецких банях.</p>\r\n<p>Он относится к основным аксессуарам. Мешок помогает получать большое количество пены при взбивании мыла.</p>\r\n<p>Все проводится достаточно просто. Берется стружка трети оливкового мыла. Все это замачивают в горячей воде. Смесь в тазу разбухает. После этого взбивается сам мешок. В мешке образуется мыльный раствор. Его несколько раз прокручивают, затем пена выжимается в воду. Бывает так, что в раствор добавляют эфирное масло. В таком случае появляется удивительный аромат, благотворно влияющий на человека.</p>\r\n<p>Пенный массаж невозможен без мешка для взбивания пены. Сама процедура зародилась в далекие времена, когда Османская империя была в самом своем расцвете. Сейчас банные процедуры несколько видоизменились. Только вот пена до сих пор используется. А для ее получения используется копук торбаси.</p>\r\n<p>Техника массажа при помощи пены помогает полностью расслабиться, повысить иммунитет. Человек становится нечувствительным к стрессам.</p>\r\n<h2><b>Магазин \"Министерство бани и отдыха&raquo;</b> <b>- все для бани и сауны</b></h2>\r\n<p>Магазин \"Министерство бани и отдыха&raquo; предлагает аксессуары, необходимые для бани, сауны и хамама. У нас вы найдете все для того, чтобы приятно провести время, улучшить свое здоровье, сделать подарок друзьям и родным.</p>\r\n<p>&nbsp;</p>','0','0','','49','1449499429','0','1','','','','0','Мешок для пены для хамам недорого в Москве'),('50','Мыло','1','0','monthly','0','47','0','17','','Турецкое мыло ручной работы в торговом доме «МинБа». Купить турецкое мыло в Москве с доставкой. Турецкое оливковое мыло в ассортименте. Турецкое мыло для хамам по лучшим ценам.','','Купить турецкое мыло недорого в Москве.','','0','<p>Посещение турецкой бани априори подразумевает использование натурального мыла, изготовленного из оливкового масла. Только в таком случае можно гарантировать полноценное очищение кожи, ее омоложение. Оливковое мыло богато полинасыщенными жирами. Именно поэтому кожа становится шелковистой, мягкой и упругой. После процедуры омовения человек чувствует себя заново родившимся.</p>\r\n<p>Бережное очищение и увлажнение кожи. Состав современного оливкового мыла практически не отличается от того, что использовали в древние времена. Мыло без красителей и отдушек. Сама природа продумала, какие компоненты полезны для человека. Поэтому нужно использовать дары природы. Чтобы провести массаж, используется мочалка кесе.</p>\r\n<p>Повышение настроения и иммунитета. Натуральная косметика помогает провести целебную спа процедуру. Мыло насыщено ароматами цветов. При умывании, либо проведении пенного массажа, мгновенно улучшается самочувствие человека. Натуральный аромат, идущий от мыла, способен поднять настроение, настроить на позитивный лад.</p>\r\n<p>Экологичность. Все компоненты, которые входят в состав мыла, благотворно влияют на человеческое здоровье.</p>\r\n<h2><b>Магазин \"Министерство бани и отдыха&raquo;</b><b> - лучшее мыло для хамам</b></h2>\r\n<p>Вы можете сделать себе или знакомым, близким людям приятный подарок. Приобретите по доступным ценам мыло для турецкой бани. Вы можете купить подарочный набор, в который входит также кесе.</p>\r\n<p>Важно помнить, что синтетические добавки, которые имеются практически во всех современных продуктах косметики, пагубно влияют на кожу и здоровье человека. Да, уменьшается их стоимость, но нет ничего дороже здоровья и прекрасного самочувствия. Мыло для хамам позволяет поддерживать кожу в хорошем состоянии, получать максимум пользы от посещения турецкой бани.</p>\r\n<p>&nbsp;</p>','0','0','','51','1449499459','0','1','','','','0','Турецкое мыло для хамам в Москве'),('51','Кесе','1','0','monthly','0','47','0','17','','Купить турецкую мочалку кесе в Москве с доставкой. Рукавица кесе для хамам по лучшим ценам. Варежка кесе для пилинга в хамам. Купить мочалку кесе в магазине «МинБа».','','Купить рукавицу кесе для хамам недорого онлайн.','','0','<p>Рукавица Кесе&nbsp;для турецкого хаммама &ndash; отличное средство для пилинга из натуральной шелковой нити, позволяющее мягко и нежно отшелушить верхний слой отмершей кожи, обеспечив омоложение, улучшение внешнего вида и повышение упругости. Именно&nbsp;варежка кесе&nbsp;является одним из фирменных секретов турецких женщин, которым удается сохранять нежность, бархатистость и непревзойденный вид кожи тела.</p>\r\n<p>Принцип действия рукавицы кесе предельно прост: во время банной процедуры тело распаривается, а удобная варежка позволяет осуществлять одновременно массаж и пилинг, просто проводя по телу рукой. В результате кожа стимулируется, запускаются регенерационные процессы, а верхний слой уходит, открывая под собой свежую, молодую кожу. При этом рукавичка удобна как для того, чтобы делать себе пилинг самостоятельно, так и для того, чтобы делать массаж другому.</p>\r\n<p>Мочалка кесе&nbsp;может иметь различную степень жесткости, что позволяет подобрать оптимальный вариант для соответствующей части тела:</p>\r\n<ul>\r\n<li>Самая жесткая &ndash; для ног, ягодиц, поясницы</li>\r\n<li>Средней жесткости &ndash; для спины, плеч</li>\r\n<li>Мягкая &ndash; для груди, шеи, предплечий</li>\r\n<li>Самая мягкая и деликатная &ndash; для лица</li>\r\n</ul>\r\n<p>В магазине \"Министерство бани и отдыха&raquo; вы можете&nbsp;купить кесе&nbsp;по выгодным ценам, при этом мы предлагаем только аутентичные изделия из натурального шелка, которые обеспечат заметный и впечатляющий эффект от процедур.</p>\r\n<p>&nbsp;</p>','0','0','','50','1449499444','0','1','','','','0','Турецкая мочалка кесе для хамам в Москве'),('52','Чаши','1','0','monthly','0','47','0','17','','','','','','0','<p>Общие для всех культур и религий традиции подразумевают соблюдение чистоты помыслов, а также опрятности собственного тела, нуждающегося в систематическом гигиеническом уходе. Правда, каждый народ привык осуществлять процедуру очищения на свой манер. Например, славяне не мыслят своей жизни без русской бани, а на Востоке прижился обычай регулярно посещать хаммам.</p>\r\n<p>Турецкая баня, схожая по своей специфике с древними римскими термами &ndash; это парная с более низкой, чем в финской бане температурой: 35-55 градусов. В помещении хаммама устанавливается курна &ndash; специальная общая чаша, через которую подается вода. Каждому посетителю хаммама обязательно понадобится индивидуальная&nbsp;чаша для хаммама&nbsp;для набора воды, изготовленная из меди, латуни или никелированного металла.</p>\r\n<p><i>Хаммам: радость для души и наслаждение для тела</i></p>\r\n<p>В любом хаммаме присутствуют необходимые атрибуты и аксессуары общего пользования:&nbsp;чаша для омовения&nbsp;или кувшин, пештемали и простыни. Несмотря на то, что персонал парной тщательно следит за чистотой и поддерживает должный уровень санитарии, истинные любители приятной оздоровительной процедуры предпочитают пользоваться исключительно персональными банными принадлежностями.</p>\r\n<p>Завсегдатаи хаммама рекомендуют покупать сразу две&nbsp;чаши для хаммама&nbsp;&ndash; простые и удобные приспособления, в которых удобно держать нужные аксессуары: мыло, средства для пилинга, рукавицу кесе, полотенце, масла для массажа. Недорогие, красиво декорированные емкости для воды, украшенные орнаментами в восточном стиле, радуют взор, создают особую атмосферу и гарантируют высокую степень личной безопасности.</p>\r\n<p>Зачастую в баню ходят в компании друзей или близких по духу людей. Для удобства всем компаньонам можно подобрать и приобрести разные практичные чаши для омовения, отличающиеся по дизайну или материалу изготовления.</p>\r\n<p><i>Практичный совет от сотрудников магазина &laquo;Министерство бани и отдыха&raquo;</i>: Истинный любитель парной всегда обрадуется новенькой чаше для хаммама, потому незаменимый в турецкой парной аксессуар можно смело использовать в качестве великолепного подарка.</p>\r\n<p>&nbsp;</p>','0','0','','52','1449499473','0','1','','','','0','Чаша для хамам в Москве с доставкой'),('53','Чайники и кувшины','1','0','monthly','0','47','0','17','','','','','','0','','0','0','','54','1449077610','0','1','','','','0',''),('54','Предметы интерьера','1','0','monthly','0','0','7','17','','','','','','0','<p>Баня занимает важнейшее место в жизни каждого человека. И каждый предмет для русской баньки всегда считался особенным. Это неудивительно, ведь на Руси именно сюда приносили новорожденного, тут же его омывали в день крестин и день свадьбы. Когда приезжал гость, прежде всего топили добрую баньку. Спустя века ничего не изменилось... И сегодня мы любим ходить с друзьями и родными в баню и сауну. А предметы интерьера служат нам неименным подспорьем.</p>\r\n<p>В каталоге магазина &laquo;Министерство бани и отдыха&raquo; представлены:</p>\r\n<ul>\r\n<li><strong>Подголовники</strong></li>\r\n</ul>\r\n<p>Аксессуар необходим для обеспечения комфортного положения тела парильщика во время отдыха на пологе. Анатомическая форма подголовника позволяет полностью расслабить мышцы спины. У нас в каталоге представлены подголовники из различных пород дерева, обладающих влагостойкостью. Такой аксессуар никогда не позволит обжечься или получить какие-либо травмы во время посещения бани.</p>\r\n<ul>\r\n<li><strong>Каминные наборы</strong></li>\r\n</ul>\r\n<p>Предметы интерьера будут верными помощниками в уходе за камином и печью. Шипцы позволяют с комфортом переложить поленья, совок &mdash; собрать золу, а кочерга поправить горящие дрова. Да и к тому каминные наборы стали незаменимым атрибутом, украшающим интерьер и бани, и сауны.</p>\r\n<ul>\r\n<li><strong>Дровницы</strong></li>\r\n</ul>\r\n<p>Этот изысканный предмет интерьера уже давно перестал быть простой необходимостью В нашем каталоге представлены различные варианты дровниц для камина, бани или печи. Современная дровница облагораживает помещение, придает ему самобытный колорит.</p>\r\n<ul>\r\n<li><strong>Вешалки</strong></li>\r\n</ul>\r\n<p>В нашем каталоге вы сможете найти разнообразные вешалки для бани и сауны. Эти необходимые детали интерьера имеют важнейшую функцию: они позволяют с комфортом разместить одежду, белье и полотенца всех посетителей. Для прихожей и комнаты отдыха можно выбрать вешалку из металла, а для предбанника &mdash; деревянный вариант.</p>\r\n<ul>\r\n<li><strong>Мебель</strong></li>\r\n</ul>\r\n<p>В нашем каталоге вас ждет элитная и классическая, эксклюзивная и стандартная мебель для бани из лучших пород древесины. У нас вы найдете: всевозможные лавки и скамьи, табуреты, шезлонги, купели, мойки, ушата лохани и иные аксессуары.</p>\r\n<ul>\r\n<li><strong>Абажуры</strong></li>\r\n</ul>\r\n<p>Магазин &laquo;МинБа&raquo; предлагает своим клиентам изысканные деревянные абажуры или ограждения светильников для бани и сауны. Абажуры выполнены из различных пород дерева, создают в помещении неповторимое ощущение уюта.</p>\r\n<ul>\r\n<li><strong>Таблички</strong></li>\r\n</ul>\r\n<p>Эти аксессуары не являются необходимостью, однако именно они создают ауру в бане и сауне. Разнообразные надписи на любой вкус поднимут настроение и развлекут всех посетителей бани!</p>\r\n<p>Магазин &laquo;МинБа&raquo; желает вам легкого пара и крепкого здоровья!</p>\r\n<p>&nbsp;</p>','0','0','','53','1449499509','0','1','','','','0','Мебель и предметы интерьера для бани и сауны недорого'),('56','Дровницы','1','0','monthly','0','54','0','17','','Дровница для бани в Москве с доставкой. Купить дровницу для бани в интернет-магазине «МинБа».  Дровница для бани по лучшим ценам.','','Купить дровницу для бани по доступной цене.','','0','<p>Всем поклонникам парения в бане хорошо известно, что это процесс, не терпящий суеты. Обнаружить в разгар оздоровительной процедуры, что дрова прогорели до последнего полешка, и нужно отправляться за ними к поленнице &ndash; открытие не из приятных. Избежать такой ситуации поможет&nbsp;дровница для бани, предусмотрительно установленная в парной, предбаннике или тамбуре. Последний вариант особенно удобен при использовании печи с двумя топками, совмещающей функции камина и банной печи.</p>\r\n<p>Утилитарная польза этого предмета вполне очевидна: дрова всегда будут под рукой, при этом щепки и древесная пыль не засыплют ковер или красивый мозаичный пол. Еще одно ценное свойство дровницы: сохранение поленьев сухими, что напрямую влияет на качество жара, пара и общее ощущение от посещения бани или сауны. Помимо этого, кованые изделия обладают большим декоративным потенциалом и просто необходимы для создания цельной композиции.</p>\r\n<p>Для размещения в парилке более практичны стальные модели с изогнутым &laquo;ложем&raquo; для значительного запаса поленьев. Небольшой вес &ndash; около 1 кг &ndash; облегчает перемещение дровницы. Самые распространенные цветовые решения: демократичный графитовый и сдержанно блестящая полированная латунь. В зоне отдыха более уместны дровницы из ажурного металла, которые в сочетании с другими каминными аксессуарами позволят поддержать стилевое единство интерьера. Аристократическая отточенность кованых элементов, сочетание черного цвета и оттенка античного золота придадут банному дому облик королевского охотничьего замка.</p>\r\n<p>В ассортименте интернет-магазина \"Министерство бани и отдыха&raquo; представлены самые разные модели, что позволяет выбрать и купить&nbsp;дровницу для бани, сауны или хамама.&nbsp;Пусть эти аксессуары сделают каждый банный день приятным и безмятежным!</p>\r\n<p>&nbsp;</p>','0','0','','57','1449499636','0','1','','','','0','Дровница для бани в Москве с доставкой по России'),('57','Каминные наборы','1','0','monthly','0','54','0','17','','Купить каминный набор для бани по лучшим ценам в Москве. Каминные наборы в магазине «МинБа». Каминные наборы для бани с доставкой по всей России.','','Каминные наборы для бани в магазине «Министерство бани и отдыха».','<p></p>\r\n<p>&nbsp;</p>','0','<p>Каминные наборы&nbsp;&ndash; это практичная и надежная подборка аксессуаров, с помощью которых можно успешно управляться с камином либо с банной топкой. Как правило, в каминный набор входят такие предметы:</p>\r\n<ul>\r\n<li>Кочерга для перемешивания углей в очаге, с помощью которой можно безопасно и быстро распределить жар. Очень полезная и практичная вещь, просто незаменимая при использовании очагов с живым огнем.</li>\r\n<li>Совок для угля, прочный и надежный, с помощью которого можно удалить отработанной топливо из печи.</li>\r\n<li>Жесткая щетка, применяемая для перемещения остывшей золы и мелких остатков прогоревших дров.</li>\r\n<li>Щипцы, используемые для различных манипуляций в горящем очаге.</li>\r\n</ul>\r\n<p>Важный элемент каминного набора &ndash; это эстетичная и изысканная подставка, на которой располагаются все эти предметы. К слову, набор &ndash; значит единство стиля, все предметы изготавливаются, будучи объединенными общей дизайнерской идеей, потому хорошо вписываются в интерьер.</p>\r\n<p>Магазин \"Министерство бани и отдыха&raquo; предлагает высококачественные каминные наборы, которые отлично впишутся в интерьер русской бани, сауны, хаммама и гостиной с очагом. Все изделия отличаются прочностью, надежностью и долговечностью. Кроме того, такой набор, поставленный возле очага, создает неповторимое очарование и дополняет интерьер.</p>','0','0','','58','1449499654','0','1','','','','0','Купить каминные наборы для бани по доступным ценам'),('58','Подголовники и коврики','1','0','monthly','0','54','0','17','','','','','','0','<p>&laquo;Министерство бани и отдыха&raquo; рекомендует: качественные подголовники и коврики из натурального дерева. Эти изделия помогут принять удобную позу во время банных процедур, защитят от перегрева головы и сделают поход в парилку намного приятнее. У нас представлен широкий выбор моделей, потому вы можете подобрать подходящий продукт по форме и габаритам.</p>\r\n<p>Коврики и подголовники представляют собой деревянные конструкции из лиственных пород дерева, которые обеспечивают следующие преимущества:</p>\r\n<ul>\r\n<li>Защищают от перегревов и ожогов. Коврики можно положить на пол, на них также можно сидеть и лежать. Высококачественная древесина отличается низкой теплопроводностью, потому вы не рискуете обжечься даже при высокой температуре в парилке.</li>\r\n<li>Удобные подголовники имеют анатомическую форму, потому вы можете комфортно расположиться на них и расслабиться.</li>\r\n<li>Так как изделия состоят из многочисленных древесных ламелей, они позволяют свободно стекать воде и циркулировать воздуху. Потому вы можете обливаться водой, а древесина очень быстро высыхает, обеспечивая полный комфорт. Вы всегда лежите на сухом, а не на мокром дереве.</li>\r\n<li>Все металлические крепления надежно скрыты, потому вы не обожжетесь, прикоснувшись случайно к металлическому шурупу или гвоздю.</li>\r\n<li>Лиственные породы деревьев, - липа, ольха, ясень и др., - не смолистые, потому отлично переносят высокие температуры, не деформируются и служат хорошей теплоизоляцией.</li>\r\n<li>Тщательно обработанные углы отличаются скругленной формой, потому лежать на дереве &ndash; приятно и удобно.</li>\r\n</ul>\r\n<p>Покупайте подголовники и коврики в МинБа &ndash; и получите лучшее качество по самой выгодной цене!</p>\r\n<p>&nbsp;</p>','0','0','','56','1449499527','0','1','','','','0','Подголовники и коврики для бани и сауны в Москве'),('59','Полки и вешалки','1','0','monthly','0','54','0','17','','Полки в сауне и вешалки для бани в магазине «МинБа». Деревянные полки для бани в Москве с доставкой. Купить полки для сауны онлайн. Купить вешалки для бани по доступной цене.','','Полки и вешалки для бани недорого в Москве.','','0','<div align=\"center\" style=\"text-align: left;\">Для комфортного отдыха в бане или сауне требуется много различных аксессуаров, иногда не заметных на первый взгляд, но без которых в подобном месте просто не обойтись. Перед тем как идти мыться или наслаждаться другими водными процедурами каждому нужно раздеться. А вещи&hellip; разложить на&nbsp;полки в сауне, развесить на вешалках и крючках.</div>\r\n<div align=\"center\" style=\"text-align: left;\"></div>\r\n<div align=\"center\" style=\"text-align: left;\">Современные бани и сауны обустраиваются не только для комфортного отдыха и принятия водных процедур, но для эстетически приятного времяпрепровождения. Для этого эти помещения оформляются в различных стилевых направлениях. Поэтому полки и вешалки можно приобрести для обустройства разнообразных:</div>\r\n<ul>\r\n<li>размеров &ndash;&nbsp;полки в бане&nbsp;1, 2, 3-ярусные, вешалки на несколько рожков, в зависимости от планируемого количества человек;</li>\r\n<li>комплектации &ndash; полки и вешалки могут быть как самостоятельные элементы, а могут быть и совмещенными, что значительно удобнее, особенно для размещения всей верхней одежды в холодное время года;</li>\r\n<li>способов размещения &ndash;&nbsp;вешалка в баню&nbsp;крепится на стене, в углу (для экономии места, что особенно важно при большом количестве человек);</li>\r\n<li>материалов изготовления &ndash; металлические, деревянные (такие полки и вешалки выпускаются из различных пород древесины), пластиковые.</li>\r\n</ul>\r\n<p>Планируя покупки полок и вешалок для бани и сауны, необходимо заранее определиться для какого по размерам помещения они предназначены, для какого количества человек и в каком дизайне планируется все оформлять. И тогда посещение этих прекрасных мест будет максимально комфортным и клиенты будут сюда возвращаться вновь и вновь.</p>\r\n<p>&nbsp;</p>','0','0','','59','1449499549','0','1','','','','0','Вешалки и полки в бане с доставкой по России'),('60','Мебель','0','0','monthly','0','54','0','17','','','','','','0','<p>Ни одна баня или сауна немыслима без подходящей мебели &ndash; удобной, функциональной и долговечной. Она должна быть исключительно из натуральных материалов, не содержать нагревающихся элементов и выдерживать воздействие влаги и горячего пара. При этом эстетичность приветствуется &ndash; ведь достойный антураж играет немаловажную роль в создании соответствующей атмосферы.</p>\r\n<p>Лавки и полки, вентиляционные люки и купели для парилки и моечной, вешалки и табуреты для предбанника, кресла, столы для комнаты отдыха &ndash; создать функциональное и комфортное пространство внутри бани задача несложная, но ответственная.</p>\r\n<p>Выбирая внутреннее наполнение для бани, необходимо помнить, что лавка для парной и лавка для комнаты отдыха могут отличаться по своим эксплуатационным характеристикам, так как &laquo;работать&raquo; им приходится в несколько отличающихся условиях.</p>\r\n<p><i>Мебель для парной</i>&nbsp;должна быть изготовлена из экологически чистой древесины, обработанной специальными составами, которые позволяют ей выдерживать постоянное воздействие горячего пара и оставаться устойчивой к возникновению грибка и плесени.</p>\r\n<p><i>Мебель для моечной (душевой)</i>&nbsp;не должна напитываться водой, разбухать, деформироваться и покрываться плесенью.</p>\r\n<p>Мебель для комнаты отдыха в баню&nbsp;не отличается какими-то принципиальными особенностями. Качественные материалы, прочность, комфортность и обработка антисептическими пропитками - вот залог ее долговечности.</p>\r\n<p>Мебель для бани&nbsp;можно изготовить своими руками, но зачем это делать, если в магазине &laquo;МинБа&raquo; есть огромный ассортимент всего необходимого для обустройства бани, сауны или хамама.</p>\r\n<p><br> Наша&nbsp;мебель для бани и сауны&nbsp;соответствует всем требованиям качества и безопасности.</p>\r\n<p>&nbsp;</p>','0','0','','60','1449499667','0','1','','','','0','Мебель для бани и сауны по лучшим ценам'),('61','Абажуры и ручки','1','0','monthly','0','54','0','17','','Абажур для бани и ручки для сауны по лучшим ценам. Деревянные ручки для бани в Москве. Дверная ручка для бани в торговом доме «МинБа».','','Абажуры и деревянные ручки для бани в Москве с доставкой. ','','0','<p>Современные бани могут быть рублеными, бетонными, кирпичными, легкими каркасными. Единственное, что остается неизменным &ndash; внутренняя отделка парильни, для которой используется только дерево. Древесина, обладающая низкой теплопроводностью и высокой сопротивляемостью влажной среде, является идеальным материалом для банных аксессуаров. Абажуры для светильников и бра, дверные ручки, крючки для одежды &ndash; всё в &laquo;меблировке&raquo; бани должно радовать своей экологической безупречностью и безопасностью.</p>\r\n<p>Ручка для двери может иметь лаконичный дизайн в виде выгнутой скобы или шара. В интерьере традиционной бани гармонично выглядят резные &laquo;коромысла&raquo; или &laquo;бублики&raquo;, для современного спа-комплекса больше подойдут сквозные ручки с магнитом. Материалом для банной дверной фурнитуры чаще всего служат липа, ольха, термообработанная береза. Стильные и удобные&nbsp;деревянные ручки для бани&nbsp;позволят избежать ожога, очень надежны в этом плане модели с заглушками для металлических креплений.</p>\r\n<p>Освещение в парной должно отвечать повышенным требованиям безопасности. Наборный&nbsp;абажур для бани, изготовленный из тонких реек, выполняет двойную защитную функцию: предотвращает попадание брызг воды на светильник и исключает возможность случайно задеть его рукой или веником. Еще одна задача, которую решают решетчатые плафоны &ndash; рассеивание светового потока, создание мягкой атмосферы полного релакса.</p>\r\n<p>Декоративный&nbsp;абажур для светильника в баню&nbsp;может быть плоским, полукруглым, угловым, настенным. Выполняют их из термоустойчивой древесины абаши, липы, золотистого и красного кедра. В Интернет-магазине \"Министерство бани и отдыха&raquo; представлены модели разных дизайнов: от традиционных веера, факела, ромба &ndash; до эксклюзивных изделий с художественной резьбой.</p>\r\n<p>&nbsp;</p>','0','0','','61','1449499597','0','1','','','','0','Абажур для бани и деревянные ручки недорого'),('62','Таблички панно','0','0','monthly','0','54','0','17','','Панно из можжевельника для бани в магазине «МинБа». Деревянные панно для бани в Москве. Купить панно в турецкий хамам недорого. Широкий выбор резных панно для бани и сауны. Деревянные таблички для бани.','','Деревянные панно для бани и хамам недорого в Москве.','','0','<p>Само название можжевелового дерева ласкает слух любителям бани и сауны. А уж как щекочет ноздри его запах во время банной процедуры! И неспроста: из веток этого дерева получаются отменно душистые веники, молодые побеги используются для запаривания веников. И так же популярны среди заядлых парильщиков&nbsp;панно из можжевельника для бани&nbsp;&ndash; украшения в равной степени красивые и полезные. Их изготавливают из поперечных срезов веток: получившиеся &laquo;кругляши&raquo; имеют разный диаметр и уникальный рисунок древесины, поэтому панно выглядит очень декоративно.</p>\r\n<p>Во время нагревания парилки можжевеловое&nbsp;панно для бани&nbsp;наполняет ее пряным ароматом, существенно усиливая оздоровительное воздействие. Эфирные масла и фитонциды, благотворно влияющие на состояние дыхательных путей, так и витают в воздухе! В процессе парения человек сначала испытывает максимальное расслабление, а затем чувствует небывалый прилив сил. Стимуляция обменных процессов, снятие физического напряжения, улучшение сна &ndash; все это очень приятные &laquo;побочные&raquo; эффекты от использования можжевельника в парной.</p>\r\n<p>Еще один вариант декорирования стен, не выходящий из моды &ndash;&nbsp;деревянные панно для бани. Украшенные богатой резьбой сюжетные картины или лаконичные шрифтовые таблички с пословицами на банную тему &ndash; каждый вид декора находит своих приверженцев. Эти небольшие элементы способны подчеркнуть индивидуальность дизайна всего банного комплекса. Интерьер бани в стиле лубочной архитектуры гармонично дополнят панно в виде подковы или самовара, для финской сауны логично подобрать зимний пейзаж.</p>\r\n<p>Покупатели, ищущие&nbsp;панно в турецкий хамам, обычно встают перед выбором &ndash; керамическая плитка или стеклянная мозаика? В ассортименте интернет-магазина \"Министерство бани и отдыха&raquo; представлены все варианты декора, способные передать атмосферу восточной роскоши и неги. &nbsp;</p>\r\n<p>&nbsp;</p>','0','0','','62','1449499612','0','1','','','','0','Таблички и деревянные панно для бани и сауны по лучим ценам'),('63','Печи и парогенераторы','1','0','monthly','0','0','4','17','','','','','','0','<p>В прошлом соорудить печь в бане, было не простой задачей. Сегодня конечно все стало проще. Печи для бани теперь производят серийно, а покупателю нужно лишь подобрать печь под свои нужды. Какая же должна быть печь в бане, попробуем разобраться. Во-первых, она должна быстро нагревать помещение. Скорость нагрева зависит от &nbsp;мощности печи. Мощность измеряется в киловаттах. Конечно,&nbsp; чем больше баня тем больше должна быть мощность. Соотношения примерно таковы, для помещения объемом от 10 до 20 куб.м нужна печь мощностью около 20 кВт. &nbsp;А если объем парилки от 20 до 35 куб. м, стоит выбрать печь мощностью около 30 кВт.</p>\r\n<p>Важно учитывать и материал, из которого изготовлена баня. В бане из бруса &nbsp;мощность можно рассчитывать по формуле от 1.4 до 1.8 кВт на каждый кубический метр парилки. В банях же, сделанных из бетона, для нагрева&nbsp; одного кубического метра потребуется от 0.6 до 0.8 кВт. &nbsp;Ведь теплоемкость бетона ниже, а теплоизоляция лучше. Не стоит забывать о безопасности. Конструкция должна защищать помещение от возможного возгорания. Моющиеся в бане должны быть защищены от ожогов при случайном прикосновении. Если же печь для бани электрическая, она, &nbsp;должна быть абсолютно безопасна с электрической точки зрения. Также не мало важно чтобы печь была проста в обслуживание. Ну конечно же привлекательна внешне ведь печь это \"Сердце бани\".&nbsp;</p>','0','0','','67','1449314085','0','1','','','','0',''),('64','Дровяные печи','1','0','monthly','0','63','0','17','','','','','','0','','0','0','','64','1449004721','0','1','','','','0',''),('65','Электрические печи','1','0','monthly','0','63','0','17','','','','','','0','','0','0','','65','1449004773','0','1','','','','0',''),('66','Парогенераторы','1','0','monthly','0','63','0','17','','','','','','0','','0','0','','66','1449004937','0','1','','','','0',''),('67','Прочие товары','1','0','monthly','0','0','0','17','','','','','','0','','0','0','','68','1449132060','0','1','','','','0',''),('68','Спец – предложения','0','0','monthly','0','0','0','17','','','','','','0','','0','0','','69','1449043041','0','1','','','','0',''),('69','Новинки','0','0','monthly','0','0','0','17','','','','','','0','','0','0','','71','1449043065','0','1','','','','0',''),('70','Камни для печей','1','0','monthly','0','63','0','17','','','','','','0','','0','0','','70','1449005042','0','1','','','','0','');
DROP TABLE IF EXISTS `diafan_shop_category_parents`;
CREATE TABLE `diafan_shop_category_parents` (
  `id` int(11) unsigned NOT NULL AUTO_INCREMENT COMMENT 'идентификатор',
  `element_id` int(11) unsigned NOT NULL DEFAULT '0' COMMENT 'идентификатор категории из таблицы `diafan_shop_category`',
  `parent_id` int(11) unsigned NOT NULL DEFAULT '0' COMMENT 'идентификатор категории-родителя из таблицы `diafan_shop_category`',
  `trash` enum('0','1') NOT NULL DEFAULT '0' COMMENT 'запись удалена в корзину: 0 - нет, 1 - да',
  PRIMARY KEY (`id`)
) ENGINE=MyISAM AUTO_INCREMENT=75 DEFAULT CHARSET=utf8 COMMENT='Родительские связи категорий товаров';

INSERT INTO `diafan_shop_category_parents` VALUES ('67','3','2','0'),('68','4','2','0'),('69','5','2','0'),('70','6','2','0'),('5','10','9','0'),('6','11','9','0'),('7','11','10','0'),('8','12','9','0'),('9','12','10','0'),('10','13','9','0'),('11','13','10','0'),('74','72','10','0'),('73','72','9','0'),('14','15','9','0'),('15','15','10','0'),('16','16','9','0'),('17','17','9','0'),('18','18','9','0'),('19','19','9','0'),('20','20','9','0'),('21','20','19','0'),('22','21','9','0'),('23','21','19','0'),('24','22','9','0'),('25','22','19','0'),('26','24','23','0'),('27','25','23','0'),('28','26','23','0'),('29','27','23','0'),('30','29','28','0'),('31','30','28','0'),('32','31','28','0'),('33','32','28','0'),('34','33','28','0'),('35','35','34','0'),('36','36','34','0'),('37','37','34','0'),('38','38','34','0'),('39','39','34','0'),('40','40','34','0'),('41','41','34','0'),('42','43','42','0'),('43','44','42','0'),('44','45','42','0'),('45','48','47','0'),('46','49','47','0'),('47','50','47','0'),('48','51','47','0'),('49','52','47','0'),('72','53','47','0'),('52','56','54','0'),('53','57','54','0'),('54','58','54','0'),('55','59','54','0'),('56','60','54','0'),('57','61','54','0'),('58','62','54','0'),('59','64','63','0'),('60','65','63','0'),('61','66','63','0'),('62','70','63','0');
DROP TABLE IF EXISTS `diafan_shop_category_rel`;
CREATE TABLE `diafan_shop_category_rel` (
  `id` int(11) unsigned NOT NULL AUTO_INCREMENT COMMENT 'идентификатор',
  `element_id` int(11) unsigned NOT NULL DEFAULT '0' COMMENT 'идентификатор товара из таблицы `diafan_shop`',
  `cat_id` int(11) unsigned NOT NULL DEFAULT '0' COMMENT 'идентификатор категории из таблицы `diafan_shop_category`',
  `trash` enum('0','1') NOT NULL DEFAULT '0' COMMENT 'запись удалена в корзину: 0 - нет, 1 - да',
  PRIMARY KEY (`id`),
  KEY `cat_id` (`cat_id`)
) ENGINE=MyISAM AUTO_INCREMENT=2942 DEFAULT CHARSET=utf8 COMMENT='Связи товаров и категорий';

INSERT INTO `diafan_shop_category_rel` VALUES ('1637','1','3','0'),('2935','335','40','0'),('2932','338','40','0'),('2701','4','3','0'),('1999','535','12','0'),('2934','336','40','0'),('1636','7','3','0'),('2931','339','40','0'),('2000','536','10','0'),('2933','337','40','0'),('2722','11','4','0'),('2930','340','40','0'),('2001','536','11','0'),('123','14','10','0'),('122','14','12','0'),('1817','478','10','0'),('2567','15','72','0'),('2586','473','10','0'),('1813','16','15','0'),('2564','17','72','0'),('2563','17','10','0'),('2560','18','72','0'),('2559','18','10','0'),('2556','19','72','0'),('2555','19','10','0'),('2369','20','15','0'),('2368','20','10','0'),('2694','21','12','0'),('2693','21','15','0'),('2492','471','10','0'),('1811','22','15','0'),('80','23','12','0'),('79','23','10','0'),('111','24','10','0'),('110','24','12','0'),('2495','470','10','0'),('2690','25','15','0'),('2498','469','10','0'),('1807','26','15','0'),('2362','27','15','0'),('2226','28','15','0'),('2225','28','10','0'),('2358','29','15','0'),('2357','29','10','0'),('2503','467','10','0'),('1804','30','15','0'),('2510','464','10','0'),('1802','31','15','0'),('78','23','11','0'),('2356','29','11','0'),('1806','26','12','0'),('1805','26','11','0'),('81','23','15','0'),('2692','21','10','0'),('2691','21','11','0'),('2554','19','11','0'),('2558','18','11','0'),('2562','17','11','0'),('2566','15','11','0'),('1801','31','12','0'),('1803','30','12','0'),('2224','28','12','0'),('2689','25','12','0'),('112','24','15','0'),('1810','22','12','0'),('2367','20','12','0'),('1812','16','12','0'),('124','14','15','0'),('2458','627','17','0'),('2451','626','18','0'),('2450','625','18','0'),('2449','624','18','0'),('1754','33','46','0'),('2039','34','17','0'),('2177','35','17','0'),('2046','36','18','0'),('2519','450','11','0'),('1968','38','67','0'),('1967','38','20','0'),('1971','39','67','0'),('1970','39','21','0'),('1128','40','20','0'),('1127','40','19','0'),('1125','41','21','0'),('1124','41','19','0'),('1123','41','9','0'),('1126','40','9','0'),('1969','39','19','0'),('1966','38','19','0'),('1122','42','20','0'),('1121','42','19','0'),('1120','42','9','0'),('2294','406','12','0'),('1755','43','51','0'),('2293','406','11','0'),('1355','44','46','0'),('1354','44','51','0'),('2292','406','10','0'),('2291','45','46','0'),('2290','45','51','0'),('2923','347','24','0'),('2321','564','12','0'),('2188','46','52','0'),('2918','351','25','0'),('2922','348','25','0'),('1797','47','52','0'),('2735','619','36','0'),('1358','48','49','0'),('2736','618','36','0'),('1360','49','50','0'),('1359','49','39','0'),('2737','617','35','0'),('1362','50','50','0'),('1361','50','39','0'),('2732','622','11','0'),('1364','51','50','0'),('1363','51','39','0'),('2733','621','36','0'),('1366','52','50','0'),('1365','52','39','0'),('2714','53','50','0'),('2713','53','39','0'),('1863','488','12','0'),('1862','487','12','0'),('2327','54','50','0'),('2326','54','39','0'),('1861','486','12','0'),('1860','485','12','0'),('2325','55','50','0'),('2324','55','39','0'),('2878','389','17','0'),('1407','56','61','0'),('2879','388','17','0'),('1408','57','61','0'),('2880','387','17','0'),('2635','58','59','0'),('2917','351','24','0'),('2186','59','29','0'),('2916','352','50','0'),('2160','60','29','0'),('2803','526','21','0'),('2223','61','29','0'),('2802','526','19','0'),('2262','62','30','0'),('2261','62','29','0'),('2806','525','21','0'),('1161','63','31','0'),('2805','525','19','0'),('1162','64','31','0'),('2482','631','38','0'),('2727','630','40','0'),('2728','629','40','0'),('2734','620','36','0'),('2219','413','13','0'),('1646','66','26','0'),('1645','66','48','0'),('2703','403','12','0'),('1372','67','27','0'),('1371','67','26','0'),('1370','67','48','0'),('2702','403','10','0'),('2333','68','48','0'),('2926','344','26','0'),('2267','414','13','0'),('1644','69','48','0'),('2867','402','12','0'),('1649','415','13','0'),('2347','70','26','0'),('2346','70','48','0'),('2866','402','10','0'),('2925','345','24','0'),('2345','71','27','0'),('2344','71','48','0'),('2738','616','35','0'),('2343','72','48','0'),('2739','615','35','0'),('2342','73','48','0'),('2434','614','32','0'),('2341','74','48','0'),('2868','400','8','0'),('2924','346','24','0'),('1650','416','13','0'),('2340','75','48','0'),('2869','399','8','0'),('1389','76','48','0'),('2870','398','8','0'),('1390','77','48','0'),('2871','397','8','0'),('1391','78','48','0'),('2269','395','8','0'),('1392','79','48','0'),('2873','394','8','0'),('2927','343','26','0'),('2335','80','27','0'),('2334','80','48','0'),('2874','393','8','0'),('1396','81','48','0'),('2875','392','8','0'),('1651','417','13','0'),('1640','82','26','0'),('1639','82','48','0'),('2876','391','8','0'),('2126','83','38','0'),('2804','525','20','0'),('2091','84','7','0'),('2090','84','30','0'),('2808','524','19','0'),('2093','85','7','0'),('2092','85','30','0'),('2807','524','20','0'),('2094','86','30','0'),('1670','434','18','0'),('2278','87','7','0'),('2277','87','44','0'),('2276','87','43','0'),('1669','433','18','0'),('1313','88','44','0'),('1312','88','7','0'),('1311','88','43','0'),('1668','432','18','0'),('2632','89','43','0'),('1667','431','18','0'),('1315','90','44','0'),('1666','430','18','0'),('2631','91','43','0'),('1665','429','18','0'),('2630','92','43','0'),('1662','428','13','0'),('1323','93','44','0'),('1322','93','43','0'),('1321','93','31','0'),('1320','93','30','0'),('1319','93','7','0'),('1318','93','8','0'),('1307','37','45','0'),('1661','427','13','0'),('1325','94','7','0'),('1324','94','45','0'),('1859','484','12','0'),('2125','95','38','0'),('1858','483','12','0'),('2124','96','38','0'),('1857','482','12','0'),('2123','97','38','0'),('1856','481','12','0'),('2122','98','38','0'),('1855','480','12','0'),('2121','99','38','0'),('1854','479','12','0'),('2120','100','38','0'),('2610','386','8','0'),('2801','526','20','0'),('2133','101','25','0'),('2132','101','24','0'),('2800','527','22','0'),('2131','102','25','0'),('2130','102','7','0'),('2129','102','24','0'),('2799','527','19','0'),('2128','103','25','0'),('2127','103','24','0'),('1413','104','67','0'),('1412','104','68','0'),('2881','385','8','0'),('1415','105','7','0'),('1414','105','61','0'),('379','106','67','0'),('380','107','67','0'),('2883','384','67','0'),('2929','341','53','0'),('1467','108','7','0'),('1466','108','56','0'),('1660','426','13','0'),('2629','109','43','0'),('1659','425','13','0'),('1329','110','44','0'),('1328','110','7','0'),('1327','110','43','0'),('1658','424','13','0'),('1333','111','45','0'),('1332','111','44','0'),('1331','111','7','0'),('1330','111','43','0'),('2810','523','19','0'),('1169','112','7','0'),('1168','112','31','0'),('2809','523','20','0'),('2279','113','31','0'),('2812','522','19','0'),('1171','114','31','0'),('2811','522','20','0'),('1172','115','31','0'),('2814','521','19','0'),('1173','116','31','0'),('2813','521','20','0'),('1174','117','31','0'),('2816','520','19','0'),('2104','118','31','0'),('2815','520','21','0'),('2110','119','31','0'),('2818','519','19','0'),('1177','120','31','0'),('2817','519','21','0'),('2095','121','30','0'),('2820','518','19','0'),('2096','122','30','0'),('2819','518','21','0'),('2097','123','30','0'),('2822','517','19','0'),('2098','124','30','0'),('2821','517','21','0'),('2103','125','31','0'),('2102','125','30','0'),('2101','125','7','0'),('2100','125','8','0'),('2824','516','19','0'),('2109','126','31','0'),('2108','126','30','0'),('2107','126','7','0'),('2106','126','8','0'),('2823','516','21','0'),('2111','127','30','0'),('2826','515','19','0'),('1196','128','30','0'),('2825','515','21','0'),('2678','129','7','0'),('2677','129','30','0'),('2827','514','21','0'),('2115','130','7','0'),('2114','130','30','0'),('2829','513','19','0'),('2757','598','6','0'),('2758','597','6','0'),('2400','131','32','0'),('2882','384','19','0'),('1420','132','7','0'),('1419','132','58','0'),('2884','383','40','0'),('1421','133','58','0'),('2872','396','8','0'),('1586','134','7','0'),('1585','134','41','0'),('2685','135','67','0'),('2684','135','7','0'),('2683','135','41','0'),('2865','435','12','0'),('2854','437','12','0'),('1265','136','38','0'),('2847','442','10','0'),('2153','137','38','0'),('2152','137','35','0'),('2845','443','10','0'),('2151','138','35','0'),('2150','138','38','0'),('2524','448','10','0'),('2149','139','35','0'),('2148','139','38','0'),('2517','451','10','0'),('2147','140','35','0'),('2146','140','38','0'),('1657','423','13','0'),('1337','141','45','0'),('1336','141','44','0'),('1335','141','7','0'),('1334','141','43','0'),('2828','513','21','0'),('2138','142','7','0'),('2137','142','30','0'),('2831','512','19','0'),('2139','143','31','0'),('2830','512','21','0'),('1207','144','30','0'),('2833','511','19','0'),('1208','145','31','0'),('1656','422','13','0'),('2628','146','43','0'),('1655','421','13','0'),('1341','147','44','0'),('1340','147','7','0'),('1339','147','43','0'),('1654','420','13','0'),('1342','148','45','0'),('2832','511','21','0'),('2835','510','19','0'),('1214','149','44','0'),('1213','149','43','0'),('1212','149','31','0'),('1211','149','30','0'),('1210','149','7','0'),('1209','149','8','0'),('2798','528','22','0'),('2687','150','7','0'),('2686','150','24','0'),('2797','528','19','0'),('2682','151','7','0'),('2681','151','25','0'),('2920','350','25','0'),('2663','152','27','0'),('2919','350','24','0'),('2662','153','27','0'),('542','154','67','0'),('543','155','70','0'),('544','156','70','0'),('545','157','70','0'),('546','158','70','0'),('547','159','70','0'),('2885','382','40','0'),('1422','160','57','0'),('2886','381','36','0'),('1425','161','56','0'),('1424','161','7','0'),('1423','161','57','0'),('2887','380','36','0'),('1426','162','57','0'),('2888','379','36','0'),('1428','163','7','0'),('1427','163','57','0'),('2729','628','40','0'),('1429','164','57','0'),('2889','377','36','0'),('1430','165','57','0'),('2890','376','36','0'),('1431','166','57','0'),('1554','375','36','0'),('1432','167','57','0'),('2891','374','35','0'),('1433','168','56','0'),('2892','373','35','0'),('1434','169','57','0'),('2893','372','35','0'),('1435','170','57','0'),('573','171','65','0'),('574','172','65','0'),('575','173','65','0'),('576','174','65','0'),('577','175','65','0'),('2657','176','65','0'),('579','177','65','0'),('580','178','65','0'),('1482','179','65','0'),('582','180','65','0'),('2658','181','65','0'),('584','182','65','0'),('585','183','65','0'),('2656','184','65','0'),('2655','185','65','0'),('2654','186','65','0'),('2653','187','65','0'),('2652','188','65','0'),('591','189','65','0'),('2649','190','65','0'),('2647','191','65','0'),('2646','192','65','0'),('2648','193','65','0'),('2643','194','65','0'),('2642','195','65','0'),('2641','196','65','0'),('2640','197','65','0'),('2637','198','65','0'),('605','199','66','0'),('606','200','66','0'),('607','201','66','0'),('608','202','66','0'),('609','203','66','0'),('610','204','66','0'),('611','205','64','0'),('612','206','64','0'),('613','207','64','0'),('614','208','64','0'),('615','209','64','0'),('616','210','64','0'),('617','211','64','0'),('618','212','64','0'),('2659','213','64','0'),('621','214','64','0'),('2636','215','64','0'),('623','216','64','0'),('624','217','64','0'),('625','218','64','0'),('1653','419','13','0'),('2116','219','45','0'),('1652','418','13','0'),('2119','220','45','0'),('2834','510','21','0'),('1215','221','31','0'),('2837','509','19','0'),('2676','222','31','0'),('2836','509','21','0'),('2134','223','31','0'),('2839','508','19','0'),('2136','224','31','0'),('2838','508','21','0'),('2105','225','31','0'),('1993','507','12','0'),('2099','226','30','0'),('646','227','67','0'),('647','227','7','0'),('1992','507','11','0'),('1221','228','31','0'),('1991','507','10','0'),('1222','229','31','0'),('1895','506','12','0'),('1223','230','31','0'),('1894','506','11','0'),('1224','231','31','0'),('1893','506','10','0'),('1225','232','30','0'),('1226','233','30','0'),('2894','371','35','0'),('1436','234','57','0'),('2895','370','35','0'),('1437','235','56','0'),('2896','369','35','0'),('1438','236','56','0'),('2897','368','35','0'),('1439','237','56','0'),('2898','367','35','0'),('1440','238','56','0'),('2452','412','5','0'),('1345','239','44','0'),('2453','411','5','0'),('1346','240','44','0'),('2454','410','5','0'),('2627','241','43','0'),('2455','409','5','0'),('2626','242','43','0'),('2456','408','5','0'),('2264','243','44','0'),('2263','243','43','0'),('2457','407','5','0'),('1352','244','44','0'),('1351','244','43','0'),('2796','529','22','0'),('1119','245','12','0'),('1118','245','11','0'),('1117','245','10','0'),('2794','530','22','0'),('1116','246','11','0'),('1115','246','10','0'),('2793','530','19','0'),('2306','247','12','0'),('2305','247','11','0'),('2304','247','10','0'),('2900','366','35','0'),('2634','248','59','0'),('2901','365','35','0'),('2633','249','59','0'),('2902','364','35','0'),('1443','250','59','0'),('2903','363','35','0'),('2928','342','53','0'),('1465','251','17','0'),('1464','251','58','0'),('2904','362','35','0'),('1447','252','58','0'),('2905','361','35','0'),('1448','253','58','0'),('2906','360','35','0'),('2361','27','12','0'),('1463','254','59','0'),('2907','359','35','0'),('2360','27','11','0'),('1462','255','59','0'),('2908','358','35','0'),('1453','256','61','0'),('2909','357','35','0'),('1454','257','61','0'),('2720','505','16','0'),('1227','258','31','0'),('2719','505','10','0'),('1228','259','31','0'),('2718','505','8','0'),('1229','260','32','0'),('1888','504','17','0'),('1230','261','30','0'),('1887','503','17','0'),('2315','262','30','0'),('2910','356','35','0'),('1455','263','59','0'),('2911','355','39','0'),('1456','264','59','0'),('2912','354','39','0'),('1457','265','59','0'),('2914','353','50','0'),('1458','266','59','0'),('2913','353','39','0'),('1459','267','59','0'),('2915','352','39','0'),('1460','268','61','0'),('2359','27','10','0'),('1461','269','61','0'),('773','270','46','0'),('774','271','46','0'),('775','272','46','0'),('776','273','46','0'),('777','274','46','0'),('778','275','46','0'),('779','276','46','0'),('780','277','46','0'),('1886','502','17','0'),('2397','278','69','0'),('2396','278','32','0'),('1885','501','17','0'),('2614','279','32','0'),('1884','500','17','0'),('1235','280','32','0'),('1881','499','17','0'),('1236','281','31','0'),('1879','498','12','0'),('1237','282','31','0'),('2795','529','19','0'),('2921','349','25','0'),('1514','283','67','0'),('1513','283','58','0'),('1512','283','17','0'),('1839','454','10','0'),('2877','390','8','0'),('2759','596','6','0'),('2760','595','6','0'),('2941','284','7','0'),('2940','284','50','0'),('2939','284','40','0'),('2938','284','39','0'),('1837','456','10','0'),('1289','285','35','0'),('1835','458','10','0'),('1290','286','35','0'),('1816','478','11','0'),('1291','287','35','0'),('1774','477','11','0'),('1292','288','35','0'),('1773','476','11','0'),('1293','289','35','0'),('1772','475','11','0'),('1294','290','35','0'),('1771','474','11','0'),('1295','291','35','0'),('2585','473','11','0'),('1296','292','35','0'),('2583','472','11','0'),('1297','293','35','0'),('2491','471','11','0'),('1298','294','35','0'),('1834','458','11','0'),('1299','295','35','0'),('1736','457','11','0'),('1300','296','35','0'),('1836','456','11','0'),('1301','297','35','0'),('2266','455','11','0'),('1302','298','35','0'),('1838','454','11','0'),('1303','299','35','0'),('1732','453','11','0'),('1304','300','35','0'),('2514','452','11','0'),('1305','301','35','0'),('2516','451','11','0'),('1306','302','35','0'),('1878','498','11','0'),('1238','303','31','0'),('1877','498','10','0'),('1239','304','31','0'),('1876','497','12','0'),('1240','305','30','0'),('1875','497','11','0'),('2026','306','30','0'),('1874','497','10','0'),('1242','307','30','0'),('1873','496','12','0'),('2158','308','30','0'),('1872','495','12','0'),('1244','309','29','0'),('1871','494','12','0'),('2157','310','29','0'),('1868','493','12','0'),('2156','311','29','0'),('1867','492','12','0'),('2155','312','33','0'),('1866','491','12','0'),('2154','313','33','0'),('1865','490','12','0'),('1249','314','32','0'),('1864','489','12','0'),('1252','315','32','0'),('1251','315','7','0'),('1250','315','8','0'),('2792','531','22','0'),('2857','436','12','0'),('2864','435','72','0'),('1833','460','10','0'),('1750','459','11','0'),('2601','316','72','0'),('2600','316','8','0'),('2791','531','19','0'),('2856','436','72','0'),('2863','435','10','0'),('2840','461','27','0'),('1832','460','11','0'),('2598','317','72','0'),('2597','317','8','0'),('2790','532','21','0'),('2853','437','72','0'),('2852','437','10','0'),('1830','462','11','0'),('1756','43','46','0'),('2595','318','72','0'),('2594','318','8','0'),('2789','532','20','0'),('2849','439','11','0'),('2850','438','12','0'),('2509','464','11','0'),('2512','463','11','0'),('2592','319','72','0'),('2591','319','8','0'),('2788','532','19','0'),('2848','440','11','0'),('2502','467','11','0'),('2505','466','11','0'),('2507','465','11','0'),('1786','320','16','0'),('1785','320','8','0'),('2787','533','21','0'),('2846','442','11','0'),('1718','441','11','0'),('2494','470','11','0'),('2497','469','11','0'),('2500','468','11','0'),('1784','321','16','0'),('1783','321','8','0'),('2786','533','20','0'),('1721','444','11','0'),('2844','443','11','0'),('1831','462','10','0'),('1800','322','16','0'),('1799','322','12','0'),('1798','322','8','0'),('2785','533','19','0'),('2842','449','72','0'),('2523','448','11','0'),('2526','447','11','0'),('1723','446','11','0'),('2843','445','11','0'),('2260','323','16','0'),('2259','323','8','0'),('2784','534','21','0'),('2552','324','72','0'),('2551','324','10','0'),('2783','534','20','0'),('2549','325','72','0'),('2548','325','10','0'),('2782','534','19','0'),('2546','326','72','0'),('2545','326','10','0'),('1998','535','11','0'),('2543','327','72','0'),('2542','327','10','0'),('1997','535','10','0'),('2540','328','72','0'),('2539','328','10','0'),('1635','9','3','0'),('1638','8','3','0'),('1013','329','46','0'),('1014','330','46','0'),('1015','331','46','0'),('1016','332','46','0'),('2937','333','46','0'),('2936','334','46','0'),('1044','6','3','0'),('1043','10','4','0'),('1037','13','4','0'),('1040','12','4','0'),('1479','3','3','0'),('2232','5','3','0'),('1477','2','3','0'),('2002','536','12','0'),('2003','537','10','0'),('2004','537','11','0'),('2005','537','12','0'),('2477','538','12','0'),('2476','538','11','0'),('2475','538','10','0'),('2781','539','50','0'),('2780','539','39','0'),('2323','540','50','0'),('2322','540','39','0'),('2779','541','50','0'),('2778','541','39','0'),('2712','542','50','0'),('2711','542','39','0'),('2777','543','17','0'),('2776','544','25','0'),('2775','545','25','0'),('2774','546','25','0'),('2773','547','25','0'),('2772','548','18','0'),('2771','549','24','0'),('2770','550','7','0'),('2769','550','24','0'),('2768','551','24','0'),('2767','552','24','0'),('2766','553','24','0'),('2765','554','24','0'),('2764','555','24','0'),('2763','556','24','0'),('2448','623','18','0'),('2258','558','8','0'),('2731','622','72','0'),('2664','560','26','0'),('2386','561','8','0'),('2168','562','10','0'),('2169','562','11','0'),('2170','562','12','0'),('2187','563','29','0'),('2399','565','11','0'),('2398','565','10','0'),('2203','566','12','0'),('2202','566','10','0'),('2242','567','8','0'),('2208','568','18','0'),('2222','569','5','0'),('2214','570','5','0'),('2762','571','5','0'),('2761','572','5','0'),('2221','573','5','0'),('2220','574','5','0'),('2228','575','58','0'),('2229','575','17','0'),('2249','576','18','0'),('2256','577','8','0'),('2257','578','8','0'),('2581','579','10','0'),('2349','580','48','0'),('2350','581','48','0'),('2351','582','48','0'),('2352','583','48','0'),('2353','584','48','0'),('2376','585','11','0'),('2379','586','12','0'),('2378','587','51','0'),('2380','588','11','0'),('2381','589','11','0'),('2382','589','12','0'),('2383','590','11','0'),('2384','590','12','0'),('2387','561','16','0'),('2388','591','8','0'),('2389','591','16','0'),('2589','592','72','0'),('2588','592','8','0'),('2392','593','8','0'),('2393','593','16','0'),('2394','594','8','0'),('2395','594','16','0'),('2756','599','6','0'),('2755','600','6','0'),('2754','601','6','0'),('2753','602','6','0'),('2752','603','6','0'),('2751','604','6','0'),('2750','605','6','0'),('2749','606','6','0'),('2748','607','6','0'),('2747','608','6','0'),('2746','609','6','0'),('2745','610','6','0'),('2744','611','6','0'),('2743','612','8','0'),('2742','612','6','0'),('2741','613','8','0'),('2740','613','6','0'),('2580','579','11','0'),('2463','632','38','0'),('2483','633','38','0'),('2465','634','38','0'),('2466','635','38','0'),('2467','636','38','0'),('2484','637','38','0'),('2469','638','38','0'),('2470','639','38','0'),('2471','640','38','0'),('2472','641','38','0'),('2481','642','38','0'),('2474','643','38','0'),('2485','644','11','0'),('2575','645','11','0'),('2480','646','13','0'),('2486','647','11','1'),('2573','648','11','0'),('2571','649','11','0'),('2569','650','11','0'),('2493','471','72','0'),('2496','470','72','0'),('2499','469','72','0'),('2501','468','72','0'),('2504','467','72','0'),('2506','466','72','0'),('2508','465','72','0'),('2511','464','72','0'),('2513','463','72','0'),('2515','452','72','0'),('2518','451','72','0'),('2520','450','72','0'),('2841','449','11','0'),('2525','448','72','0'),('2527','447','72','0'),('2851','437','11','0'),('2862','435','11','0'),('2855','436','11','0'),('2541','328','11','0'),('2544','327','11','0'),('2547','326','11','0'),('2550','325','11','0'),('2553','324','11','0'),('2557','19','15','0'),('2561','18','15','0'),('2565','17','15','0'),('2568','15','15','0'),('2570','650','72','0'),('2572','649','72','0'),('2574','648','72','0'),('2576','645','72','0'),('2730','622','10','0'),('2582','579','72','0'),('2584','472','72','0'),('2587','473','72','0'),('2590','592','16','0'),('2593','319','16','0'),('2596','318','16','0'),('2599','317','16','0'),('2602','316','16','0'),('2726','651','8','0'),('2725','651','24','0'),('2724','652','24','0'),('2723','653','24','0'),('2666','654','10','0'),('2667','654','11','0'),('2668','654','12','0'),('2669','655','10','0'),('2670','655','11','0'),('2671','655','12','0'),('2672','656','10','0'),('2673','656','11','0'),('2674','656','12','0'),('2675','657','17','0'),('2705','658','16','0'),('2706','658','8','0'),('2707','658','72','0');
DROP TABLE IF EXISTS `diafan_shop_counter`;
CREATE TABLE `diafan_shop_counter` (
  `id` int(11) unsigned NOT NULL AUTO_INCREMENT COMMENT 'идентификатор',
  `element_id` int(11) unsigned NOT NULL DEFAULT '0' COMMENT 'идентификатор товара из таблицы `diafan_shop`',
  `count_view` int(11) unsigned NOT NULL DEFAULT '0' COMMENT 'количество просмотров',
  `trash` enum('0','1') NOT NULL DEFAULT '0' COMMENT 'запись удалена в корзину: 0 - нет, 1 - да',
  PRIMARY KEY (`id`),
  KEY `element_id` (`element_id`)
) ENGINE=MyISAM AUTO_INCREMENT=637 DEFAULT CHARSET=utf8 COMMENT='Счетчик просмотров товаров';

INSERT INTO `diafan_shop_counter` VALUES ('1','1','42','0'),('2','3','32','0'),('3','9','24','0'),('4','6','45','0'),('5','8','33','0'),('6','2','35','0'),('7','7','15','0'),('8','13','36','0'),('9','12','34','0'),('10','11','37','0'),('11','22','37','0'),('12','21','25','0'),('13','23','44','0'),('14','19','34','0'),('15','38','50','0'),('16','18','22','0'),('17','14','29','0'),('18','45','38','0'),('19','10','31','0'),('20','48','37','0'),('21','40','11','0'),('22','17','19','0'),('23','24','26','0'),('594','614','1','0'),('25','35','53','0'),('26','46','36','0'),('27','16','20','0'),('28','59','40','0'),('29','4','41','0'),('30','51','33','0'),('31','50','25','0'),('32','55','30','0'),('33','41','10','0'),('34','27','25','0'),('35','5','62','0'),('36','60','40','0'),('37','47','26','0'),('38','43','33','0'),('39','44','38','0'),('40','49','32','0'),('41','52','27','0'),('42','54','27','0'),('43','53','26','0'),('44','34','38','0'),('45','36','26','0'),('593','581','1','0'),('47','15','35','0'),('48','29','25','0'),('49','26','31','0'),('50','25','25','0'),('51','28','38','0'),('52','31','29','0'),('53','20','29','0'),('54','30','20','0'),('55','42','9','0'),('56','39','42','0'),('57','37','39','0'),('58','33','37','0'),('59','57','20','0'),('60','56','17','0'),('61','58','21','0'),('62','63','25','0'),('63','64','22','0'),('64','61','47','0'),('65','62','44','0'),('66','66','45','0'),('67','133','47','0'),('68','99','30','0'),('69','98','39','0'),('70','135','101','0'),('71','87','57','0'),('72','121','31','0'),('73','119','34','0'),('74','131','53','0'),('75','132','45','0'),('76','167','35','0'),('77','161','66','0'),('78','162','63','0'),('79','93','65','0'),('80','151','45','0'),('81','150','57','0'),('82','141','34','0'),('83','149','57','0'),('84','126','49','0'),('85','125','62','0'),('86','69','37','0'),('87','75','18','0'),('88','80','22','0'),('89','68','14','0'),('90','67','60','0'),('91','72','12','0'),('92','70','32','0'),('93','73','11','0'),('94','71','16','0'),('95','74','13','0'),('96','76','23','0'),('97','77','17','0'),('98','78','22','0'),('99','79','23','0'),('100','81','21','0'),('101','82','27','0'),('102','136','31','0'),('103','139','27','0'),('104','137','26','0'),('105','138','23','0'),('106','140','32','0'),('107','95','40','0'),('108','97','36','0'),('109','96','36','0'),('110','100','38','0'),('111','83','24','0'),('112','110','44','0'),('113','111','40','0'),('114','147','27','0'),('115','94','30','0'),('116','148','23','0'),('117','92','23','0'),('118','91','24','0'),('119','109','21','0'),('120','146','23','0'),('121','160','33','0'),('122','163','41','0'),('123','164','31','0'),('124','165','29','0'),('125','106','39','0'),('126','107','39','0'),('127','102','45','0'),('128','101','35','0'),('129','103','38','0'),('130','114','44','0'),('131','143','22','0'),('132','113','27','0'),('133','145','25','0'),('134','129','37','0'),('135','142','33','0'),('136','123','26','0'),('137','127','25','0'),('138','128','26','0'),('139','144','27','0'),('140','130','32','0'),('141','108','51','0'),('142','104','40','0'),('143','124','27','0'),('144','122','26','0'),('145','86','19','0'),('146','88','53','0'),('147','90','26','0'),('148','89','25','0'),('149','179','21','0'),('150','116','14','0'),('151','117','12','0'),('152','112','32','0'),('153','115','19','0'),('154','118','19','0'),('155','120','21','0'),('156','84','24','0'),('157','85','26','0'),('158','134','68','0'),('159','183','21','0'),('160','184','23','0'),('161','185','24','0'),('162','186','16','0'),('163','157','14','0'),('164','156','14','0'),('165','158','13','0'),('166','159','17','0'),('167','105','33','0'),('168','168','34','0'),('169','166','29','0'),('170','169','30','0'),('171','170','25','0'),('172','154','36','0'),('173','153','28','0'),('174','152','33','0'),('175','176','19','0'),('176','175','15','0'),('177','177','19','0'),('178','181','18','0'),('179','178','17','0'),('180','180','16','0'),('181','182','19','0'),('182','173','11','0'),('183','174','22','0'),('184','155','15','0'),('185','227','58','0'),('186','243','33','0'),('187','226','35','0'),('188','245','56','0'),('189','193','15','0'),('190','187','14','0'),('191','188','14','0'),('192','191','16','0'),('193','192','16','0'),('194','189','17','0'),('195','190','18','0'),('196','194','16','0'),('197','171','17','0'),('198','172','19','0'),('199','246','29','0'),('200','244','31','0'),('201','242','23','0'),('202','228','18','0'),('203','225','22','0'),('204','238','10','0'),('205','237','14','0'),('206','236','13','0'),('207','235','12','0'),('208','278','32','0'),('209','284','61','0'),('210','259','28','0'),('211','240','13','0'),('212','239','11','0'),('213','241','15','0'),('214','223','13','0'),('215','276','32','0'),('216','277','32','0'),('217','271','29','0'),('218','272','22','0'),('219','273','19','0'),('220','274','20','0'),('221','234','20','0'),('222','251','35','0'),('223','253','19','0'),('224','254','22','0'),('225','255','11','0'),('226','268','8','0'),('227','256','17','0'),('228','257','12','0'),('229','248','14','0'),('230','249','19','0'),('231','250','15','0'),('232','219','20','0'),('233','220','17','0'),('234','216','11','0'),('235','217','7','0'),('236','218','7','0'),('237','222','16','0'),('238','221','12','0'),('239','224','11','0'),('240','291','13','0'),('241','285','5','0'),('242','288','4','0'),('243','302','6','0'),('244','301','8','0'),('245','300','8','0'),('246','292','9','0'),('247','293','5','0'),('248','294','6','0'),('249','296','8','0'),('250','295','6','0'),('251','298','8','0'),('252','297','6','0'),('253','299','10','0'),('254','247','17','0'),('255','196','8','0'),('256','197','7','0'),('257','198','7','0'),('258','275','27','0'),('259','195','3','0'),('260','283','60','0'),('261','258','22','0'),('262','260','22','0'),('263','280','27','0'),('264','215','10','0'),('265','286','6','0'),('266','287','2','0'),('267','289','3','0'),('268','290','9','0'),('269','315','50','0'),('270','261','36','0'),('271','312','23','0'),('272','313','15','0'),('273','320','60','0'),('274','317','57','0'),('275','316','38','0'),('276','318','32','0'),('277','321','36','0'),('278','322','46','0'),('279','319','41','0'),('280','323','39','0'),('281','270','29','0'),('282','252','20','0'),('283','263','16','0'),('284','267','17','0'),('285','269','12','0'),('286','281','18','0'),('287','279','25','0'),('288','314','29','0'),('289','303','27','0'),('290','327','27','0'),('291','328','35','0'),('292','325','25','0'),('293','229','19','0'),('294','262','18','0'),('295','311','24','0'),('296','266','18','0'),('297','231','14','0'),('298','304','11','0'),('299','305','29','0'),('300','341','27','0'),('301','342','17','0'),('302','330','31','0'),('303','282','24','0'),('304','344','29','0'),('305','343','27','0'),('306','345','59','0'),('307','346','74','0'),('308','348','48','0'),('309','350','57','0'),('310','349','75','0'),('311','356','20','0'),('312','357','15','0'),('313','381','17','0'),('314','351','65','0'),('315','377','40','0'),('316','385','210','0'),('317','386','66','0'),('318','389','23','0'),('319','390','51','0'),('320','364','7','0'),('321','393','83','0'),('322','411','16','0'),('323','392','108','0'),('589','615','2','0'),('325','402','29','0'),('590','622','18','0'),('327','326','28','0'),('328','399','69','0'),('329','370','20','0'),('330','425','68','0'),('591','582','1','0'),('332','398','69','0'),('333','391','73','0'),('334','403','42','0'),('335','396','120','0'),('336','395','126','0'),('337','406','49','0'),('338','444','15','0'),('339','437','17','0'),('340','331','31','0'),('341','360','15','0'),('342','374','16','0'),('343','359','17','0'),('344','358','10','0'),('345','365','11','0'),('346','367','17','0'),('347','372','14','0'),('348','354','26','0'),('349','355','16','0'),('350','352','8','0'),('351','353','29','0'),('352','382','16','0'),('353','383','14','0'),('354','335','13','0'),('355','340','16','0'),('356','336','11','0'),('357','337','20','0'),('358','338','19','0'),('359','339','15','0'),('360','324','13','0'),('361','384','26','0'),('362','334','29','0'),('363','333','27','0'),('364','332','25','0'),('365','329','25','0'),('366','407','16','0'),('367','460','23','0'),('368','400','71','0'),('369','431','11','0'),('370','432','14','0'),('371','433','14','0'),('372','434','16','0'),('373','429','12','0'),('374','430','17','0'),('375','387','17','0'),('376','409','11','0'),('377','380','15','0'),('378','379','23','0'),('379','208','11','0'),('380','306','25','0'),('381','210','6','0'),('382','212','8','0'),('383','213','10','0'),('384','211','5','0'),('385','214','6','0'),('386','205','15','0'),('387','206','8','0'),('388','207','7','0'),('389','209','6','0'),('390','202','6','0'),('391','199','13','0'),('392','200','11','0'),('393','201','11','0'),('394','203','8','0'),('395','204','7','0'),('396','373','4','0'),('397','362','11','0'),('398','363','3','0'),('399','366','10','0'),('400','368','9','0'),('401','369','5','0'),('402','371','10','0'),('403','361','9','0'),('404','376','32','0'),('405','375','22','0'),('406','388','9','0'),('407','413','6','0'),('408','414','5','0'),('409','417','17','0'),('410','416','7','0'),('411','418','7','0'),('412','419','16','0'),('413','420','11','0'),('414','421','14','0'),('415','422','6','0'),('416','423','6','0'),('417','424','7','0'),('418','426','9','0'),('419','427','12','0'),('420','428','4','0'),('421','435','19','0'),('422','439','14','0'),('423','440','11','0'),('424','441','8','0'),('425','443','29','0'),('426','445','12','0'),('427','446','12','0'),('428','442','33','0'),('429','451','40','0'),('430','455','10','0'),('431','448','18','0'),('432','447','13','0'),('433','450','17','0'),('434','452','17','0'),('435','453','7','0'),('436','454','26','0'),('437','458','12','0'),('438','456','21','0'),('439','436','15','0'),('440','438','6','0'),('441','394','73','0'),('442','397','39','0'),('443','265','17','0'),('444','264','11','0'),('445','347','53','0'),('446','505','50','0'),('447','461','24','0'),('448','415','11','0'),('449','493','11','0'),('450','462','14','0'),('451','498','28','0'),('452','497','23','0'),('453','506','19','0'),('454','489','10','0'),('455','464','15','0'),('456','532','16','0'),('457','525','15','0'),('458','533','9','0'),('459','457','11','0'),('460','475','14','0'),('461','307','13','0'),('462','308','16','0'),('463','309','25','0'),('464','310','22','0'),('465','463','22','0'),('466','467','12','0'),('467','471','11','0'),('468','465','10','0'),('469','470','13','0'),('470','472','17','0'),('471','469','13','0'),('472','468','12','0'),('473','449','11','0'),('474','459','11','0'),('475','477','9','0'),('476','474','9','0'),('477','478','10','0'),('478','476','9','0'),('479','473','13','0'),('480','500','11','0'),('481','499','13','0'),('482','504','17','0'),('483','494','7','0'),('484','484','3','0'),('485','490','6','0'),('486','486','3','0'),('487','485','4','0'),('488','480','5','0'),('489','487','4','0'),('490','482','5','0'),('491','491','4','0'),('492','492','6','0'),('493','526','9','0'),('494','524','10','0'),('495','523','10','0'),('496','521','13','0'),('497','522','7','0'),('498','527','6','0'),('499','528','5','0'),('500','529','7','0'),('501','530','16','0'),('502','531','5','0'),('503','518','6','0'),('504','519','7','0'),('505','520','6','0'),('506','514','6','0'),('507','515','7','0'),('508','509','6','0'),('509','508','4','0'),('510','510','12','0'),('511','513','6','0'),('512','511','8','0'),('513','512','7','0'),('514','516','7','0'),('515','412','16','0'),('516','408','9','0'),('517','410','11','0'),('518','496','8','0'),('519','495','2','0'),('520','507','12','0'),('521','233','16','0'),('522','232','13','0'),('523','466','7','0'),('524','481','3','0'),('525','483','2','0'),('526','479','4','0'),('527','488','7','0'),('528','517','8','0'),('529','535','33','0'),('530','538','31','0'),('531','536','29','0'),('532','537','27','0'),('533','544','23','0'),('534','539','5','0'),('535','541','11','0'),('536','540','10','0'),('537','542','6','0'),('538','501','12','0'),('539','553','26','0'),('540','552','45','0'),('541','551','18','0'),('542','545','16','0'),('543','547','22','0'),('544','555','18','0'),('545','503','5','0'),('546','502','7','0'),('547','550','29','0'),('548','549','9','0'),('592','583','1','0'),('550','543','12','0'),('551','558','21','0'),('552','546','12','0'),('553','548','16','0'),('554','556','13','0'),('555','554','24','0'),('556','563','11','0'),('557','564','34','0'),('558','565','46','0'),('559','568','39','0'),('560','574','1','0'),('561','570','13','0'),('562','566','20','0'),('563','562','18','0'),('564','572','13','0'),('565','575','11','0'),('566','571','18','0'),('567','577','1','0'),('568','230','9','0'),('569','576','4','0'),('570','534','4','0'),('571','579','27','0'),('572','586','3','0'),('573','585','10','0'),('574','587','5','0'),('575','580','2','0'),('576','593','37','0'),('577','594','26','0'),('578','561','13','0'),('579','591','10','0'),('580','592','12','0'),('581','588','13','0'),('582','589','5','0'),('583','590','7','0'),('584','595','3','0'),('585','612','12','0'),('586','606','8','0'),('587','613','24','0'),('588','584','1','0'),('595','631','2','0'),('596','645','4','0'),('597','643','6','0'),('598','641','2','0'),('599','639','1','0'),('600','642','2','0'),('601','605','1','0'),('602','603','3','0'),('603','611','1','0'),('604','604','1','0'),('605','610','3','0'),('606','651','26','0'),('607','653','3','0'),('608','650','8','0'),('609','652','5','0'),('610','616','1','0'),('611','618','2','0'),('612','621','2','0'),('613','619','4','0'),('614','620','2','0'),('615','646','7','0'),('616','644','5','0'),('617','627','9','0'),('618','623','1','0'),('619','648','5','0'),('620','655','6','0'),('621','629','1','0'),('622','649','2','0'),('623','656','7','0'),('624','658','10','0'),('625','654','3','0'),('626','657','1','0'),('627','596','3','0'),('628','597','2','0'),('629','598','2','0'),('630','609','2','0'),('631','607','2','0'),('632','602','1','0'),('633','599','2','0'),('634','600','2','0'),('635','601','2','0'),('636','628','2','0');
DROP TABLE IF EXISTS `diafan_shop_currency`;
CREATE TABLE `diafan_shop_currency` (
  `id` smallint(5) unsigned NOT NULL AUTO_INCREMENT COMMENT 'идентификатор',
  `name` varchar(20) NOT NULL DEFAULT '' COMMENT 'название',
  `exchange_rate` double NOT NULL DEFAULT '0' COMMENT 'курс к основной валюте',
  `trash` enum('0','1') NOT NULL DEFAULT '0' COMMENT 'запись удалена в корзину: 0 - нет, 1 - да',
  PRIMARY KEY (`id`)
) ENGINE=MyISAM AUTO_INCREMENT=2 DEFAULT CHARSET=utf8 COMMENT='Дополнительные валюты магазина';

INSERT INTO `diafan_shop_currency` VALUES ('1','Euro','50','0');
DROP TABLE IF EXISTS `diafan_shop_delivery`;
CREATE TABLE `diafan_shop_delivery` (
  `id` smallint(5) unsigned NOT NULL AUTO_INCREMENT COMMENT 'идентификатор',
  `name1` varchar(50) NOT NULL DEFAULT '' COMMENT 'название',
  `text1` text NOT NULL COMMENT 'описание',
  `act1` enum('0','1') NOT NULL DEFAULT '0' COMMENT 'показывать на сайте: 0 - нет, 1 - да',
  `sort` int(11) unsigned NOT NULL DEFAULT '0' COMMENT 'подрядковый номер для сортировки',
  `trash` enum('0','1') NOT NULL DEFAULT '0' COMMENT 'запись удалена в корзину: 0 - нет, 1 - да',
  PRIMARY KEY (`id`)
) ENGINE=MyISAM AUTO_INCREMENT=5 DEFAULT CHARSET=utf8 COMMENT='Способы доставки';

INSERT INTO `diafan_shop_delivery` VALUES ('1','Курьер','Товар доставляется курьером до двери Вашего дома.','1','1','0'),('2','Почта России','Доставка по всей России небольших посылок','1','2','0'),('3','EMS-доставка','Экспресс-доставка до дверей курьером в любую точку России','1','3','0'),('4','Самовывоз','','1','4','0');
DROP TABLE IF EXISTS `diafan_shop_delivery_thresholds`;
CREATE TABLE `diafan_shop_delivery_thresholds` (
  `id` smallint(5) unsigned NOT NULL AUTO_INCREMENT COMMENT 'идентификатор',
  `delivery_id` smallint(5) unsigned NOT NULL DEFAULT '0' COMMENT 'идентификатор способа доставки из таблицы `diafan_shop_delivery`',
  `price` double NOT NULL DEFAULT '0' COMMENT 'стоимость',
  `amount` double NOT NULL DEFAULT '0' COMMENT 'сумма, от которой действует стоимость',
  `trash` enum('0','1') NOT NULL DEFAULT '0' COMMENT 'запись удалена в корзину: 0 - нет, 1 - да',
  PRIMARY KEY (`id`)
) ENGINE=MyISAM AUTO_INCREMENT=16 DEFAULT CHARSET=utf8 COMMENT='Стоимость способов доставки';

INSERT INTO `diafan_shop_delivery_thresholds` VALUES ('15','1','0','5000','0'),('14','1','300','0','0'),('7','2','1000','0','0'),('6','3','1200','0','0');
DROP TABLE IF EXISTS `diafan_shop_discount`;
CREATE TABLE `diafan_shop_discount` (
  `id` int(11) unsigned NOT NULL AUTO_INCREMENT COMMENT 'идентификатор',
  `date_start` int(10) unsigned NOT NULL DEFAULT '0' COMMENT 'дата начала действия',
  `date_finish` int(10) unsigned NOT NULL DEFAULT '0' COMMENT 'дата окночания действия',
  `discount` double NOT NULL DEFAULT '0' COMMENT 'процент скидки',
  `amount` double NOT NULL DEFAULT '0' COMMENT 'действует от цены товара',
  `deduction` double NOT NULL DEFAULT '0' COMMENT 'фиксированная сумма скидки',
  `threshold` int(11) unsigned NOT NULL DEFAULT '0' COMMENT 'действует от общей суммы заказа',
  `threshold_cumulative` int(11) unsigned NOT NULL DEFAULT '0' COMMENT 'действует от общей оплаченных заказов',
  `role_id` int(11) unsigned NOT NULL DEFAULT '0' COMMENT '  тип пользователя из таблицы `diafan_users_role`, для которого установлена скидка',
  `act` enum('0','1') NOT NULL DEFAULT '0' COMMENT 'показывать на сайте: 0 - нет, 1 - да',
  `person` enum('0','1') NOT NULL DEFAULT '0' COMMENT 'скидка действует только для определенных пользователей: 0 - нет, 1 - да',
  `text` text NOT NULL COMMENT 'описание скидки для администратора',
  `trash` enum('0','1') NOT NULL DEFAULT '0' COMMENT 'запись удалена в корзину: 0 - нет, 1 - да',
  PRIMARY KEY (`id`)
) ENGINE=MyISAM AUTO_INCREMENT=9 DEFAULT CHARSET=utf8 COMMENT='Скидки';

INSERT INTO `diafan_shop_discount` VALUES ('2','0','0','5','0','0','0','0','0','1','0','Скидка 5%','0'),('6','0','0','5','0','0','0','5000','0','1','0','Скидка от обшей суммы 5%','0'),('4','0','0','10','0','0','0','0','0','1','0','скидка 10%','0'),('7','0','0','10','0','0','0','10000','0','1','0','Скидка от обшей суммы 10%','0'),('8','0','0','15','0','0','0','20000','0','1','0','Скидка от обшей суммы 15%','0');
DROP TABLE IF EXISTS `diafan_shop_discount_coupon`;
CREATE TABLE `diafan_shop_discount_coupon` (
  `id` int(11) unsigned NOT NULL AUTO_INCREMENT COMMENT 'идентификатор',
  `discount_id` int(11) unsigned NOT NULL DEFAULT '0' COMMENT 'идентификатор скидки из таблицы `diafan_shop_discount`',
  `coupon` varchar(10) NOT NULL DEFAULT '' COMMENT 'код купона',
  `count_use` tinyint(3) unsigned NOT NULL DEFAULT '0' COMMENT 'cколько раз можно использовать купон',
  `used` tinyint(3) unsigned NOT NULL DEFAULT '0' COMMENT 'сколько раз купон использован при оформлении заказа',
  `trash` enum('0','1') NOT NULL DEFAULT '0' COMMENT 'запись удалена в корзину: 0 - нет, 1 - да',
  PRIMARY KEY (`id`),
  KEY `discount_id` (`discount_id`)
) ENGINE=MyISAM DEFAULT CHARSET=utf8 COMMENT='Купоны на скидку';

DROP TABLE IF EXISTS `diafan_shop_discount_object`;
CREATE TABLE `diafan_shop_discount_object` (
  `id` int(11) unsigned NOT NULL AUTO_INCREMENT COMMENT 'идентификатор',
  `discount_id` int(11) unsigned NOT NULL DEFAULT '0' COMMENT 'идентификатор скидки из таблицы `diafan_shop_discount`',
  `cat_id` int(11) unsigned NOT NULL DEFAULT '0' COMMENT 'идентификатор категории из таблицы `diafan_shop_category`',
  `good_id` int(11) unsigned NOT NULL DEFAULT '0' COMMENT 'идентификатор товара из таблицы `diafan_shop`',
  `trash` enum('0','1') NOT NULL DEFAULT '0' COMMENT 'запись удалена в корзину: 0 - нет, 1 - да',
  PRIMARY KEY (`id`),
  KEY `discount_id` (`discount_id`)
) ENGINE=MyISAM AUTO_INCREMENT=43 DEFAULT CHARSET=utf8 COMMENT='Товары и категории, на которые действуют скидки';

INSERT INTO `diafan_shop_discount_object` VALUES ('42','4','0','622','0'),('29','2','0','499','0'),('31','2','0','553','0'),('11','2','0','325','0'),('40','4','0','579','0'),('38','4','0','5','0'),('41','4','0','544','0'),('16','6','0','0','0'),('17','7','0','0','0'),('18','8','0','0','0'),('20','4','0','385','0'),('21','2','0','389','0'),('35','4','0','564','0'),('34','4','0','562','0'),('24','4','0','395','0'),('36','4','0','565','0'),('37','4','0','566','0'),('39','4','0','4','0');
DROP TABLE IF EXISTS `diafan_shop_discount_person`;
CREATE TABLE `diafan_shop_discount_person` (
  `id` int(11) unsigned NOT NULL AUTO_INCREMENT COMMENT 'идентификатор',
  `discount_id` int(11) unsigned NOT NULL DEFAULT '0' COMMENT 'идентификатор скидки из таблицы `diafan_shop_discount`',
  `user_id` int(11) unsigned NOT NULL DEFAULT '0' COMMENT 'идентификатор пользователя из таблицы `diafan_users`',
  `session_id` varchar(64) NOT NULL DEFAULT '' COMMENT 'номер сессии пользователя из таблицы `diafan_sessions`',
  `coupon_id` int(11) unsigned NOT NULL DEFAULT '0' COMMENT 'идентификатор купона из таблицы `diafan_shop_discount_coupon`',
  `used` enum('0','1') NOT NULL DEFAULT '0' COMMENT 'скидка уже использована: 0 - нет, 1 - да',
  `trash` enum('0','1') NOT NULL DEFAULT '0' COMMENT 'запись удалена в корзину: 0 - нет, 1 - да',
  PRIMARY KEY (`id`),
  KEY `discount_id` (`discount_id`)
) ENGINE=MyISAM DEFAULT CHARSET=utf8 COMMENT='Пользователи, для которых действуют скидки';

DROP TABLE IF EXISTS `diafan_shop_files_codes`;
CREATE TABLE `diafan_shop_files_codes` (
  `id` int(11) unsigned NOT NULL AUTO_INCREMENT COMMENT 'идентификатор',
  `shop_id` int(11) unsigned NOT NULL DEFAULT '0' COMMENT 'идентификатор товара из таблицы `diafan_shop`',
  `code` varchar(50) NOT NULL DEFAULT '' COMMENT 'код для скачивания товара-файла',
  `date_finish` datetime NOT NULL DEFAULT '0000-00-00 00:00:00' COMMENT 'дата и время окончания действия кода',
  PRIMARY KEY (`id`)
) ENGINE=MyISAM DEFAULT CHARSET=utf8 COMMENT='Коды для скачивания товаров-нематериальных активов';

DROP TABLE IF EXISTS `diafan_shop_import`;
CREATE TABLE `diafan_shop_import` (
  `id` int(11) unsigned NOT NULL AUTO_INCREMENT COMMENT 'идентификатор',
  `name` varchar(250) NOT NULL DEFAULT '' COMMENT 'название',
  `cat_id` int(11) unsigned NOT NULL DEFAULT '0' COMMENT 'идентификатор описания файла из таблицы `diafan_shop_import`',
  `type` varchar(20) NOT NULL DEFAULT '' COMMENT 'тип',
  `params` text NOT NULL COMMENT 'серилизованные данные о поле',
  `required` enum('0','1') NOT NULL DEFAULT '0' COMMENT 'серилизованные данные о поле',
  `sort` int(11) unsigned NOT NULL DEFAULT '0' COMMENT 'выдавать ошибку, если поле не заполнено: 0 - нет, 1 - да',
  `trash` enum('0','1') NOT NULL DEFAULT '0' COMMENT 'запись удалена в корзину: 0 - нет, 1 - да',
  PRIMARY KEY (`id`)
) ENGINE=MyISAM AUTO_INCREMENT=20 DEFAULT CHARSET=utf8 COMMENT='Описание полей файлов импорта';

INSERT INTO `diafan_shop_import` VALUES ('1','Идентификатор','1','id','a:1:{s:4:\"type\";s:4:\"site\";}','0','1','0'),('2','Артикул товара','1','article','','0','2','0'),('3','Название товара','1','name','','0','3','0'),('4','Краткое описание','1','anons','','0','4','0'),('5','Полное описание товара','1','text','','0','5','0'),('6','Цена','1','price','a:5:{s:9:\"delimitor\";s:1:\"&\";s:11:\"select_type\";s:3:\"key\";s:5:\"count\";i:0;s:8:\"currency\";i:0;s:15:\"select_currency\";s:3:\"key\";}','0','6','0'),('7','Количество','1','count','a:2:{s:9:\"delimitor\";s:1:\"&\";s:11:\"select_type\";s:3:\"key\";}','0','7','0'),('8','Хит (1/0)','1','hit','','0','8','0'),('9','Новинка (1/0)','1','new','','0','9','0'),('10','Акция (1/0)','1','action','','0','10','0'),('11','Идентификатор','2','id','a:1:{s:4:\"type\";s:4:\"site\";}','0','11','0'),('12','Название категории','2','name','','0','12','0'),('13','Краткое описание категории','2','anons','','0','13','0'),('14','Полное описание категории','2','text','','0','14','0'),('15','Идентификатор','3','id','a:1:{s:4:\"type\";s:4:\"site\";}','0','15','0'),('16','Название производителя','3','name','','0','16','0'),('17','Описание категории','3','text','','0','17','0'),('18','','2','article','','0','18','1'),('19','','1','cats','a:1:{s:4:\"type\";s:0:\"\";}','0','19','1');
DROP TABLE IF EXISTS `diafan_shop_import_category`;
CREATE TABLE `diafan_shop_import_category` (
  `id` int(11) unsigned NOT NULL AUTO_INCREMENT COMMENT 'идентификатор',
  `name` varchar(250) NOT NULL DEFAULT '' COMMENT 'название',
  `format` enum('csv','xls') NOT NULL DEFAULT 'csv' COMMENT 'формат файла',
  `type` enum('good','category','brand') NOT NULL DEFAULT 'good' COMMENT 'тип данных: good - товары, category - категории товаров',
  `delete_items` enum('0','1') NOT NULL DEFAULT '0' COMMENT 'удалять не описанные в файле данные: 0 - нет, 1 - да',
  `site_id` int(11) unsigned NOT NULL DEFAULT '0' COMMENT 'идентификатор страницы сайта из таблицы `diafan_site`',
  `cat_id` int(11) unsigned NOT NULL DEFAULT '0' COMMENT 'идентификатор категории из таблицы `diafan_shop_category`',
  `count_part` smallint(5) unsigned NOT NULL DEFAULT '0' COMMENT 'количество строк, выгружаемых за один проход скрипта',
  `delimiter` varchar(20) NOT NULL DEFAULT '' COMMENT 'разделитель данных в строке',
  `end_string` varchar(20) NOT NULL DEFAULT '' COMMENT 'обозначать конец строки символом',
  `encoding` varchar(20) NOT NULL DEFAULT '' COMMENT 'кодировка',
  `sub_delimiter` varchar(20) NOT NULL DEFAULT '' COMMENT 'разделитель данных внутри поля',
  `sort` int(11) unsigned NOT NULL DEFAULT '0' COMMENT 'подрядковый номер для сортировки',
  `trash` enum('0','1') NOT NULL DEFAULT '0' COMMENT 'запись удалена в корзину: 0 - нет, 1 - да',
  PRIMARY KEY (`id`)
) ENGINE=MyISAM AUTO_INCREMENT=5 DEFAULT CHARSET=utf8 COMMENT='Описание файлов импорта';

INSERT INTO `diafan_shop_import_category` VALUES ('1','Импорт товаров','csv','good','0','17','0','200',';','','cp1251','|','1','0'),('2','Импорт категорий','csv','category','0','17','0','200',';','','cp1251','|','2','0'),('3','Импорт производителей','csv','brand','0','17','0','200',';','','cp1251','|','3','0'),('4','','csv','good','0','17','0','200',';','','cp1251','|','4','1');
DROP TABLE IF EXISTS `diafan_shop_order`;
CREATE TABLE `diafan_shop_order` (
  `id` int(11) unsigned NOT NULL AUTO_INCREMENT COMMENT 'идентификатор',
  `user_id` int(11) unsigned NOT NULL DEFAULT '0' COMMENT 'идентификатор пользователя из таблицы `diafan_users`',
  `created` int(10) unsigned NOT NULL DEFAULT '0' COMMENT 'дата создания',
  `status` enum('0','1','2','3','4') NOT NULL DEFAULT '0' COMMENT 'действие статуса заказа',
  `status_id` tinyint(3) NOT NULL DEFAULT '0' COMMENT 'идентификатор статуса заказа из таблицы `diafan_shop_order_status`',
  `lang_id` tinyint(2) unsigned NOT NULL DEFAULT '0' COMMENT 'идентификатор языковой версии сайта, с которой был сделан заказ, из таблицы `diafan_languages`',
  `summ` double NOT NULL DEFAULT '0' COMMENT 'общая сумма заказа',
  `delivery_id` varchar(10) NOT NULL DEFAULT '0' COMMENT 'способ доставки из таблицы `diafan_shop_delivery`',
  `delivery_summ` double NOT NULL DEFAULT '0' COMMENT 'стоимость доставки',
  `discount_id` smallint(5) unsigned NOT NULL DEFAULT '0' COMMENT 'идентификатор скидки из таблицы `diafan_shop_discount`',
  `discount_summ` double NOT NULL DEFAULT '0' COMMENT 'сумма скидки',
  `trash` enum('0','1') NOT NULL DEFAULT '0' COMMENT 'запись удалена в корзину: 0 - нет, 1 - да',
  PRIMARY KEY (`id`)
) ENGINE=MyISAM AUTO_INCREMENT=170 DEFAULT CHARSET=utf8 COMMENT='Заказы';

INSERT INTO `diafan_shop_order` VALUES ('169','0','1454317920','1','2','0','2000','1','300','0','0','0'),('168','0','1454307515','0','1','1','450','1','300','0','0','1'),('3','0','1449227460','3','4','1','1980','1','300','0','0','0'),('4','0','1449326820','3','4','0','3000','1','0','0','0','0'),('5','0','1449327420','3','4','0','3090','1','0','0','0','0'),('167','0','1454258466','0','1','1','4037.5','1','300','0','0','0'),('166','0','1454149560','3','4','1','5170','1','0','0','0','0'),('165','0','1454099782','0','1','1','930','1','300','0','0','1'),('163','0','1453985400','4','6','0','840','0','0','0','40','0'),('162','0','1453980720','3','4','1','2150','1','300','0','0','0'),('12','0','1449566760','3','4','1','3105','1','0','0','0','0'),('13','0','1449573900','3','4','1','915','1','300','0','0','0'),('161','0','1453962060','4','5','1','3740','1','300','0','0','0'),('15','0','1449582240','3','4','1','20500','1','0','0','0','0'),('16','0','1449614220','3','4','0','6485','1','0','0','0','0'),('160','0','1453928460','3','4','0','2050','1','300','0','0','0'),('159','0','1453928340','1','2','0','3200','1','300','0','0','0'),('19','0','1449736380','3','4','0','650','1','300','0','0','0'),('21','0','1449771720','3','4','1','16850','1','0','0','0','0'),('22','0','1449772200','3','4','1','3240','1','0','0','0','0'),('23','0','1449789180','3','4','0','3480','1','0','0','0','0'),('24','0','1449789540','3','4','0','5000','1','0','0','0','0'),('25','0','1449936540','3','4','1','1840','0','0','0','0','0'),('26','0','1449937080','3','4','1','4380','0','0','0','0','0'),('27','0','1450026180','3','4','1','4970','1','0','0','0','0'),('29','0','1450088160','3','4','1','2632.5','1','300','0','0','0'),('140','0','1453359000','3','4','1','5750','1','0','0','0','0'),('31','0','1450108920','3','4','1','8915','1','0','0','0','0'),('32','0','1450118880','3','4','1','2080','1','300','0','0','0'),('33','0','1450119240','3','4','1','14510','1','0','0','0','0'),('158','0','1453899300','3','4','1','1755','1','300','0','0','0'),('157','0','1453892340','0','1','1','3990','0','0','0','0','1'),('35','0','1450231020','3','4','1','330','0','0','0','0','0'),('36','0','1450263900','3','4','1','1090','0','0','0','0','0'),('156','0','1453883340','3','4','1','16000','1','0','0','0','0'),('43','0','1450355940','3','4','0','1800','1','300','0','0','0'),('164','0','1454065440','1','2','1','4760','1','300','0','0','0'),('38','0','1450296060','3','4','1','1450','1','300','0','0','0'),('39','0','1450336260','3','4','0','5000','1','0','0','0','0'),('155','0','1453843320','4','6','1','905','0','0','0','0','0'),('154','0','1453833420','3','4','1','10195','1','0','0','0','0'),('41','0','1450347480','3','4','1','5390','1','0','0','0','0'),('42','0','1450353300','3','4','0','480','0','0','0','0','0'),('44','0','1450370280','3','4','1','2460','1','300','0','0','0'),('45','0','1450377720','3','4','0','8000','0','0','0','0','0'),('46','0','1450437780','3','4','1','2260','1','300','0','0','0'),('47','0','1450452780','3','4','0','2550','1','300','0','0','0'),('153','0','1453833120','3','4','0','3420','1','300','0','0','0'),('49','0','1450549500','3','4','1','2555','0','0','0','0','0'),('50','0','1450606500','3','4','0','1650','1','300','0','0','0'),('51','0','1450617420','3','4','1','5645','1','0','0','0','0'),('52','0','1450683720','3','4','1','2550','1','300','0','0','0'),('55','0','1450706880','3','4','0','2410','1','300','0','0','0'),('53','0','1450691640','3','4','1','4700','0','0','0','0','0'),('141','0','1453366260','4','6','0','650','0','0','0','40','0'),('57','0','1450774800','3','4','1','1625','0','0','0','0','0'),('58','0','1450787520','3','4','1','875','0','0','0','0','0'),('59','0','1450789200','3','4','1','2650','1','300','0','0','0'),('60','0','1450790940','3','4','1','3825','1','300','0','0','0'),('61','0','1450791360','3','4','1','3310','1','300','0','0','0'),('62','0','1450793400','3','4','1','3305','0','0','0','0','0'),('63','0','1450799340','3','4','1','1875','1','300','0','0','0'),('64','0','1450812180','3','4','1','805','1','300','0','0','0'),('65','0','1450864380','3','4','1','3040','1','300','0','0','0'),('66','0','1450870740','3','4','1','3540','1','300','0','0','0'),('67','0','1450884360','3','4','0','5750','1','0','0','0','0'),('68','0','1450884900','3','4','0','1650','1','300','0','0','0'),('69','0','1450908540','3','4','1','5750','1','0','0','0','0'),('70','0','1450937160','3','4','1','4550','1','300','0','0','0'),('71','0','1451030040','3','4','0','2550','1','300','0','0','0'),('72','0','1451033760','3','4','0','1180','1','300','0','0','0'),('73','0','1451038620','3','4','1','1310','1','300','0','0','0'),('152','0','1453814700','3','4','1','1390','1','300','0','0','0'),('75','0','1451039040','3','4','1','5000','1','0','0','0','0'),('76','0','1451053740','3','4','1','1650','1','300','0','0','0'),('77','0','1451066220','3','4','1','3750','0','0','0','0','0'),('78','0','1451076360','3','4','1','5360','1','0','0','300','0'),('147','0','1453641540','3','4','0','4900','0','0','0','0','0'),('80','0','1451123400','3','4','1','3035','1','300','0','0','0'),('81','0','1451155020','3','4','0','3540','1','300','0','0','0'),('151','0','1453798020','3','4','0','1740','1','300','0','0','0'),('83','0','1451156220','3','4','1','2430','1','300','0','0','0'),('84','19','1451179800','3','4','1','2370','1','300','0','0','0'),('85','0','1451204940','3','4','0','3200','1','300','0','0','0'),('86','0','1451205240','3','4','0','7520','1','0','0','0','0'),('87','0','1451205540','3','4','0','4700','0','0','0','300','0'),('88','0','1451228100','3','4','0','1070','0','0','0','0','0'),('89','0','1451229000','3','4','1','10330','1','0','0','0','0'),('90','0','1451233260','3','4','1','2350','1','300','0','0','0'),('91','0','1451239560','3','4','0','4290','1','300','0','0','0'),('92','0','1451282760','3','4','1','4175','1','300','0','0','0'),('93','0','1451285700','3','4','1','2100','1','300','0','0','0'),('94','0','1451286660','3','4','0','970','0','0','0','0','0'),('95','0','1451287740','3','4','1','7614','1','0','0','0','0'),('96','0','1451288820','3','4','0','1230','0','0','0','0','0'),('97','0','1451292000','3','4','0','7350','0','0','0','0','0'),('98','0','1451295600','3','4','1','1905','1','300','0','0','0'),('99','0','1451295660','3','4','1','2812.5','1','300','0','0','0'),('142','0','1453369920','3','4','1','3780','0','0','0','0','0'),('101','0','1451299020','3','4','1','2394','1','300','0','0','0'),('102','0','1451307420','3','4','0','8690','1','0','0','0','0'),('104','0','1451310120','3','4','1','4390','1','300','0','0','0'),('105','0','1451311620','3','4','1','3336','1','300','0','0','0'),('106','0','1451323560','3','4','1','1907','1','300','0','0','0'),('108','0','1451337780','3','4','1','3540','1','300','0','0','0'),('109','0','1451340000','3','4','1','4940','0','0','0','0','0'),('148','0','1453719780','3','4','0','1730','1','300','0','0','0'),('111','0','1451372760','2','3','1','450','0','0','0','0','0'),('112','0','1451383140','3','4','1','2582','1','300','0','0','0'),('113','0','1451384100','3','4','1','4130','1','300','0','0','0'),('114','0','1451384340','3','4','1','3900','1','300','0','0','0'),('115','0','1451400900','3','4','1','2870','0','0','0','0','0'),('116','0','1451413680','3','4','1','1660','0','0','0','0','0'),('117','0','1451416080','3','4','0','4100','1','300','0','0','0'),('150','27','1453796160','1','7','1','2060','1','300','0','0','0'),('149','0','1453793940','2','3','1','10450','1','0','0','0','1'),('120','0','1451504820','3','4','0','1570','1','300','0','0','0'),('146','0','1453640040','1','2','0','1450','1','300','0','0','1'),('145','0','1453623540','3','4','1','870','1','300','0','0','0'),('123','0','1452601680','3','4','1','7040','1','0','0','0','0'),('125','0','1452632160','3','4','1','2230','0','0','0','0','0'),('126','0','1452673680','3','4','1','3120','0','0','0','0','0'),('127','0','1452698280','3','4','1','3550','0','0','0','0','0'),('128','0','1452755760','3','4','0','1470','1','300','0','0','0'),('129','0','1452800220','3','4','0','1160','0','0','0','0','0'),('143','0','1453388940','1','7','1','2250','1','300','0','0','0'),('132','0','1453107000','3','4','0','4175','0','0','0','0','0'),('133','0','1453143900','3','4','1','1690','1','300','0','0','0'),('134','1','1453200300','2','3','1','17600','1','0','7','0','1'),('144','0','1453458540','3','4','1','1480','1','300','0','0','0'),('139','0','1453320300','3','4','1','1820','0','0','0','0','0'),('136','0','1453217700','3','4','1','2300','1','300','0','0','0'),('137','0','1453275120','3','4','1','3000','0','0','0','0','0'),('138','0','1453295280','3','4','1','1830','1','300','0','0','0');
DROP TABLE IF EXISTS `diafan_shop_order_additional_cost`;
CREATE TABLE `diafan_shop_order_additional_cost` (
  `id` int(11) unsigned NOT NULL AUTO_INCREMENT COMMENT 'идентификатор',
  `order_id` int(11) unsigned NOT NULL DEFAULT '0' COMMENT 'идентификатор заказа из таблицы `diafan_shop_order`',
  `additional_cost_id` smallint(5) unsigned NOT NULL DEFAULT '0' COMMENT 'идентификатор сопутствующей услуги из таблицы `diafan_shop_additional_cost`',
  `summ` double NOT NULL DEFAULT '0' COMMENT 'сумма',
  PRIMARY KEY (`id`)
) ENGINE=MyISAM DEFAULT CHARSET=utf8 COMMENT='Сопутствующие услуги, включенные в заказ';

DROP TABLE IF EXISTS `diafan_shop_order_goods`;
CREATE TABLE `diafan_shop_order_goods` (
  `id` int(11) unsigned NOT NULL AUTO_INCREMENT COMMENT 'идентификатор',
  `order_id` int(11) unsigned NOT NULL DEFAULT '0' COMMENT 'идентификатор заказа из таблицы `diafan_shop_order`',
  `good_id` int(11) unsigned NOT NULL DEFAULT '0' COMMENT 'идентификатор товара из таблицы `diafan_shop`',
  `discount_id` int(11) unsigned NOT NULL DEFAULT '0' COMMENT 'идентификатор скидки из таблицы `diafan_shop_discount`',
  `count_goods` double NOT NULL DEFAULT '0' COMMENT 'количество товаров',
  `price` double NOT NULL DEFAULT '0' COMMENT 'цена',
  `trash` enum('0','1') NOT NULL DEFAULT '0' COMMENT 'запись удалена в корзину: 0 - нет, 1 - да',
  PRIMARY KEY (`id`)
) ENGINE=MyISAM AUTO_INCREMENT=794 DEFAULT CHARSET=utf8 COMMENT='Товары в заказе';

INSERT INTO `diafan_shop_order_goods` VALUES ('5','3','38','0','1','300','0'),('6','3','39','0','1','300','0'),('7','3','34','0','2','155','0'),('12','4','43','0','2','350','0'),('9','3','345','0','1','380','0'),('10','3','348','0','1','390','0'),('11','3','1','0','1','0','0'),('13','4','44','0','2','400','0'),('14','4','45','0','1','1500','0'),('15','4','33','0','1','0','0'),('16','5','63','0','1','490','0'),('17','5','59','0','1','2600','0'),('18','5','2','0','1','0','0'),('25','12','376','0','1','195','0'),('26','12','377','0','1','210','0'),('27','12','379','0','1','460','0'),('28','12','55','0','1','280','0'),('29','12','54','0','1','280','0'),('30','12','53','0','1','280','0'),('31','12','335','0','1','450','0'),('32','12','337','0','1','480','0'),('33','12','336','0','1','470','0'),('34','13','247','0','1','175','0'),('35','13','2','0','1','220','0'),('52','16','439','0','1','490','0'),('38','15','315','0','1','4300','0'),('39','15','400','0','1','5000','0'),('40','15','111','0','1','6400','0'),('41','15','38','0','2','300','0'),('42','15','39','0','2','300','0'),('43','15','350','0','1','980','0'),('44','15','351','0','1','1100','0'),('45','15','67','0','1','600','0'),('46','15','405','0','1','470','0'),('47','15','404','0','1','450','0'),('48','12','352','0','1','0','0'),('49','13','372','0','1','100','0'),('50','13','362','0','1','120','0'),('51','13','370','0','1','0','0'),('53','16','475','0','1','550','0'),('54','16','497','0','1','450','0'),('55','16','387','0','2','360','0'),('56','16','429','0','2','250','0'),('57','16','533','0','3','400','0'),('58','16','447','0','1','480','0'),('59','16','419','0','1','350','0'),('60','16','489','0','1','390','0'),('61','16','1','0','1','200','0'),('62','16','2','0','1','220','0'),('63','16','505','2','1','665','0'),('64','16','410','0','1','90','0'),('65','16','409','0','1','90','0'),('66','16','407','0','1','90','0'),('67','16','392','0','2','0','0'),('71','19','251','0','1','350','0'),('75','21','149','0','1','12900','0'),('76','21','310','0','1','3950','0'),('77','22','395','4','1','3240','0'),('78','23','59','0','1','2600','0'),('79','23','258','0','1','390','0'),('80','23','265','0','1','490','0'),('81','24','307','0','1','2900','0'),('82','24','29','0','1','490','0'),('83','24','374','0','1','100','0'),('84','24','364','0','1','150','0'),('85','24','346','0','1','590','0'),('86','24','2','0','1','220','0'),('87','24','1','0','1','200','0'),('88','24','279','0','1','350','0'),('89','21','2','0','1','0','0'),('90','25','39','0','1','330','0'),('91','25','38','0','1','330','0'),('92','25','279','0','2','350','0'),('93','25','354','0','1','90','0'),('94','25','383','0','1','80','0'),('95','25','377','0','1','210','0'),('96','25','392','0','1','100','0'),('97','26','61','0','1','1750','0'),('98','26','63','0','1','490','0'),('99','26','29','0','1','490','0'),('253','53','544','0','1','3200','0'),('101','26','486','0','1','490','0'),('102','26','493','0','1','480','0'),('103','26','377','0','1','210','0'),('104','23','6','0','1','0','0'),('105','27','277','0','1','240','0'),('106','27','275','0','1','190','0'),('107','27','10','0','2','150','0'),('108','27','11','0','2','150','0'),('109','27','13','0','2','180','0'),('110','27','12','0','1','150','0'),('111','27','2','0','4','220','0'),('112','27','6','0','2','150','0'),('113','27','1','0','2','200','0'),('114','27','356','0','1','80','0'),('115','27','370','0','1','90','0'),('116','27','374','0','1','100','0'),('117','27','372','0','1','100','0'),('118','27','367','0','2','100','0'),('119','27','368','0','2','130','0'),('120','27','361','0','1','250','0'),('121','27','357','0','1','170','0'),('122','27','4','0','2','200','0'),('125','26','2','0','1','0','0'),('126','27','392','0','2','100','0'),('127','29','436','0','1','650','0'),('128','29','461','2','1','427.5','0'),('700','146','350','0','1','1150','1'),('130','29','372','0','1','100','0'),('131','29','374','0','1','100','0'),('132','29','370','0','1','90','0'),('133','29','365','0','1','95','0'),('134','29','368','0','1','130','0'),('135','29','1','0','1','200','0'),('136','29','8','0','1','240','0'),('137','29','392','0','1','100','0'),('138','29','356','0','1','80','0'),('139','29','362','0','1','120','0'),('699','145','372','0','1','0','0'),('698','145','593','0','1','570','0'),('697','144','349','0','1','690','0'),('184','38','488','0','1','500','0'),('696','144','465','0','1','490','0'),('146','31','126','0','1','5350','0'),('147','31','540','0','1','320','0'),('148','31','54','0','1','320','0'),('149','31','50','0','1','320','0'),('151','31','284','0','1','590','0'),('152','31','505','2','1','665','0'),('153','31','408','0','1','90','0'),('154','31','412','0','1','90','0'),('155','31','410','0','1','90','0'),('156','31','407','0','1','90','0'),('157','31','8','0','1','240','0'),('158','32','490','0','1','480','0'),('159','32','456','0','1','550','0'),('160','32','543','0','1','750','0'),('161','33','10','0','1','150','0'),('162','33','13','0','1','180','0'),('163','33','43','0','10','350','0'),('164','33','343','0','6','230','0'),('165','33','78','0','6','1400','0'),('181','36','377','0','1','210','0'),('173','33','44','0','1','0','0'),('180','36','439','0','1','490','0'),('179','36','489','0','1','390','0'),('171','33','253','0','2','450','0'),('178','35','38','0','1','330','0'),('174','31','44','0','1','400','0'),('175','31','43','0','1','350','0'),('695','143','592','0','1','1950','0'),('185','38','411','0','1','90','0'),('186','38','409','0','1','90','0'),('187','38','33','0','1','150','0'),('188','38','542','0','1','320','0'),('189','39','398','0','1','5000','0'),('191','41','243','0','1','750','0'),('192','41','443','0','1','390','0'),('193','41','303','0','1','990','0'),('194','41','548','0','2','150','0'),('198','42','490','0','1','480','0'),('196','41','270','0','1','60','0'),('197','41','307','0','1','2900','0'),('199','43','320','0','1','1500','0'),('200','44','396','4','1','2160','0'),('201','45','560','0','50','160','0'),('202','41','2','0','1','0','0'),('252','26','450','0','1','470','0'),('301','64','34','0','2','170','0'),('206','46','561','0','2','980','0'),('210','49','361','0','1','250','0'),('211','49','369','0','1','215','0'),('212','49','364','0','1','190','0'),('213','49','357','0','1','170','0'),('214','49','373','0','1','145','0'),('215','49','358','0','1','135','0'),('216','49','363','0','1','135','0'),('217','49','366','0','1','135','0'),('218','49','371','0','1','135','0'),('219','49','359','0','1','130','0'),('220','49','368','0','1','130','0'),('221','49','362','0','1','120','0'),('222','49','360','0','1','100','0'),('223','49','367','0','1','100','0'),('224','49','372','0','1','100','0'),('225','49','374','0','1','100','0'),('226','49','365','0','1','95','0'),('227','49','370','0','1','90','0'),('228','49','356','0','1','80','0'),('229','50','2','0','1','220','0'),('230','50','270','0','1','60','0'),('231','50','343','0','1','230','0'),('232','50','36','0','1','160','0'),('233','50','280','0','1','180','0'),('234','50','370','0','2','90','0'),('235','50','374','0','1','100','0'),('236','50','367','0','1','100','0'),('237','50','362','0','1','120','0'),('239','51','505','2','1','665','0'),('240','51','318','0','1','1400','0'),('241','51','284','0','1','590','0'),('249','51','348','0','3','390','0'),('243','51','276','0','1','170','0'),('244','51','275','0','1','190','0'),('245','51','43','0','1','350','0'),('246','51','44','0','1','400','0'),('247','51','377','0','1','250','0'),('248','51','379','0','1','460','0'),('250','52','396','4','1','2250','0'),('251','47','413','0','1','290','0'),('254','53','320','0','1','1500','0'),('701','147','400','0','1','4900','0'),('256','55','392','0','1','0','0'),('257','55','2','0','1','220','0'),('258','55','318','0','1','1400','0'),('259','55','63','0','1','490','0'),('262','57','245','0','1','155','0'),('263','57','387','0','1','360','0'),('264','57','429','0','1','250','0'),('265','57','2','0','1','220','0'),('266','57','343','0','1','230','0'),('267','57','376','0','1','220','0'),('268','57','354','0','1','90','0'),('269','57','392','0','1','100','0'),('270','58','571','0','1','75','0'),('271','58','532','0','1','390','0'),('272','58','270','0','1','60','0'),('273','58','279','0','1','350','0'),('274','59','61','0','1','1750','0'),('275','59','1','0','1','200','0'),('276','59','2','0','1','220','0'),('277','59','5','0','1','180','0'),('278','60','21','0','1','550','0'),('279','60','404','0','1','450','0'),('280','60','568','0','1','285','0'),('281','60','61','0','1','1750','0'),('282','60','63','0','1','490','0'),('283','61','335','0','1','450','0'),('284','61','355','0','1','80','0'),('285','61','11','0','1','150','0'),('286','61','396','4','1','2250','0'),('287','61','356','0','1','80','0'),('318','69','161','0','1','5750','0'),('289','62','321','0','1','1400','0'),('290','62','67','0','1','655','0'),('291','63','10','0','1','150','0'),('292','63','407','0','1','120','0'),('293','63','412','0','1','120','0'),('294','63','374','0','1','100','0'),('295','63','371','0','1','135','0'),('300','47','351','0','2','980','0'),('297','63','505','2','1','760','0'),('298','63','367','0','1','100','0'),('299','63','370','0','1','90','0'),('302','64','538','0','1','165','0'),('303','65','34','0','1','170','0'),('304','65','349','0','1','640','0'),('305','65','2','0','1','220','0'),('306','65','1','0','1','200','0'),('307','65','370','0','1','90','0'),('308','65','367','0','1','100','0'),('309','65','541','0','1','320','0'),('310','65','383','0','1','80','0'),('311','65','335','0','1','450','0'),('312','65','565','4','1','360','0'),('313','65','331','0','1','110','0'),('314','66','395','4','1','3240','0'),('315','67','161','0','1','5750','0'),('316','68','385','4','1','1350','0'),('317','62','351','0','1','1250','0'),('319','70','322','0','1','1450','0'),('320','70','321','0','2','1400','0'),('322','71','396','4','1','2250','0'),('323','72','35','0','1','290','0'),('324','72','346','0','1','590','0'),('325','73','496','0','1','590','0'),('326','73','501','0','1','420','0'),('327','75','398','0','1','5000','0'),('328','76','385','4','1','1350','0'),('329','77','135','0','1','2950','0'),('330','77','374','0','1','100','0'),('331','77','372','0','1','100','0'),('332','77','367','0','1','100','0'),('333','78','2','0','1','220','0'),('334','78','8','0','1','240','0'),('335','78','398','0','1','5000','0'),('336','78','1','0','1','200','0'),('337','77','567','0','1','500','0'),('769','162','542','0','1','320','0'),('349','81','395','4','1','3240','0'),('340','80','245','0','2','155','0'),('341','80','3','0','1','180','0'),('342','80','1','0','1','200','0'),('343','80','2','0','1','220','0'),('344','80','37','0','1','350','0'),('345','80','240','0','1','430','0'),('346','80','242','0','1','420','0'),('347','80','570','0','1','75','0'),('348','80','19','0','1','550','0'),('351','83','39','0','3','330','0'),('352','83','38','0','3','330','0'),('544','117','397','0','1','3800','0'),('354','83','10','0','1','150','0'),('355','84','538','0','1','165','0'),('356','84','535','0','1','165','0'),('357','84','417','0','1','350','0'),('358','84','448','0','1','680','0'),('359','84','343','0','2','230','0'),('360','84','355','0','2','80','0'),('361','84','354','0','1','90','0'),('362','85','8','0','1','0','0'),('363','85','60','0','1','2900','0'),('364','86','307','0','1','2900','0'),('365','86','481','0','1','450','0'),('366','86','463','0','1','480','0'),('367','86','377','0','2','250','0'),('368','86','356','0','2','80','0'),('369','86','367','0','2','100','0'),('370','86','53','0','1','320','0'),('371','86','411','0','2','120','0'),('372','87','400','0','1','5000','0'),('373','86','121','0','1','2270','0'),('374','83','54','0','1','0','0'),('375','88','245','0','2','155','0'),('376','88','576','0','4','190','0'),('377','89','545','0','1','3200','0'),('378','89','554','0','1','2800','0'),('379','89','521','0','1','600','0'),('465','102','310','0','1','4450','0'),('381','89','488','0','1','500','0'),('382','89','464','0','1','450','0'),('383','89','504','0','1','570','0'),('384','89','501','0','1','420','0'),('385','89','377','0','1','250','0'),('386','90','37','0','1','350','0'),('387','90','481','0','1','450','0'),('388','90','467','0','1','470','0'),('431','98','2','0','1','220','0'),('390','90','430','0','1','230','0'),('391','91','392','0','1','100','0'),('392','91','3','0','1','180','0'),('393','91','1','0','1','200','0'),('394','91','18','0','1','600','0'),('395','91','279','0','1','350','0'),('396','91','62','0','1','970','0'),('397','91','63','0','1','490','0'),('398','91','252','0','1','460','0'),('399','91','270','0','1','60','0'),('400','91','38','0','1','330','0'),('401','91','432','0','1','250','0'),('402','92','135','0','1','2950','0'),('403','92','377','0','1','250','0'),('404','92','376','0','1','220','0'),('405','92','375','0','1','195','0'),('406','92','368','0','1','130','0'),('407','92','359','0','1','130','0'),('408','93','24','0','1','650','0'),('428','95','84','0','1','2200','0'),('410','93','335','0','1','450','0'),('411','93','6','0','1','150','0'),('412','94','62','0','1','970','0'),('413','95','60','0','1','2900','0'),('414','95','120','0','1','1200','0'),('430','90','456','0','1','550','0'),('416','95','6','0','1','150','0'),('417','95','5','4','1','162','0'),('418','95','4','4','1','162','0'),('419','95','3','0','1','180','0'),('420','95','1','0','1','200','0'),('421','95','2','0','1','220','0'),('422','95','8','0','1','240','0'),('423','96','346','0','1','590','0'),('424','96','349','0','1','640','0'),('429','97','312','0','1','6850','0'),('427','93','456','0','1','550','0'),('432','98','535','0','1','165','0'),('433','98','277','0','1','240','0'),('434','98','376','0','1','220','0'),('435','98','11','0','1','150','0'),('548','120','252','0','2','460','0'),('437','98','532','0','1','390','0'),('438','98','270','0','1','60','0'),('439','98','36','0','1','160','0'),('440','99','461','2','1','427.5','0'),('441','99','1','0','1','200','0'),('442','99','8','0','1','240','0'),('443','99','38','0','1','330','0'),('444','99','407','0','1','120','0'),('445','99','376','0','1','220','0'),('446','99','542','0','1','320','0'),('447','99','67','0','1','655','0'),('718','151','346','0','1','670','0'),('708','149','252','0','2','460','1'),('707','149','222','0','1','1980','1'),('706','149','129','0','1','5590','1'),('705','149','23','0','4','490','1'),('704','148','646','0','1','490','0'),('703','148','25','0','1','490','0'),('702','148','23','0','1','450','0'),('456','101','385','4','1','1350','0'),('457','101','367','0','1','100','0'),('458','101','368','0','1','130','0'),('516','112','346','0','1','590','0'),('460','101','5','4','1','162','0'),('461','101','4','4','1','162','0'),('462','101','332','0','1','190','0'),('463','89','558','0','1','750','0'),('464','89','515','0','1','790','0'),('466','102','87','0','1','2450','0'),('467','102','231','0','1','1790','0'),('793','169','47','0','1','1700','0'),('470','104','399','0','1','3600','0'),('791','167','333','0','1','150','0'),('472','97','577','0','1','500','0'),('473','105','6','0','5','150','0'),('474','105','5','4','3','162','0'),('475','105','2','0','6','220','0'),('476','105','411','0','2','120','0'),('477','105','410','0','2','120','0'),('478','106','392','0','1','100','0'),('479','106','13','0','1','180','0'),('480','106','570','0','1','75','0'),('481','106','486','0','1','550','0'),('482','106','343','0','1','230','0'),('483','106','376','0','1','220','0'),('484','106','354','0','1','90','0'),('485','106','5','4','1','162','0'),('790','167','332','0','1','190','0'),('487','108','395','4','1','3240','0'),('488','109','346','0','2','590','0'),('489','109','349','0','2','640','0'),('490','109','413','0','1','350','0'),('491','109','423','0','1','390','0'),('492','109','459','0','1','620','0'),('493','109','447','0','1','570','0'),('494','109','488','0','1','550','0'),('789','167','548','0','1','150','0'),('788','167','354','0','1','90','0'),('787','167','335','0','1','450','0'),('786','167','553','2','1','2707.5','0'),('785','166','43','0','1','0','0'),('784','166','539','0','1','320','0'),('783','166','46','0','2','1800','0'),('782','166','44','0','2','400','0'),('781','166','48','0','1','450','0'),('780','165','6','0','1','150','1'),('779','165','8','0','2','240','1'),('778','164','652','0','2','685','0'),('777','164','346','0','2','670','0'),('776','164','347','0','1','690','0'),('775','164','443','0','1','410','0'),('774','164','448','0','1','650','0'),('773','163','525','0','1','880','0'),('772','162','587','0','2','380','0'),('771','162','48','0','1','450','0'),('770','162','53','0','1','320','0'),('515','111','23','0','1','450','0'),('517','112','377','0','1','250','0'),('518','112','275','0','1','190','0'),('519','112','477','0','1','590','0'),('520','112','5','4','1','162','0'),('521','112','11','0','1','150','0'),('522','112','407','0','1','120','0'),('523','112','412','0','1','120','0'),('524','112','331','0','1','110','0'),('525','113','135','0','1','2950','0'),('526','113','406','0','2','440','0'),('527','114','399','0','1','3600','0'),('528','115','392','0','1','100','0'),('529','115','538','0','1','165','0'),('530','115','535','0','1','165','0'),('531','115','34','0','2','170','0'),('532','115','36','0','1','160','0'),('533','115','532','0','2','390','0'),('534','115','346','0','1','590','0'),('767','161','603','0','1','90','0'),('536','115','376','0','1','220','0'),('537','115','270','0','1','60','0'),('538','115','244','0','1','290','0'),('539','116','450','0','1','470','0'),('540','116','481','0','1','450','0'),('541','116','34','0','1','170','0'),('542','116','35','0','1','290','0'),('543','116','433','0','1','280','0'),('792','168','11','0','1','150','1'),('546','104','19','0','1','490','0'),('549','120','37','0','1','350','0'),('766','161','627','0','1','160','0'),('765','161','460','0','1','920','0'),('764','161','494','0','1','470','0'),('763','160','14','0','1','500','0'),('762','160','351','0','1','1250','0'),('760','158','44','0','1','400','0'),('598','123','349','0','1','640','0'),('759','158','34','0','2','170','0'),('758','158','535','0','1','165','0'),('757','158','25','0','1','550','0'),('597','123','320','0','1','1490','0'),('756','154','135','0','1','2950','0'),('755','154','29','0','1','550','0'),('754','154','27','0','1','490','0'),('753','157','135','0','1','2950','1'),('752','157','29','0','1','550','1'),('751','157','27','0','1','490','1'),('750','156','222','0','1','1980','0'),('749','156','333','0','1','150','0'),('748','156','329','0','1','150','0'),('747','156','106','0','1','980','0'),('746','156','252','0','2','460','0'),('745','156','129','0','1','5590','0'),('744','156','654','0','2','350','0'),('743','156','498','0','2','430','0'),('742','156','326','0','1','470','0'),('741','156','21','0','1','550','0'),('740','156','23','0','5','490','0'),('739','156','570','0','5','60','0'),('737','153','2','0','1','0','0'),('736','155','245','0','1','155','0'),('735','155','543','0','1','750','0'),('734','154','276','0','1','170','0'),('733','154','274','0','1','350','0'),('732','154','434','0','1','270','0'),('599','123','348','0','2','390','0'),('600','123','245','0','3','155','0'),('601','123','343','0','3','230','0'),('602','123','2','0','2','220','0'),('603','123','571','0','1','75','0'),('604','123','345','0','2','380','0'),('605','123','54','0','1','320','0'),('606','123','374','0','2','100','0'),('607','123','362','0','2','120','0'),('608','123','366','0','2','135','0'),('609','123','334','0','1','250','0'),('610','123','270','0','2','60','0'),('611','123','392','0','1','100','0'),('612','123','354','0','1','90','0'),('613','123','331','0','1','110','0'),('768','161','79','0','1','1800','0'),('625','126','245','0','1','155','0'),('616','125','435','0','1','550','0'),('617','125','356','0','1','80','0'),('618','125','365','0','1','95','0'),('619','125','368','0','1','130','0'),('620','125','366','0','1','135','0'),('621','125','371','0','1','135','0'),('622','125','359','0','1','130','0'),('623','125','363','0','1','135','0'),('624','125','361','0','1','250','0'),('626','126','241','0','1','200','0'),('627','126','70','0','1','1500','0'),('628','126','35','0','1','290','0'),('629','126','100','0','1','975','0'),('630','125','346','0','1','590','0'),('631','127','24','0','1','650','0'),('632','127','396','0','1','2750','0'),('633','127','333','0','1','150','0'),('634','128','344','0','3','390','0'),('635','129','35','0','4','290','0'),('731','154','458','0','1','555','0'),('730','154','151','0','1','4860','0'),('738','156','10','0','6','150','0'),('728','153','346','0','1','670','0'),('727','153','349','0','1','690','0'),('726','153','532','0','2','390','0'),('725','153','106','0','1','980','0'),('724','152','249','0','1','230','0'),('723','152','37','0','1','380','0'),('722','152','643','0','1','190','0'),('721','152','35','0','1','290','0'),('720','151','1','0','1','200','0'),('659','132','39','0','2','330','0'),('719','151','2','0','1','220','0'),('716','150','346','0','1','670','0'),('715','150','456','0','1','540','0'),('714','150','6','0','1','150','0'),('717','151','585','0','1','350','0'),('658','132','38','0','2','330','0'),('712','150','276','0','1','170','0'),('711','150','356','0','1','80','0'),('710','150','548','0','1','150','0'),('660','132','349','0','1','690','0'),('661','132','344','0','2','440','0'),('662','132','366','0','1','135','0'),('663','132','364','0','1','190','0'),('664','132','367','0','1','100','0'),('665','132','374','0','1','100','0'),('666','132','497','0','1','450','0'),('667','132','245','0','2','155','0'),('668','133','393','0','1','1390','0'),('669','134','27','0','25','490','1'),('670','134','254','0','1','0','1'),('693','142','554','0','1','2800','0'),('692','142','448','0','1','650','0'),('691','141','347','0','1','690','0'),('690','140','102','0','1','5750','0'),('689','139','112','0','1','1820','0'),('676','134','46','0','1','1800','1'),('677','134','113','0','1','1600','1'),('678','134','232','0','1','1950','1'),('694','142','38','0','1','330','0'),('680','136','492','0','1','490','0'),('681','136','471','0','1','490','0'),('682','136','23','0','1','450','0'),('761','159','451','0','5','580','0'),('684','136','442','0','1','570','0'),('685','137','162','0','1','3000','0'),('686','138','449','0','1','540','0'),('687','138','447','0','1','490','0'),('688','138','429','0','2','250','0');
DROP TABLE IF EXISTS `diafan_shop_order_goods_param`;
CREATE TABLE `diafan_shop_order_goods_param` (
  `id` int(11) unsigned NOT NULL AUTO_INCREMENT COMMENT 'идентификатор',
  `value` int(11) unsigned NOT NULL DEFAULT '0' COMMENT 'значение характеристики',
  `param_id` int(11) unsigned NOT NULL DEFAULT '0' COMMENT 'идентификатор характеристики из таблицы `diafan_shop_param`',
  `order_goods_id` int(11) unsigned NOT NULL DEFAULT '0' COMMENT 'идентификатор записи о купленном товаре из таблицы `diafan_shop_order_goods`',
  `trash` enum('0','1') NOT NULL DEFAULT '0' COMMENT 'запись удалена в корзину: 0 - нет, 1 - да',
  PRIMARY KEY (`id`),
  KEY `order_goods_id` (`order_goods_id`)
) ENGINE=MyISAM DEFAULT CHARSET=utf8 COMMENT='Дополнительных характеристики товаров в заказе';

DROP TABLE IF EXISTS `diafan_shop_order_param`;
CREATE TABLE `diafan_shop_order_param` (
  `id` int(11) unsigned NOT NULL AUTO_INCREMENT COMMENT 'идентификатор',
  `name1` varchar(250) NOT NULL DEFAULT '' COMMENT 'название',
  `text1` text NOT NULL COMMENT 'описание',
  `type` varchar(20) NOT NULL DEFAULT '' COMMENT 'тип',
  `info` varchar(30) NOT NULL DEFAULT '' COMMENT 'смысловая нагрузка',
  `sort` int(11) unsigned NOT NULL DEFAULT '0' COMMENT 'подрядковый номер для сортировки',
  `required` enum('0','1') NOT NULL DEFAULT '0' COMMENT 'обязательно для заполнения: 0 - нет, 1 - да',
  `show_in_form` enum('0','1') NOT NULL DEFAULT '0' COMMENT 'использовать в стандатной форме оформления заказа: 0 - нет, 1 - да',
  `show_in_form_register` enum('0','1') NOT NULL DEFAULT '0' COMMENT 'позволять редактировать из личного кабинета: 0 - нет, 1 - да',
  `show_in_form_one_click` enum('0','1') NOT NULL DEFAULT '0' COMMENT 'использовать в форме быстрого заказа: 0 - нет, 1 - да',
  `config` text NOT NULL COMMENT 'дополнительные настройки поля',
  `trash` enum('0','1') NOT NULL DEFAULT '0' COMMENT 'запись удалена в корзину: 0 - нет, 1 - да',
  PRIMARY KEY (`id`)
) ENGINE=MyISAM AUTO_INCREMENT=11 DEFAULT CHARSET=utf8 COMMENT='Поля конструктора формы оформления заказа';

INSERT INTO `diafan_shop_order_param` VALUES ('1','ФИО или название компании','','text','name','1','1','1','0','1','','0'),('2','E-mail','','email','email','2','1','1','0','0','','0'),('3','Контактные телефоны (с кодом города)','','text','phone','3','1','1','0','1','','0'),('10','Адрес и комментарии','','textarea','comment','10','0','1','0','0','','0');
DROP TABLE IF EXISTS `diafan_shop_order_param_element`;
CREATE TABLE `diafan_shop_order_param_element` (
  `id` int(11) unsigned NOT NULL AUTO_INCREMENT COMMENT 'идентификатор',
  `value` text NOT NULL COMMENT 'значение',
  `param_id` int(11) unsigned NOT NULL DEFAULT '0' COMMENT 'идентификатор поля из таблицы `diafan_shop_order_param`',
  `element_id` int(11) unsigned NOT NULL DEFAULT '0' COMMENT 'идентификатор заказа из таблицы `diafan_shop_order`',
  `trash` enum('0','1') NOT NULL DEFAULT '0' COMMENT 'запись удалена в корзину: 0 - нет, 1 - да',
  PRIMARY KEY (`id`)
) ENGINE=MyISAM AUTO_INCREMENT=610 DEFAULT CHARSET=utf8 COMMENT='Значения полей конструктора оформления заказа';

INSERT INTO `diafan_shop_order_param_element` VALUES ('561','Шарипова Алла','1','157','1'),('557','ООО \"Эйдинберг\"','1','156','0'),('556','Самовывоз','10','155','0'),('555','89262097156','3','155','0'),('554','knf@mail.ru','2','155','0'),('9','Пенькова Юлия Александровна','1','3','0'),('10','y.penkova@yandex.ru','2','3','0'),('11','926-831-14-06','3','3','0'),('12','Просьба доставить в воскресенье 06.12, с 11.00 до 15.00\r\nАдрес: Путевой проезд д. 40 к1 кв. 63 п4','10','3','0'),('13','Покупатель','1','4','0'),('14','89652094121','3','4','0'),('15','Константин','1','5','0'),('16','89037663151','3','5','0'),('17','ул. Красного маяка д.1 к.2 кв. 40 под2 \r\n7.12 с 12-20 ','10','5','0'),('553','Наталья Кияченкова','1','155','0'),('552','г.Москва ул. Полярная д.8 кв.295 п.5 э.7','10','154','0'),('551','89067190282','3','154','0'),('550','89067190282@mail.ru','2','154','0'),('549','Шарипова Алла','1','154','0'),('548','Ферсмана, 3к2 стоянка килт и парео синие','10','153','0'),('547','89037799429','3','153','0'),('546','Виталий','1','153','0'),('36','Сикоева Анна Сергеевна','1','12','0'),('37','kambulovaas@sovcombank.ru','2','12','0'),('38','89175006662','3','12','0'),('39','агашин аркадий','1','13','0'),('40','ark.agashin@yandex.ru','2','13','0'),('41','8 985 920 74 91','3','13','0'),('42','адрес доставки:  Москва, ул Академика Анохина 12-1-651','10','13','0'),('47','Мирошникова Светлана Витальевна','1','15','0'),('48','miroshnikova@stroy-arsenal.com','2','15','0'),('49','916-056-72-70','3','15','0'),('50','Добрый вечер, предварительно позвоните... Это будет новогодний подарок для ген.директора. У вас есть новогодняя упаковка???\r\n\r\nпроезд Ольминского, 3Ас3 2эт СтройАрсенал','10','15','0'),('51','Александр','1','16','0'),('52','89269968406','3','16','0'),('53','Адрес: Ленинский пр-т д. 106 к1 кв 27 10эт','10','16','0'),('54','метро Выставочная, Краснопресненская наб. д. 14 стр1 Совкомбанк ','10','12','0'),('545','г. Москва, Котельническая наб., д.33, стр.1  (МДМ Банк), вход со стороны набережной                                                       ст.метро \"Таганкая\" (кольц. или рад.)','10','152','0'),('544','903-235-47-25','3','152','0'),('543','psp@mdmbank.com','2','152','0'),('61','Александр','1','19','0'),('62','89255074824','3','19','0'),('63','ул. Абельмановская д. 11 кв-86 3п 7эт домофон-1973','10','19','0'),('539','Валентин','1','151','0'),('540','89031800121','3','151','0'),('541','марксистская 9 кв. 176 п3 эт12 доп номер84956700117','10','151','0'),('68','дмитрий','1','21','0'),('69','rdd1801@yandex.ru','2','21','0'),('70','89689470125','3','21','0'),('71','Рудакоская Вера Александровна','1','22','0'),('72','ruver78@mail.ru','2','22','0'),('73','89261720605','3','22','0'),('74','Доставка желательна 14 декабря с 12-17. Просьба курьеру позвонить за час до непосредственной доставки. Размер лаптей- 40-41 и 42-43\r\nАдрес доставки: Москва, ул.Большая Академическая,д.47, корп.2, кв.75, 2 подъезд,2 этаж, код 75К0579','10','22','0'),('75','Елена','1','23','0'),('76','89167061580 84953446321','3','23','0'),('77','Адрес Каширское шоссе д. 59 к2 кв 541 3п эт6 домофон-700 14.12 с 14-20 ','10','23','0'),('78','Ксения','1','24','0'),('79','89057393355 84959802560','3','24','0'),('80','ул. Кржижановского д. 13 к2 \"Русский Мир\" ','10','24','0'),('81','Ул. Маршала Катукова д24 к6, 21эт 142','10','21','0'),('82','Васильков Дмитрий Григорьевич','1','25','0'),('83','lhdlhd81@mail.ru','2','25','0'),('84','+7-906-735-79-23','3','25','0'),('85','Волобуева Оксана','1','26','0'),('86','535oksana@mail.ru','2','26','0'),('87','8-910-460-42-44','3','26','0'),('88','Самовывоз на 16.12 лапти 38 и 45','10','25','0'),('89','Лаврова Ирина Викторовна','1','27','0'),('90','1551564@mail.ru','2','27','0'),('91','8(916) 155-15-64','3','27','0'),('92','Созвониться о дне и времени доставки . Спасибо !!\r\nГризодубовой д4к4 п1 кв37','10','27','0'),('542','Петренко Сергей Петрович','1','152','0'),('96','Ждем позицию шв-065, доставка пн-вт Севанская д. 48 к1 п4 эт4 кв.59 , ср-пт Кржижановского д. 17к1 кафе \"Лайм\" ','10','26','0'),('97','Тимохина Татьяна','1','29','0'),('98','f4bboqnz24@rambler.ru','2','29','0'),('99','89687081125','3','29','0'),('100','ул. Кременчугская д. 5 к3 4п (офис)слева серая дверь до 17 ','10','29','0'),('499','garantremont@ya.ru','2','140','0'),('498','Сафонов илья','1','140','0'),('104','Калмыкова Ольга','1','31','0'),('105','olya2411@mail.ru','2','31','0'),('106','8-915-004-2886','3','31','0'),('497','89859706538','3','139','0'),('108','Качанова Ольга Владимировна','1','32','0'),('109','kachanova.olga@rambler.ru','2','32','0'),('110','8-916-394-50-06','3','32','0'),('111','адрес доставки: г.Москва, ул.Челябинская, д.19, к.4, кв.459, прошу доставить заказ после 18.00ч.\r\n\r\nЖдем шикарного мужчину','10','32','0'),('112','Ищенко Елена','1','33','0'),('113','alenalala@gmail.com','2','33','0'),('114','89262451894','3','33','0'),('115','8 9262157609 ул. Коштоянца д.6 п2эт19 кв168  с15','10','33','0'),('116','ул. Гризодубовой д. 2 кв 195 п4 эт15','10','31','0'),('120','Олейников Владимир','1','35','0'),('121','oleynikov909@yandex.ru','2','35','0'),('122','89654237731','3','35','0'),('123','Самовывоз 44','10','35','0'),('124','Абашина Елена Дмитриевна','1','36','0'),('125','abashina.ed@mail.ru','2','36','0'),('126','89151879017','3','36','0'),('127','самовывоз ждём голова не болит','10','36','0'),('538','Рязанская область, Михайловский район, село Стрелецкие-Выселки, д № 19. 391729 килт серый','10','150','0'),('537','89511048580','3','150','0'),('536','mhp-btv@mail.ru','2','150','0'),('131','Лысик Светлана Сергеевна','1','38','0'),('132','lis-79@list.ru','2','38','0'),('133','89166445198','3','38','0'),('134','Евгений','1','39','0'),('135','89150647028','3','39','0'),('136','Серебряническая набережная, 29 БЦ Сильвер Сити до15','10','39','0'),('137','Ул. Хавская д. 24 стр3','10','38','0'),('140','Разуваева Елена Юрьевна','1','41','0'),('141','e.razuvaeva@tupolev.ru','2','41','0'),('142','916-867-37-95','3','41','0'),('143','Адрес доставки: Набережная академика Туполева д.17\r\nв пятницу 18-го декабря с 8 до 16\r\nУпакуйте как подарочный набор (прозрачная пленка перевязанная лентой).','10','41','0'),('144','Юлия','1','42','0'),('145','89060464599','3','42','0'),('146','самовывоз','10','42','0'),('147','Марина','1','43','0'),('148','89262776648','3','43','0'),('149','ул. Новочеремушкинская д. 8 к2 до 15','10','43','0'),('150','Юлия','1','44','0'),('151','juliaas@list.ru','2','44','0'),('152','89268124364','3','44','0'),('153','Варшавское шоссе,д.125,11 подъезд,5 секция!пн-пт с 10 до 17','10','44','0'),('154','Берсеньевские Бани','1','45','0'),('155','Юдина Наталья','1','46','0'),('156','office-central@albes.ru','2','46','0'),('157','8(903)120 -90 -12   8(963)786-62-23','3','46','0'),('158','Добрый день!\r\nНиколоямская 29 стр. 1 2 этаж\r\nНам нужно два полноценных набора в один тон (2 варежки, 2 коврика, 2 шапки муж).\r\nПришлите пожалуйста фото на первый тел., как это выглядит, спасибо!','10','46','0'),('159','Юрий','1','47','0'),('160','89852986640','3','47','0'),('161','2-южнопортовый пр-д д. 12А к1 стр1 \"Сбербанк\"','10','47','0'),('535','Доможилова Тамара Викторовна','1','150','0'),('165','Годованюк Владислав Владимирович','1','49','0'),('166','gvv-rus@mail.ru','2','49','0'),('167','89151714202','3','49','0'),('168','Москва, Пятницкое шоссе дом 6 корпус 7, подъезд 2, кв 117 Самовывоз','10','49','0'),('169','Кирилл','1','50','0'),('170','89852288989','3','50','0'),('171','Верхняя Красносельская 11А Руснарбанк','10','50','0'),('172','Юпатова дарья константиновна','1','51','0'),('173','6446955@mail.ru','2','51','0'),('174','89853369118','3','51','0'),('175','Москва, Россия, Москва, Комсомольский проспект  25 к2 кв. 63 (парео желтые)','10','51','0'),('176','Константин','1','52','0'),('177','kast@mail.ru','2','52','0'),('178','+79037128970','3','52','0'),('179','ул. Солянка д.3 стр.3 с 10 до 18','10','52','0'),('180','Виноградова Екатерина','1','53','0'),('181','vinograd73@mail.ru','2','53','0'),('182','89857644499','3','53','0'),('183','метро Алексеевская, проезд Ольминского д.3а, стр.3 \r\nдоставка на 22.12 или 23.12 до 17:00\r\nПросили, по возможности, привезти померить два размера Парео - s/m и l. Необходимо перезвонить и сообщить сможем ли привезти померить два размера.  \r\n','10','53','0'),('194','Ясиненко Марина Викторовна','1','57','0'),('502','Надежда','1','141','0'),('500','89037776733','3','140','0'),('501','Большой Козихинский пер 16стр 1','10','140','0'),('188','Наталья','1','55','0'),('189','89164423868','3','55','0'),('190','Садовая-Триумфальная улица, 10/13 до 16\r\n89169665201 Анастасия','10','55','0'),('534','2-ой Южнопортовый проезд, 33/1','10','149','1'),('528','Наталья Михайловна','1','148','0'),('529','89165646321','3','148','0'),('530','Нахимовский пр-т д.49 доп. номер 84991760157','10','148','0'),('531','ООО \"Эйдинберг\"','1','149','1'),('532','brovko@live.ru','2','149','1'),('533','89852322272','3','149','1'),('195','knopka693@mail.ru','2','57','0'),('196','89687196462','3','57','0'),('197','Как только заказ будет собран просьба оповестить сразу! Заберу самовывозом!','10','57','0'),('198','Ясиненко Марина Викторовна','1','58','0'),('199','knopka693@mail.ru','2','58','0'),('200','89687196462','3','58','0'),('201','Дополнение к заказу N57 .','10','58','0'),('202','Cветлана','1','59','0'),('203','dpakon4ik@yandex.ru','2','59','0'),('204','89266053509','3','59','0'),('205','ул.Ясеневая д.31 к 2 кв 20 1 подьезд 5 этаж','10','59','0'),('206','Забузова Алиса Игоревна','1','60','0'),('207','ali_sa@inbox.ru','2','60','0'),('208','8-926-619-28-44','3','60','0'),('209','Москва, ул.Ильинка, д.4, доставка на 29.12.2015-утро(8.00-11.00)','10','60','0'),('210','Анастасия Астахова','1','61','0'),('211','9607615@gmail.com','2','61','0'),('212','+7(903)960-76-15','3','61','0'),('213','Москва ул.Правды д.24 стр.3 Доставка в понедельник 28.12 с 11 до 18. Праздничная упаковка- прозрачная плёнка с лентой, как указано на сайте всего заказа в шайку. ','10','61','0'),('214','Максимова Галиа','1','62','0'),('215','maks-galina@yandex.ru','2','62','0'),('216','89859971680','3','62','0'),('217','Мичуринский проспект 5','10','62','0'),('218','Светлана','1','63','0'),('219','pusiket73@mail.ru','2','63','0'),('220','9037716939','3','63','0'),('221','Вешняковская улица дом 1 корп 1 кВ 70 домофон 070 под 2 эт 9 на24с11','10','63','0'),('222','Мария','1','64','0'),('223','maria_toropa@mail.ru','2','64','0'),('224','+79168263384','3','64','0'),('225','Москва, Азовская 24к2, кв342','10','64','0'),('226','Жаворонкова Екатерина Александровна','1','65','0'),('227','georussia@gmail.com','2','65','0'),('228','8 926 560 49 61','3','65','0'),('229','Москва, улица Малышева, дом 22, квартира 1.','10','65','0'),('230','Прохорова Татьяна','1','66','0'),('231','prokhorovatp@gmail.com','2','66','0'),('232','8-916-611-89-20','3','66','0'),('233','м. Профсоюзная, Кржижановского, 16/3, офис Сибур.\r\nПрошу оформить в подарочной упаковке. Доставка в будни с 10 до 17.','10','66','0'),('234','Наталья','1','67','0'),('235','89858984450','3','67','0'),('236','Ул. Зеленодольская д. 32/5 дополнительно 89268577629 Динара до 17','10','67','0'),('237','Александр','1','68','0'),('238','89263263483','3','68','0'),('239','ул. Верейская д. 29 стр 33 до 18','10','68','0'),('240','Иван','1','69','0'),('241','i.electronka@yandex.ru','2','69','0'),('242','89265244664','3','69','0'),('243','Москва, Перовская 49/53, офис 2 (вход со двора)\r\n11до18 Дима','10','69','0'),('244','Хайруллина Кристина Руслановна','1','70','0'),('245','a30kristin@mail.ru','2','70','0'),('246','89253674157','3','70','0'),('247','Г. Москва, Ленинский проспект д 15, 1й подъезд, доставка с 9.00 до 16.00','10','70','0'),('248','Елизавета','1','71','0'),('249','89104644406','3','71','0'),('250','Самаркандский бульвар, 15к2 п4 эт4 кв 76 домофон #76#4657','10','71','0'),('251','Ирина','1','72','0'),('252',' 89262193500','3','72','0'),('253','ул. Линии Октябрьской железной дороги д. 6 п2 эт4 кв.35 код35к0977','10','72','0'),('254','Ларева Ольга','1','73','0'),('255','l_lelja@list.ru','2','73','0'),('256','89268201520','3','73','0'),('257','м. Электрозаводская 29.12','10','73','0'),('527','Новочерёмушкинская улица, 38к1 до 12\r\n84991207279','10','147','0'),('262','Бизнес Холдинг Альянс','1','75','0'),('263','035@aliansalians.ru','2','75','0'),('264','8-495-988-38-07','3','75','0'),('265','Большая Новодмитровская 23 стр 6, красный козырек Ориентир табличка РусОкон. 89854761488 Ниджар','10','75','0'),('266','денисова','1','76','0'),('267','alexandra.denisova@mail.ru','2','76','0'),('268','89150190569','3','76','0'),('269','Москва. ул. Юных Ленинцев 66 к 46 до 28 до18','10','76','0'),('270','Буланова Наталья Николаевна','1','77','0'),('271','natalybul@gmail.com','2','77','0'),('272','+79154118830','3','77','0'),('273','Новая Москва, пос.Коммунарка, улица Бачуринская, дом 22, корп.2. подъезд 3, этаж 5, кв.150 \r\nПрошу обязательно позвонить, т.к. нет возможности ждать курьера целый день. С уважением. От метро теплый стан, на маршрутке 882 до мкр Идальго  29 после 18','10','77','0'),('274','Третьякова Ирина Владимировна','1','78','0'),('275','sunset4@mail.ru','2','78','0'),('276','89857880099','3','78','0'),('277','Москва,Симферопольский бульвар 24, корпус 5, кв. 241,     3 подъезд, 11 этаж','10','78','0'),('517','Прошу доставить парео в голубом цвете. Также я, к сожалению, вынуждена вернуть парео женское (бамбук) S/M, т.к. не подошел размер. Прошу осуществить доставку 25.01.2016 в первой половине дня (до 14:00) и за 1 час до доставки мне позвонить. Спасибо. На среду с 13 до 15','10','144','0'),('281','Бобков','1','80','0'),('282','antigluk2005@mail.ru','2','80','0'),('283','89057966278','3','80','0'),('284','улица Маршала Голованова, 13 кв. 275 п5','10','80','0'),('526','89032410532','3','147','0'),('525','Дмитрий','1','147','0'),('289','Светлана','1','81','0'),('290','89629244030','3','81','0'),('291','улица Корнейчука, 33А кв90 п2 эт11 код90к8425','10','81','0'),('292','ольга','1','83','0'),('293','okadi@rambler.ru','2','83','0'),('294','9166877660','3','83','0'),('295','Суворова Марьяна Сергеевна','1','84','0'),('296','masik0604@mail.ru','2','84','0'),('297','89164908322','3','84','0'),('298','г.Москва Коровинское шоссе 8-1-19 на вечер с 18 29.12','10','84','0'),('299','Галина','1','85','0'),('300','89168708399','3','85','0'),('301','Бойцовая улица, 10к1 кв 21 п2 эт1 код21в0467 дополнительно 89163333511 после 18, 29.12','10','85','0'),('302','Татьяна','1','86','0'),('303','89264130894','3','86','0'),('304','Люблинская 153 Ашан магазин \"Анжело Совалини\" до 10','10','86','0'),('305','Юлия','1','87','0'),('306','89265800430','3','87','0'),('307','Старокачаловская вл 22 школа 1945','10','87','0'),('308','Бережковская наб 24к1 офис Роспатент с 11-18 лапти 37 и 43  на29.12','10','83','0'),('309','Надежда','1','88','0'),('310','89032092090','3','88','0'),('311','самовывоз','10','88','0'),('312','Светлана','1','89','0'),('313','kholodilina@mail.ru','2','89','0'),('314','+79031299861','3','89','0'),('315','Москва, ул. Гримау, дом 6. Метро Академическая.\r\nмужские 43 жен 39','10','89','0'),('316','Сергушкин Игорь','1','90','0'),('317','igor.sergushkin@gmail.com','2','90','0'),('318','+79175879009','3','90','0'),('319','1-я дубровская 13\r\n4 подъезд, въезд со двора\r\nпн, вт. с 10 до 15 30.12','10','90','0'),('320','Анастасия','1','91','0'),('321','89096412599','3','91','0'),('322','ул. Раменки д. 25 к2 кв477 п8 лапти 44 28-с15-18','10','91','0'),('323','Казаров Алексей Павлович','1','92','0'),('324','AlekseyKazarov1989@yandex.ru','2','92','0'),('325','+7 (965) 238 84 99','3','92','0'),('326','Доставка необходима до 29.12.15 включительно (!)\r\nПри доставке до 18:00, адрес Лесная, 5 к B\r\nПри доставке после 18:00 адрес Боткинский 1-й проезд, 4 к1  29 до21','10','92','0'),('327','Гребенникова Ольга','1','93','0'),('328','olga@pgkronos.ru','2','93','0'),('329','89039786486','3','93','0'),('330','г. Москва, Мельницкий переулок, д.1 офис 115\r\nДоставка до 29.01. до 14-00','10','93','0'),('331','Наталья','1','94','0'),('332','89104648590','3','94','0'),('333','самовывоз','10','94','0'),('334','Молодцов Александр Геннадьевич','1','95','0'),('335','molodtsovag@gmail.com','2','95','0'),('336','+7-926-065-065-2','3','95','0'),('337','г. Москва, ул. Краснодонская д2 корп 1 кв 124 29.12','10','95','0'),('338','Вера','1','96','0'),('339','89164824220','3','96','0'),('340','самовывоз килт синий парео оранж','10','96','0'),('341','Юлия','1','97','0'),('342','89636439991','3','97','0'),('343','Чуксин тупик д.5 кв.52 3п 3эт код90к0295 ','10','97','0'),('344','Евдошенко Кристина Викторовна','1','98','0'),('345','Kris.Evdoshenko@yandex.ru','2','98','0'),('346','89091535377','3','98','0'),('347','ул. 1-я Тверская -Ямская ,16/23 с2\r\n1й вагон из центра к улице Тверская-Ямская. Из стеклянных дверей направо. Идти прямо до здания Ростелекома (увидите подземный переход),повернуть направо и сразу налево. Проходите вход в Ростелеком и следующий вход-нужный.','10','98','0'),('348','Соколова Екатерина','1','99','0'),('349','127224_ep@bk.ru','2','99','0'),('350','89167818845','3','99','0'),('351','Перуновский переулок, д.4/10, кв.1 29.12 с 17до19','10','99','0'),('504','самовывоз','10','141','0'),('503','89032092090','3','141','0'),('356','Сахарова Ольга Ринатовна','1','101','0'),('357','bellasweety@inbox.ru','2','101','0'),('358','+7-960-060-23-08','3','101','0'),('359','г. Москва, Средний Тишинский переулок, д. 3, кв. 24 29 после 19','10','101','0'),('360','Алексей ','1','102','0'),('361','89168637204','3','102','0'),('362','Свободный проспект д. 24 кв. 102','10','102','0'),('523','89037344974','3','146','1'),('524','Нужен синий халат, к 23-ему','10','146','1'),('522','Людмила','1','146','1'),('367','Александров Сергей Николаевич','1','104','0'),('368','alex22316@rambler.ru','2','104','0'),('369','89152062987','3','104','0'),('370','г. Москва Колодезный переулок д. 2а\r\nдоставка до 30 декабря с 9,30 до 14,00 ','10','104','0'),('371','Андрей','1','105','0'),('372','andrey_bogolubov@mail.ru','2','105','0'),('373','+79057017076','3','105','0'),('374','г.Москва, ш.Энтузиастов, д.59\r\nЗакак нужно исполнить до 30.12 включительно с 10 до 19 часов, но не в интервале с 14 до 15 часов.(Дима)','10','105','0'),('375','Доронина','1','106','0'),('376','neshka_87@mail.ru','2','106','0'),('377','+79263622626','3','106','0'),('378','Красного Маяка, д.1, корпус3, квартира 130 ИЛИ метро южная','10','106','0'),('383','ШУГУРОВ ДЕНИС','1','108','0'),('384','vellosagata@rambler.ru','2','108','0'),('385','89296361261','3','108','0'),('386','Москва, Менжинского, д.29, кв.61, подъезд 1, этаж 17, домофон 61в\r\nЕсли можно поменять состав заказа, то хотелось бы эфирные масла апельсиновое и пихта','10','108','0'),('387','Иголкин Александр Вячеславович','1','109','0'),('388','bullavkin@mail.ru','2','109','0'),('389','89265647197','3','109','0'),('393','Равиль','1','111','0'),('394','ravil@art-design.ru','2','111','0'),('395','8(916)6974480','3','111','0'),('396','килты морвол и син парео жел и син','10','109','0'),('397','Попова Диана','1','112','0'),('398','puskprint@gmail.com','2','112','0'),('399','89858267809','3','112','0'),('400','4-ый Вятский пер. , д.18, корп. 1 до 16','10','112','0'),('401','Роман','1','113','0'),('402','romario2002@bk.ru','2','113','0'),('403','89161519539','3','113','0'),('404','Москва Большая Якиманка 40','10','113','0'),('405','Погодина Марина','1','114','0'),('406','nazarovamarina7111@rambler.ru','2','114','0'),('407','89197213249','3','114','0'),('408','Улица Самуила маршака дом 10, подъезд 3, этаж 6, квартира 151\r\nДоставка нужна 30 декабря','10','114','0'),('409','Елена','1','115','0'),('410','lenagus86@mail.ru','2','115','0'),('411','89055798882','3','115','0'),('412','Самовывоз после нг','10','115','0'),('413','Смирнова Марьяна','1','116','0'),('414','maryasha-si@mail.ru','2','116','0'),('415','89852946712','3','116','0'),('416','Москва, бульвар маршала Рокоссовского д. 17 самовывоз','10','116','0'),('417','Дарья','1','117','0'),('418','89266688650','3','117','0'),('419','Тепллый стан, Профсоюзная 154 напротив кт Аврора \"Старт\" до 17','10','117','0'),('521','чечулина д 22 кв 155, 5 п, 3 эт 155#525\r\n89197615256 Таисия Валентиновна','10','145','0'),('520','8 915 -460- 35- 49','3','145','0'),('518','зотов юрий вячеславович','1','145','0'),('519','haruzek@mail.ru','2','145','0'),('505','Перова Галина Александровна','1','142','0'),('474','Константинов дмитрий анатольевич','1','133','0'),('428','Олег','1','120','0'),('429','9160602868','3','120','0'),('430','1-й Нагатинский проезд, 11к2 п 7 эт16 кв. 732','10','120','0'),('516','8-926-265-34-57','3','144','0'),('515','olenka.novikova@gmail.com','2','144','0'),('510','kroshka-yanka@yandex.ru','2','143','0'),('511','89206937545','3','143','0'),('512','Тверь 170000\r\nул.Коммуны 11','10','143','0'),('513','постоянный клиент','10','137','0'),('514','Ольга','1','144','0'),('438','Екатерина','1','123','0'),('439','bosova@mail.ru','2','123','0'),('440','8-916-836-06-21','3','123','0'),('441','Москва, ул. Правды 8/13.','10','123','0'),('509','никитина виктория николаевна','1','143','0'),('446','Ильясова Ольга','1','125','0'),('447','rust@centro.ru','2','125','0'),('448','8-916-453-70-81','3','125','0'),('449','г.Москва, самовывоз','10','125','0'),('450','Лысенко Евгений Николаевич','1','126','0'),('451','evgen062@mail.ru','2','126','0'),('452','(905)-789-7425','3','126','0'),('453','Москва,1-я Мытищинская, д.27,рядом проходная ВНИИЖТ,\r\nи мост на ж.д. платформу \"Москва-3\". Рабочее время.','10','126','0'),('508','Москва, ул. Угличская 6с2, подъезд 3, кв.101 - если доставка после 12.00. Если до 12.00 -тогда адрес: Москва, ул. Героев Панфиловцев 10, ПАО \"Радиофизика\".','10','142','0'),('454','Кирилл','1','127','0'),('455','k.rechich@maytoni.ru','2','127','0'),('456','+79167480966','3','127','0'),('457','Набор для девушки.\r\nул. Лобачевского 92 стр.4, подъезд 2, офис Вольтега','10','127','0'),('458','Ольга','1','128','0'),('459','89267891032','3','128','0'),('460','Ленинский 117 1 корпус, детская больница  ','10','128','0'),('461','Сахиба','1','129','0'),('462','89686556591','3','129','0'),('507','89251902265','3','142','0'),('506','demidenko104@rambler.ru','2','142','0'),('471','Александра','1','132','0'),('472','89637794292','3','132','0'),('473','ул. Баррикадная д. 8 стр4 совет судей, среда до 17\r\nлапти 40 и 44-45','10','132','0'),('475','konstantinov897@gmail.com','2','133','0'),('476','89997810985','3','133','0'),('477','доп номер 89187743978 Поперечный просек, 17','10','133','0'),('478','Администратор','1','134','1'),('479','temak@inbox.ru','2','134','1'),('480','89269190652','3','134','1'),('496','slepan@mail.ru','2','139','0'),('495','Слепухин Андрей','1','139','0'),('484','Ольга','1','136','0'),('485','olenka.novikova@gmail.com','2','136','0'),('486','8-926-265-34-57','3','136','0'),('487','г. Москва, ул. Енисейская, д. 21, кв. 14. Прошу осуществить доставку 22.01.2016 до 14:00 и за 1 час до доставки мне позвонить. Милютинский пер д. 15 стр1 Стех желдверь второй этаж Ольга Новикова ','10','136','0'),('488','Павел','1','137','0'),('489','antigluk2005@mail.ru','2','137','0'),('490','89057966278','3','137','0'),('491','Антонова Евгения Алексеевна','1','138','0'),('492','Kedgeree@mail.ru','2','138','0'),('493','8-985-301-26-34','3','138','0'),('494','г. Москва, ул. Шаболовка, д.4, (здании ПФР желтого цвета, напротив трамвайное депо) Доставка по будням с 10:00 до 16:30','10','138','0'),('558','brovko@live.ru','2','156','0'),('559','89852322272','3','156','0'),('560','2-ой Южнопортовый проезд 33\r\nP.S. Ковш Nikkarien вчера 1 980 руб. стоил\r\nЖду сегодня доставку Вячеслав','10','156','0'),('562','89067190282@mail.ru','2','157','1'),('563','89067190282','3','157','1'),('564','г.Москва ул.полярная д.8 кв.295 п.5.э.7\r\nдобавка к заказу на завтра  № 154','10','157','1'),('565','Анна','1','158','0'),('566','alarm.t@yandex.ru','2','158','0'),('567','+7(917)518-05-61','3','158','0'),('568','Киевское шоссе стр. 1 \"бизнес парк румянцево\", 7 подъезд, 9 этаж, офис 912б , сообщите, заранее ФИО курьера для заказа пропуска. доставка нужна 28.01 или 29.01 с 9-17','10','158','0'),('569','Татьяна','1','159','0'),('570','89651199131','3','159','0'),('571','Пятницкая д. 6/1 2эт бюро переводов','10','159','0'),('572','Светлана','1','160','0'),('573','89262755403','3','160','0'),('574','ул. Никулинская д. 6 к3 кв. 218 эт 23 доп номер: 89262362329 Евгений','10','160','0'),('575','Наталья','1','161','0'),('576','trosti21@gmail.com','2','161','0'),('577','89060737704','3','161','0'),('578','г.Москва, Курсовой пер., д.1, метро Кропоткинская. Доставка с 9 до 17. Просьба позвонить за полчаса-час. Внутренний телефон 3320.','10','161','0'),('579','Дозмаров Валерий Михайлович','1','162','0'),('580','doz@luding.ru','2','162','0'),('581','+7(985)992-08-86','3','162','0'),('582','Москва, ул. Рябиновая 55 позвонить за 1 час до доставки. Доставка с 10.00 до 17.00 в дудние дни','10','162','0'),('583','Ильясова Ольга','1','163','0'),('584','rust@centro.ru','2','163','0'),('585','8-916-453-70-81','3','163','0'),('586','самовывоз','10','163','0'),('587','марина','1','164','0'),('588','sashamarii@MAIL.RU','2','164','0'),('589','8916 075 84 81','3','164','0'),('590','Каширское шоссе. 33, Москва понедельник до 18, килты разных цветов','10','164','0'),('591','Липкань Сергей Алексеевич','1','165','1'),('592','serhio01031991@mail.ru','2','165','1'),('593','89651772577','3','165','1'),('594','улица веневская дом 7 квартира 376.перезвоните подтвердить заказ.','10','165','1'),('595','Wellness club Nebo','1','166','0'),('596','5005080@bk.ru','2','166','0'),('597','+7 499 5005080','3','166','0'),('598','м.деловой центр  \r\nпресненская набережная 12  \r\nбашня федерации 61 этаж','10','166','0'),('599','Михаил','1','167','0'),('600','mikhailich@mail.ru','2','167','0'),('601','+79250113779','3','167','0'),('602','4 Магистральная, 11 стр 2\r\nОфисный центр &quot;Магистраль&quot;','10','167','0'),('603','GSU','1','168','1'),('604','gsu@mail.ru','2','168','1'),('605','343434','3','168','1'),('606','Text','10','168','1'),('607','Светлана','1','169','0'),('608','89175440657','3','169','0'),('609','2-я улица Синичкина 9а, фитнес клуб \"Спорт и бизнес\" доп номер: 84959887800 ','10','169','0');
DROP TABLE IF EXISTS `diafan_shop_order_param_select`;
CREATE TABLE `diafan_shop_order_param_select` (
  `id` int(11) unsigned NOT NULL AUTO_INCREMENT COMMENT 'идентификатор',
  `param_id` int(11) unsigned NOT NULL DEFAULT '0' COMMENT 'идентификатор поля из таблицы `diafan_shop_order_param`',
  `value` tinyint(2) unsigned NOT NULL DEFAULT '0' COMMENT 'значение для типа характеристики «галочка»: 0 - нет, 1 - да',
  `name1` varchar(50) NOT NULL DEFAULT '' COMMENT 'значение',
  `sort` int(11) unsigned NOT NULL DEFAULT '0' COMMENT 'подрядковый номер для сортировки',
  `trash` enum('0','1') NOT NULL DEFAULT '0' COMMENT 'запись удалена в корзину: 0 - нет, 1 - да',
  PRIMARY KEY (`id`),
  KEY `param_id` (`param_id`)
) ENGINE=MyISAM DEFAULT CHARSET=utf8 COMMENT='Варианты значений полей конструктора оформления заказа типа список';

DROP TABLE IF EXISTS `diafan_shop_order_param_user`;
CREATE TABLE `diafan_shop_order_param_user` (
  `id` int(11) unsigned NOT NULL AUTO_INCREMENT COMMENT 'идентификатор',
  `value` text NOT NULL COMMENT 'значение',
  `param_id` int(11) unsigned NOT NULL DEFAULT '0' COMMENT 'идентификатор поля из таблицы `diafan_shop_order_param`',
  `user_id` int(11) unsigned NOT NULL DEFAULT '0' COMMENT 'идентификатор пользователя из таблицы `diafan_users`',
  `trash` enum('0','1') NOT NULL DEFAULT '0' COMMENT 'запись удалена в корзину: 0 - нет, 1 - да',
  PRIMARY KEY (`id`)
) ENGINE=MyISAM DEFAULT CHARSET=utf8 COMMENT='Значения полей конструктора оформления заказа, предзаполненные пользователями';

DROP TABLE IF EXISTS `diafan_shop_order_status`;
CREATE TABLE `diafan_shop_order_status` (
  `id` tinyint(3) unsigned NOT NULL AUTO_INCREMENT COMMENT 'идентификатор',
  `name1` varchar(50) NOT NULL DEFAULT '' COMMENT 'название',
  `status` enum('0','1','2','3','4') NOT NULL DEFAULT '0' COMMENT 'действие статуса заказа',
  `sort` int(11) unsigned NOT NULL DEFAULT '0' COMMENT 'подрядковый номер для сортировки',
  `trash` enum('0','1') NOT NULL DEFAULT '0' COMMENT 'запись удалена в корзину: 0 - нет, 1 - да',
  PRIMARY KEY (`id`)
) ENGINE=MyISAM AUTO_INCREMENT=8 DEFAULT CHARSET=utf8 COMMENT='Статусы заказов';

INSERT INTO `diafan_shop_order_status` VALUES ('1','Новый','0','1','0'),('2','Согласован','1','2','0'),('3','Отменен','2','3','0'),('4','Выполнен','3','4','0'),('5','У курьера','4','5','0'),('6','В ПВЗ','4','6','0'),('7','Отправлен почтой','4','7','0');
DROP TABLE IF EXISTS `diafan_shop_param`;
CREATE TABLE `diafan_shop_param` (
  `id` int(11) unsigned NOT NULL AUTO_INCREMENT COMMENT 'идентификатор',
  `name1` varchar(250) NOT NULL DEFAULT '' COMMENT 'название',
  `type` varchar(20) NOT NULL DEFAULT '' COMMENT 'тип',
  `sort` int(11) unsigned NOT NULL DEFAULT '0' COMMENT 'подрядковый номер для сортировки',
  `search` enum('0','1') NOT NULL DEFAULT '0' COMMENT 'характеристика выводится в форме поиска: 0 - нет, 1 - да',
  `list` enum('0','1') NOT NULL DEFAULT '0' COMMENT 'характеристика выводится в списке товаров: 0 - нет, 1 - да',
  `block` enum('0','1') NOT NULL DEFAULT '0' COMMENT 'характеристика выводится в блоке товаров: 0 - нет, 1 - да',
  `id_page` enum('0','1') NOT NULL DEFAULT '0' COMMENT 'характеристика выводится на странице товара: 0 - нет, 1 - да',
  `required` enum('0','1') NOT NULL DEFAULT '0' COMMENT 'доступен к выбору при заказе: 0 - нет, 1 - да',
  `page` enum('0','1') NOT NULL DEFAULT '0' COMMENT 'отдельная страница для значений: 0 - нет, 1 - да',
  `text1` text NOT NULL COMMENT 'описание',
  `config` text NOT NULL COMMENT 'дополнительные настройки поля',
  `display_in_sort` enum('0','1') NOT NULL DEFAULT '0' COMMENT 'выводится в блоке для сортировки: 0 - нет, 1 - да',
  `measure_unit1` varchar(50) NOT NULL DEFAULT '' COMMENT 'единица измерения',
  `trash` enum('0','1') NOT NULL DEFAULT '0' COMMENT 'запись удалена в корзину: 0 - нет, 1 - да',
  PRIMARY KEY (`id`)
) ENGINE=MyISAM AUTO_INCREMENT=4 DEFAULT CHARSET=utf8 COMMENT='Дополнительные характеристики товаров';

INSERT INTO `diafan_shop_param` VALUES ('1','Размер','text','1','0','0','0','0','0','0','','','0','','0'),('3','Материал','text','3','0','0','0','1','0','0','','','0','','0');
DROP TABLE IF EXISTS `diafan_shop_param_category_rel`;
CREATE TABLE `diafan_shop_param_category_rel` (
  `id` int(11) unsigned NOT NULL AUTO_INCREMENT COMMENT 'идентификатор',
  `element_id` int(11) unsigned NOT NULL DEFAULT '0' COMMENT 'идентификатор характеристики из таблицы `diafan_shop_param`',
  `cat_id` int(11) unsigned NOT NULL DEFAULT '0' COMMENT 'идентификатор категории из таблицы `diafan__category`',
  `trash` enum('0','1') NOT NULL DEFAULT '0' COMMENT 'запись удалена в корзину: 0 - нет, 1 - да',
  PRIMARY KEY (`id`),
  KEY `cat_id` (`cat_id`)
) ENGINE=MyISAM AUTO_INCREMENT=4 DEFAULT CHARSET=utf8 COMMENT='Связи дополнительных харакеристик товаров и категорий';

INSERT INTO `diafan_shop_param_category_rel` VALUES ('1','1','0','0'),('3','3','0','0');
DROP TABLE IF EXISTS `diafan_shop_param_element`;
CREATE TABLE `diafan_shop_param_element` (
  `id` int(11) unsigned NOT NULL AUTO_INCREMENT COMMENT 'идентификатор',
  `value1` text NOT NULL COMMENT 'значение',
  `param_id` int(11) unsigned NOT NULL DEFAULT '0' COMMENT 'идентификатор характеристики из таблицы `diafan_shop_param`',
  `element_id` int(11) unsigned NOT NULL DEFAULT '0' COMMENT 'идентификатор товара из таблицы `diafan_shop`',
  `trash` enum('0','1') NOT NULL DEFAULT '0' COMMENT 'запись удалена в корзину: 0 - нет, 1 - да',
  PRIMARY KEY (`id`),
  KEY `element_id` (`element_id`),
  KEY `param_id` (`param_id`)
) ENGINE=MyISAM AUTO_INCREMENT=290 DEFAULT CHARSET=utf8 COMMENT='Значения дополнительных характеристик товаров';

INSERT INTO `diafan_shop_param_element` VALUES ('1','160*80','1','66','0'),('2','160*80','1','67','0'),('3','165*100','1','68','0'),('4','165*100','1','69','0'),('5','165*100','1','70','0'),('6','165*100','1','71','0'),('7','165*100','1','72','0'),('8','165*100','1','73','0'),('9','165*100','1','74','0'),('10','165*100','1','75','0'),('11','165*100','1','76','0'),('12','165*100','1','77','0'),('13','165*100','1','78','0'),('14','165*100','1','79','0'),('15','165*100','1','80','0'),('16','165*100','1','81','0'),('17','165*100','1','82','0'),('18','M','1','101','0'),('19','L','1','102','0'),('20','уневерсальный','1','150','0'),('21','d 60мм','1','155','0'),('22','Войлок','3','328','0'),('23','Войлок','3','325','0'),('24','Взрослый','1','328','0'),('25','18см','1','329','0'),('26','Крапива','3','329','0'),('27','18см','1','331','0'),('28','Агава','3','331','0'),('29','Агава','3','332','0'),('30','17см','1','333','0'),('31','Люффа','3','333','0'),('32','35см','1','334','0'),('33','Люффа','3','334','0'),('34','150х80','1','343','0'),('35','хлопок','3','343','0'),('36','Хлопок','3','345','0'),('37','Хлопок','3','346','0'),('38','XXL','1','347','0'),('39','хлопок','3','347','0'),('40','хлопок','3','348','0'),('41','хлопок','3','349','0'),('42','хлопок','3','350','0'),('43','хлопок','3','351','0'),('44','42-44','1','384','0'),('45','пенолон','3','384','0'),('46','50х35','1','387','0'),('47','войлок','3','387','0'),('48','180Х60','1','389','0'),('49','войлок','3','389','0'),('269','липа','3','614','0'),('270','войлок','3','622','0'),('53','войлок','3','406','0'),('54','войлок','3','413','0'),('55','войлок','3','414','0'),('56','Войлок','3','415','0'),('57','Войлок','3','416','0'),('58','Войлок','3','417','0'),('59','войлок','3','418','0'),('60','войлок','3','419','0'),('61','войлок','3','420','0'),('62','Войлок','3','421','0'),('63','Войлок','3','422','0'),('64','войлок','3','423','0'),('65','войлок','3','424','0'),('66','войлок','3','425','0'),('67','войлок','3','427','0'),('68','войлок','3','428','0'),('69','войлок','3','430','0'),('70','войлок','3','431','0'),('71','Войлок','3','432','0'),('72','войлок','3','433','0'),('73','войлок','3','434','0'),('74','войлок','3','435','0'),('75','войлок','3','436','0'),('76','войлок','3','437','0'),('77','войлок','3','439','0'),('78','войлок','3','440','0'),('79','войлок','3','441','0'),('80','войлок','3','442','0'),('81','войлок','3','443','0'),('82','войлок','3','444','0'),('83','войлок','3','445','0'),('84','войлок','3','446','0'),('85','войлок','3','447','0'),('86','войлок','3','448','0'),('87','войлок','3','449','0'),('88','войлок','3','450','0'),('89','войлок','3','451','0'),('90','войлок','3','452','0'),('91','войлок','3','453','0'),('92','войлок','3','454','0'),('93','войлок','3','455','0'),('94','войлок','3','456','0'),('95','войлок','3','457','0'),('96','войлок','3','458','0'),('97','войлок','3','459','0'),('98','войлок','3','460','0'),('99','140х70','1','461','0'),('100','хлопок','3','461','0'),('101','войлок','3','462','0'),('102','войлок','3','463','0'),('103','войлок','3','464','0'),('104','войлок','3','465','0'),('105','войлок','3','466','0'),('106','войлок','3','467','0'),('107','войлок','3','468','0'),('108','войлок','3','469','0'),('109','войлок','3','470','0'),('110','войлок','3','471','0'),('111','войлок','3','472','0'),('112','войлок','3','473','0'),('113','войлок','3','474','0'),('114','войлок','3','475','0'),('115','войлок','3','476','0'),('116','войлок','3','477','0'),('117','войлок','3','478','0'),('118','войлок','3','479','0'),('119','войлок','3','480','0'),('120','войлок','3','481','0'),('121','войлок','3','482','0'),('122','войлок','3','483','0'),('123','войлок','3','484','0'),('124','войлок','3','485','0'),('125','войлок','3','486','0'),('126','войлок','3','487','0'),('127','войлок','3','488','0'),('128','войлок','3','489','0'),('129','войлок','3','490','0'),('130','войлок','3','491','0'),('131','войлок','3','492','0'),('132','войлок','3','493','0'),('133','войлок','3','494','0'),('134','войлок','3','495','0'),('135','войлок','3','496','0'),('136','войлок','3','497','0'),('137','войлок','3','498','0'),('138','войлок','3','499','0'),('139','войлок','3','500','0'),('140','войлок','3','501','0'),('141','войлок','3','502','0'),('142','войлок','3','503','0'),('143','войлок','3','504','0'),('144','войлок','3','505','0'),('145','войлок','3','506','0'),('146','войлок','3','507','0'),('147','15 литров','1','59','0'),('148','Липа','3','59','0'),('149','Размеры 36-41','1','508','0'),('150','войлок','3','508','0'),('151','Размеры 36-41','1','509','0'),('152','войлок','3','509','0'),('153','Размеры 36-41','1','510','0'),('154','войлок','3','510','0'),('155','Размеры 36-41','1','511','0'),('156','войлок','3','511','0'),('157','Размеры 36-41','1','512','0'),('158','войлок','3','512','0'),('159','Размеры 36-41','1','513','0'),('160','войлок','3','513','0'),('161','Размеры 36-41','1','514','0'),('162','войлок','3','514','0'),('163','Размеры 36-41','1','515','0'),('164','войлок','3','515','0'),('165','Размеры 36-41','1','516','0'),('166','войлок','3','516','0'),('167','Размеры 36-41','1','517','0'),('168','войлок','3','517','0'),('169','Размеры 36-41','1','518','0'),('170','войлок','3','518','0'),('171','Размеры 36-41','1','519','0'),('172','войлок','3','519','0'),('173','Размеры 36-41','1','520','0'),('174','войлок','3','520','0'),('175','40-46','1','521','0'),('176','войлок','3','521','0'),('177','40-46 ','1','522','0'),('178','войлок','3','522','0'),('179','40-46','1','523','0'),('180','войлок','3','523','0'),('181','40-46','1','524','0'),('182','войлок','3','524','0'),('183','36-46','1','525','0'),('184','войлок','3','525','0'),('185','Размеры 36-46','1','526','0'),('186','войлок','3','526','0'),('187','30-35','1','527','0'),('188','войлок','3','527','0'),('189','32-35','1','528','0'),('190','войлок','3','528','0'),('191','30-35','1','529','0'),('192','войлок','3','529','0'),('193','32-35','1','530','0'),('194','войлок','3','530','0'),('195','30-35','1','531','0'),('196','войлок','3','531','0'),('197','36-46','1','532','0'),('198','войлок','3','532','0'),('199','36-46','1','533','0'),('200','войлок','3','533','0'),('201','36-46','1','534','0'),('202','войлок','3','534','0'),('203','90% шерсть','3','535','0'),('204','90% шерсть','3','536','0'),('205','90% шерсть','3','537','0'),('206','90% шерсть','3','538','0'),('207','1800*600','1','543','0'),('208','войлок','3','543','0'),('209','42-44-46 (S/M)','1','544','0'),('210','бамбук','3','544','0'),('211','48-50-52 (L/XL)','1','545','0'),('212','бамбук','3','545','0'),('213','42-44-46 (S/M)','1','546','0'),('214','лен','3','546','0'),('215','48-50-52 (L/XL)','1','547','0'),('216','лен','3','547','0'),('217','90% шерсть','3','34','0'),('218','100% шерсть','3','35','0'),('219','90% шерсть','3','36','0'),('220','90% шерсть','3','548','0'),('221','S/M','1','549','0'),('222','бамбук','3','549','0'),('223','52-54-56 (L/XL)','1','550','0'),('224','бамбук','3','550','0'),('225','46-48-50 (S/M)','1','551','0'),('226','бамбук','3','551','0'),('227','52-54-56 (L/XL)','1','552','0'),('228','бамбук','3','552','0'),('229','46-48-50 (S/M)','1','553','0'),('230','лен','3','553','0'),('231','52-54-56 (L/XL)','1','554','0'),('232','лен','3','554','0'),('233','46-48-50 (S/M)','1','555','0'),('234','лен','3','555','0'),('235','52-54-56 (L/XL)','1','556','0'),('236','лен','3','556','0'),('237','500*250*325','1','558','0'),('238','картон','3','558','0'),('239','войлок','3','562','0'),('240','50х30','1','35','0'),('241','Липа','3','563','0'),('242','войлок','3','564','0'),('243','войлок','3','568','0'),('244','липа','3','575','0'),('245','липа','3','62','0'),('246','войлок','3','576','0'),('247','войлок','3','579','0'),('248','хлопок','3','75','0'),('249','хлопок','3','73','0'),('250','хлопок','3','72','0'),('251','хлопок','3','71','0'),('252','хлопок','3','70','0'),('253','хлопок','3','580','0'),('254','хлопок','3','581','0'),('255','хлопок','3','582','0'),('256','хлопок','3','583','0'),('257','хлопок','3','584','0'),('258','Войлок','3','585','0'),('259','Войлок','3','586','0'),('260','шелк+целлюлоза ','3','587','0'),('261','90% шерсть','3','588','0'),('262','90% шерсть','3','589','0'),('263','90% шерсть','3','590','0'),('264','Войлок','3','561','0'),('265','войлок','3','591','0'),('266','войлок','3','592','0'),('267','90% шерсть','3','593','0'),('268','90% шерсть','3','594','0'),('271','90% шерсть','3','623','0'),('272','90% шерсть','3','624','0'),('273','90% шерсть','3','625','0'),('274','90% шерсть','3','626','0'),('275','90% шерсть','3','627','0'),('276','90% шерсть','3','644','0'),('277','100% шерсть','3','645','0'),('278','100% шерсть','3','646','0'),('279','100% шерсть','3','648','0'),('280','100% шерсть','3','649','0'),('281','100% шерсть','3','650','0'),('282','хлопок','3','651','0'),('283','100% лен','3','652','0'),('284','хлопок','3','653','0'),('285','100% шерсть','3','654','0'),('286','100% шерсть','3','655','0'),('287','100% шерсть','3','656','0'),('288','100% шерсть','3','657','0'),('289','100% шерсть','3','658','0');
DROP TABLE IF EXISTS `diafan_shop_param_select`;
CREATE TABLE `diafan_shop_param_select` (
  `id` int(11) unsigned NOT NULL AUTO_INCREMENT COMMENT 'идентификатор',
  `param_id` int(11) unsigned NOT NULL DEFAULT '0' COMMENT 'идентификатор характеристики из таблицы `diafan_shop_param`',
  `value` tinyint(2) unsigned NOT NULL DEFAULT '0' COMMENT 'значение для типа характеристики «галочка»: 0 - нет, 1 - да',
  `name1` varchar(50) NOT NULL DEFAULT '' COMMENT 'значение',
  `sort` int(11) unsigned NOT NULL DEFAULT '0' COMMENT 'подрядковый номер для сортировки',
  `trash` enum('0','1') NOT NULL DEFAULT '0' COMMENT 'запись удалена в корзину: 0 - нет, 1 - да',
  PRIMARY KEY (`id`),
  KEY `param_id` (`param_id`)
) ENGINE=MyISAM DEFAULT CHARSET=utf8 COMMENT='Варианты значений дополнительных характеристик товаров типа список';

DROP TABLE IF EXISTS `diafan_shop_price`;
CREATE TABLE `diafan_shop_price` (
  `id` int(11) unsigned NOT NULL AUTO_INCREMENT COMMENT 'идентификатор',
  `good_id` int(11) unsigned NOT NULL DEFAULT '0' COMMENT 'идентификатор товара из таблицы `diafan_shop`',
  `price` double unsigned NOT NULL DEFAULT '0' COMMENT 'цена',
  `old_price` double unsigned NOT NULL DEFAULT '0' COMMENT 'исходная цена',
  `count_goods` int(11) unsigned NOT NULL DEFAULT '0' COMMENT 'количество товара',
  `price_id` int(11) unsigned NOT NULL DEFAULT '0' COMMENT 'идентификатор исходной цены из таблицы `diafan_shop_price`',
  `date_start` int(10) unsigned NOT NULL DEFAULT '0' COMMENT 'дата начала действия',
  `date_finish` int(10) unsigned NOT NULL DEFAULT '0' COMMENT 'дата окончания действия',
  `discount` double NOT NULL DEFAULT '0' COMMENT 'скидка',
  `discount_id` int(11) unsigned NOT NULL DEFAULT '0' COMMENT 'идентификатор скидки из таблицы `diafan_shop_discount`',
  `person` enum('0','1') NOT NULL DEFAULT '0' COMMENT 'цена действует только для определенных пользователей: 0 - нет, 1 - да',
  `role_id` int(11) unsigned NOT NULL DEFAULT '0' COMMENT 'идентификатор типа пользователя из таблицы `diafan_users_role`, для которого действует скидка',
  `currency_id` smallint(5) unsigned NOT NULL DEFAULT '0' COMMENT 'идентификатор валюты из таблицы `diafan_shop_currency`',
  `import_id` varchar(100) NOT NULL DEFAULT '' COMMENT 'собственный идентификатор при импорте',
  `trash` enum('0','1') NOT NULL DEFAULT '0' COMMENT 'запись удалена в корзину: 0 - нет, 1 - да',
  PRIMARY KEY (`id`),
  KEY `good_id` (`good_id`),
  KEY `price_id` (`price_id`)
) ENGINE=MyISAM AUTO_INCREMENT=2738 DEFAULT CHARSET=utf8 COMMENT='Цены товаров';

INSERT INTO `diafan_shop_price` VALUES ('2726','343','280','0','0','2726','0','0','0','0','0','0','0','','0'),('1708','2','220','0','0','1708','0','0','0','0','0','0','0','','0'),('1711','3','180','0','0','1711','0','0','0','0','0','0','0','','0'),('2564','4','162','180','0','2563','0','0','10','4','0','0','0','','0'),('2256','5','180','0','0','2256','0','0','0','0','0','0','0','','0'),('1455','6','150','0','0','1455','0','0','0','0','0','0','0','','0'),('1841','7','170','0','0','1841','0','0','0','0','0','0','0','','0'),('2734','335','450','0','0','2734','0','0','0','0','0','0','0','','0'),('1840','9','200','0','0','1840','0','0','0','0','0','0','0','','0'),('1454','10','150','0','0','1454','0','0','0','0','0','0','0','','0'),('2575','11','150','0','0','2575','0','0','0','0','0','0','0','','0'),('1450','12','150','0','0','1450','0','0','0','0','0','0','0','','0'),('1447','13','180','0','0','1447','0','0','0','0','0','0','0','','0'),('69','14','500','0','0','69','0','0','0','0','0','0','0','','0'),('2475','15','440','0','0','2475','0','0','0','0','0','0','0','','0'),('1959','16','490','0','0','1959','0','0','0','0','0','0','0','','0'),('2474','17','650','0','0','2474','0','0','0','0','0','0','0','','0'),('2473','18','650','0','0','2473','0','0','0','0','0','0','0','','0'),('2472','19','570','0','0','2472','0','0','0','0','0','0','0','','0'),('2350','20','550','0','0','2350','0','0','0','0','0','0','0','','0'),('2559','21','550','0','0','2559','0','0','0','0','0','0','0','','0'),('1958','22','550','0','0','1958','0','0','0','0','0','0','0','','0'),('55','23','490','0','0','55','0','0','0','0','0','0','0','','0'),('65','24','690','0','0','65','0','0','0','0','0','0','0','','0'),('2558','25','550','0','0','2558','0','0','0','0','0','0','0','','0'),('1956','26','290','0','0','1956','0','0','0','0','0','0','0','','0'),('2348','27','490','0','0','2348','0','0','0','0','0','0','0','','0'),('2252','28','550','0','0','2252','0','0','0','0','0','0','0','','0'),('2347','29','550','0','0','2347','0','0','0','0','0','0','0','','0'),('1955','30','490','0','0','1955','0','0','0','0','0','0','0','','0'),('1954','31','390','0','0','1954','0','0','0','0','0','0','0','','0'),('2586','619','350','0','0','2586','0','0','0','0','0','0','0','','0'),('1922','33','150','0','0','1922','0','0','0','0','0','0','0','','0'),('2086','34','170','0','0','2086','0','0','0','0','0','0','0','','0'),('2203','35','290','0','0','2203','0','0','0','0','0','0','0','','0'),('2093','36','160','0','0','2093','0','0','0','0','0','0','0','','0'),('1601','37','380','0','0','1601','0','0','0','0','0','0','0','','0'),('2044','38','330','0','0','2044','0','0','0','0','0','0','0','','0'),('2045','39','330','0','0','2045','0','0','0','0','0','0','0','','0'),('1486','40','300','0','0','1486','0','0','0','0','0','0','0','','0'),('1485','41','300','0','0','1485','0','0','0','0','0','0','0','','0'),('1484','42','300','0','0','1484','0','0','0','0','0','0','0','','0'),('1923','43','350','0','0','1923','0','0','0','0','0','0','0','','0'),('1626','44','400','0','0','1626','0','0','0','0','0','0','0','','0'),('2304','45','1900','0','0','2304','0','0','0','0','0','0','0','','0'),('2215','46','1800','0','0','2215','0','0','0','0','0','0','0','','0'),('1952','47','1700','0','0','1952','0','0','0','0','0','0','0','','0'),('1628','48','450','0','0','1628','0','0','0','0','0','0','0','','0'),('1629','49','350','0','0','1629','0','0','0','0','0','0','0','','0'),('1630','50','320','0','0','1630','0','0','0','0','0','0','0','','0'),('1631','51','320','0','0','1631','0','0','0','0','0','0','0','','0'),('1632','52','320','0','0','1632','0','0','0','0','0','0','0','','0'),('2570','53','320','0','0','2570','0','0','0','0','0','0','0','','0'),('2326','54','320','0','0','2326','0','0','0','0','0','0','0','','0'),('2325','55','320','0','0','2325','0','0','0','0','0','0','0','','0'),('1652','56','490','0','0','1652','0','0','0','0','0','0','0','','0'),('1653','57','490','0','0','1653','0','0','0','0','0','0','0','','0'),('2515','58','550','0','0','2515','0','0','0','0','0','0','0','','0'),('2213','59','2600','0','0','2213','0','0','0','0','0','0','0','','0'),('2188','60','2900','0','0','2188','0','0','0','0','0','0','0','','0'),('2251','61','1950','0','0','2251','0','0','0','0','0','0','0','','0'),('2281','62','970','0','0','2281','0','0','0','0','0','0','0','','0'),('1501','63','490','0','0','1501','0','0','0','0','0','0','0','','0'),('1502','64','480','0','0','1502','0','0','0','0','0','0','0','','0'),('2584','621','340','0','0','2584','0','0','0','0','0','0','0','','0'),('1848','66','690','0','0','1848','0','0','0','0','0','0','0','','0'),('1634','67','690','0','0','1634','0','0','0','0','0','0','0','','0'),('2330','68','1900','0','0','2330','0','0','0','0','0','0','0','','0'),('1847','69','1800','0','0','1847','0','0','0','0','0','0','0','','0'),('2339','70','1950','0','0','2339','0','0','0','0','0','0','0','','0'),('2338','71','1800','0','0','2338','0','0','0','0','0','0','0','','0'),('2337','72','1850','0','0','2337','0','0','0','0','0','0','0','','0'),('2336','73','1900','0','0','2336','0','0','0','0','0','0','0','','0'),('2335','74','1950','0','0','2335','0','0','0','0','0','0','0','','0'),('2334','75','1900','0','0','2334','0','0','0','0','0','0','0','','0'),('1643','76','1690','0','0','1643','0','0','0','0','0','0','0','','0'),('1644','77','1750','0','0','1644','0','0','0','0','0','0','0','','0'),('1645','78','1800','0','0','1645','0','0','0','0','0','0','0','','0'),('1646','79','1800','0','0','1646','0','0','0','0','0','0','0','','0'),('2331','80','1800','0','0','2331','0','0','0','0','0','0','0','','0'),('1648','81','1950','0','0','1648','0','0','0','0','0','0','0','','0'),('1844','82','1950','0','0','1844','0','0','0','0','0','0','0','','0'),('2165','83','4470','0','0','2165','0','0','0','0','0','0','0','','0'),('2139','84','2800','0','0','2139','0','0','0','0','0','0','0','','0'),('2140','85','3500','0','0','2140','0','0','0','0','0','0','0','','0'),('2141','86','4060','0','0','2141','0','0','0','0','0','0','0','','0'),('2296','87','2850','0','0','2296','0','0','0','0','0','0','0','','0'),('1603','88','3420','0','0','1603','0','0','0','0','0','0','0','','0'),('2512','89','2400','0','0','2512','0','0','0','0','0','0','0','','0'),('1605','90','2450','0','0','1605','0','0','0','0','0','0','0','','0'),('2511','91','2850','0','0','2511','0','0','0','0','0','0','0','','0'),('2510','92','1650','0','0','2510','0','0','0','0','0','0','0','','0'),('1608','93','10650','0','0','1608','0','0','0','0','0','0','0','','0'),('1609','94','3850','0','0','1609','0','0','0','0','0','0','0','','0'),('2164','95','975','0','0','2164','0','0','0','0','0','0','0','','0'),('2163','96','975','0','0','2163','0','0','0','0','0','0','0','','0'),('2162','97','975','0','0','2162','0','0','0','0','0','0','0','','0'),('2161','98','975','0','0','2161','0','0','0','0','0','0','0','','0'),('2160','99','975','0','0','2160','0','0','0','0','0','0','0','','0'),('2159','100','975','0','0','2159','0','0','0','0','0','0','0','','0'),('2168','101','6450','0','0','2168','0','0','0','0','0','0','0','','0'),('2167','102','6450','0','0','2167','0','0','0','0','0','0','0','','0'),('2166','103','6450','0','0','2166','0','0','0','0','0','0','0','','0'),('1656','104','2900','0','0','1656','0','0','0','0','0','0','0','','0'),('1657','105','3100','0','0','1657','0','0','0','0','0','0','0','','0'),('166','106','980','0','0','166','0','0','0','0','0','0','0','','0'),('167','107','1950','0','0','167','0','0','0','0','0','0','0','','0'),('1697','108','4550','0','0','1697','0','0','0','0','0','0','0','','0'),('2509','109','980','0','0','2509','0','0','0','0','0','0','0','','0'),('1611','110','2900','0','0','1611','0','0','0','0','0','0','0','','0'),('1612','111','6900','0','0','1612','0','0','0','0','0','0','0','','0'),('1506','112','1970','0','0','1506','0','0','0','0','0','0','0','','0'),('2297','113','1750','0','0','2297','0','0','0','0','0','0','0','','0'),('1508','114','1200','0','0','1508','0','0','0','0','0','0','0','','0'),('1509','115','1550','0','0','1509','0','0','0','0','0','0','0','','0'),('1510','116','1700','0','0','1510','0','0','0','0','0','0','0','','0'),('1511','117','2600','0','0','1511','0','0','0','0','0','0','0','','0'),('2148','118','1920','0','0','2148','0','0','0','0','0','0','0','','0'),('2151','119','1890','0','0','2151','0','0','0','0','0','0','0','','0'),('1514','120','1600','0','0','1514','0','0','0','0','0','0','0','','0'),('2142','121','2970','0','0','2142','0','0','0','0','0','0','0','','0'),('2143','122','3550','0','0','2143','0','0','0','0','0','0','0','','0'),('2144','123','3980','0','0','2144','0','0','0','0','0','0','0','','0'),('2145','124','2500','0','0','2145','0','0','0','0','0','0','0','','0'),('2147','125','4940','0','0','2147','0','0','0','0','0','0','0','','0'),('2150','126','5950','0','0','2150','0','0','0','0','0','0','0','','0'),('2152','127','2780','0','0','2152','0','0','0','0','0','0','0','','0'),('1523','128','2750','0','0','1523','0','0','0','0','0','0','0','','0'),('2551','129','5790','0','0','2551','0','0','0','0','0','0','0','','0'),('2154','130','7800','0','0','2154','0','0','0','0','0','0','0','','0'),('2369','131','950','0','0','2369','0','0','0','0','0','0','0','','0'),('1659','132','1950','0','0','1659','0','0','0','0','0','0','0','','0'),('1660','133','1280','0','0','1660','0','0','0','0','0','0','0','','0'),('1811','134','2800','0','0','1811','0','0','0','0','0','0','0','','0'),('2554','135','3150','0','0','2554','0','0','0','0','0','0','0','','0'),('1576','136','3400','0','0','1576','0','0','0','0','0','0','0','','0'),('2181','137','3860','0','0','2181','0','0','0','0','0','0','0','','0'),('2180','138','4530','0','0','2180','0','0','0','0','0','0','0','','0'),('2179','139','4590','0','0','2179','0','0','0','0','0','0','0','','0'),('2178','140','4960','0','0','2178','0','0','0','0','0','0','0','','0'),('1613','141','12450','0','0','1613','0','0','0','0','0','0','0','','0'),('2172','142','3950','0','0','2172','0','0','0','0','0','0','0','','0'),('2173','143','2520','0','0','2173','0','0','0','0','0','0','0','','0'),('1529','144','6940','0','0','1529','0','0','0','0','0','0','0','','0'),('1530','145','3750','0','0','1530','0','0','0','0','0','0','0','','0'),('2508','146','4550','0','0','2508','0','0','0','0','0','0','0','','0'),('1615','147','5200','0','0','1615','0','0','0','0','0','0','0','','0'),('1616','148','3900','0','0','1616','0','0','0','0','0','0','0','','0'),('1531','149','13500','0','0','1531','0','0','0','0','0','0','0','','0'),('2555','150','4950','0','0','2555','0','0','0','0','0','0','0','','0'),('2553','151','4980','0','0','2553','0','0','0','0','0','0','0','','0'),('2543','152','1980','0','0','2543','0','0','0','0','0','0','0','','0'),('2542','153','2060','0','0','2542','0','0','0','0','0','0','0','','0'),('226','154','2540','0','0','226','0','0','0','0','0','0','0','','0'),('227','155','4980','0','0','227','0','0','0','0','0','0','0','','0'),('228','156','4980','0','0','228','0','0','0','0','0','0','0','','0'),('229','157','4980','0','0','229','0','0','0','0','0','0','0','','0'),('230','158','4980','0','0','230','0','0','0','0','0','0','0','','0'),('231','159','4980','0','0','231','0','0','0','0','0','0','0','','0'),('1661','160','3980','0','0','1661','0','0','0','0','0','0','0','','0'),('1662','161','5750','0','0','1662','0','0','0','0','0','0','0','','0'),('1663','162','3250','0','0','1663','0','0','0','0','0','0','0','','0'),('1664','163','6100','0','0','1664','0','0','0','0','0','0','0','','0'),('1665','164','3850','0','0','1665','0','0','0','0','0','0','0','','0'),('1666','165','4200','0','0','1666','0','0','0','0','0','0','0','','0'),('1667','166','1890','0','0','1667','0','0','0','0','0','0','0','','0'),('1668','167','2800','0','0','1668','0','0','0','0','0','0','0','','0'),('1669','168','3150','0','0','1669','0','0','0','0','0','0','0','','0'),('1670','169','450','0','0','1670','0','0','0','0','0','0','0','','0'),('1671','170','850','0','0','1671','0','0','0','0','0','0','0','','0'),('243','171','12250','0','0','243','0','0','0','0','0','0','0','','0'),('244','172','12980','0','0','244','0','0','0','0','0','0','0','','0'),('245','173','26350','0','0','245','0','0','0','0','0','0','0','','0'),('246','174','26350','0','0','246','0','0','0','0','0','0','0','','0'),('247','175','26350','0','0','247','0','0','0','0','0','0','0','','0'),('2537','176','26400','0','0','2537','0','0','0','0','0','0','0','','0'),('249','177','26350','0','0','249','0','0','0','0','0','0','0','','0'),('250','178','27980','0','0','250','0','0','0','0','0','0','0','','0'),('1714','179','27980','0','0','1714','0','0','0','0','0','0','0','','0'),('252','180','27980','0','0','252','0','0','0','0','0','0','0','','0'),('2538','181','28000','0','0','2538','0','0','0','0','0','0','0','','0'),('254','182','27980','0','0','254','0','0','0','0','0','0','0','','0'),('255','183','18100','0','0','255','0','0','0','0','0','0','0','','0'),('2536','184','18100','0','0','2536','0','0','0','0','0','0','0','','0'),('2535','185','18950','0','0','2535','0','0','0','0','0','0','0','','0'),('2534','186','18950','0','0','2534','0','0','0','0','0','0','0','','0'),('2533','187','24580','0','0','2533','0','0','0','0','0','0','0','','0'),('2532','188','24580','0','0','2532','0','0','0','0','0','0','0','','0'),('261','189','26870','0','0','261','0','0','0','0','0','0','0','','0'),('2529','190','26870','0','0','2529','0','0','0','0','0','0','0','','0'),('2527','191','35470','0','0','2527','0','0','0','0','0','0','0','','0'),('2526','192','35470','0','0','2526','0','0','0','0','0','0','0','','0'),('2528','193','45980','0','0','2528','0','0','0','0','0','0','0','','0'),('2523','194','34420','0','0','2523','0','0','0','0','0','0','0','','0'),('2522','195','36980','0','0','2522','0','0','0','0','0','0','0','','0'),('2521','196','42380','0','0','2521','0','0','0','0','0','0','0','','0'),('2520','197','46370','0','0','2520','0','0','0','0','0','0','0','','0'),('2517','198','56500','0','0','2517','0','0','0','0','0','0','0','','0'),('275','199','53500','0','0','275','0','0','0','0','0','0','0','','0'),('276','200','55040','0','0','276','0','0','0','0','0','0','0','','0'),('277','201','61150','0','0','277','0','0','0','0','0','0','0','','0'),('278','202','71560','0','0','278','0','0','0','0','0','0','0','','0'),('279','203','172320','0','0','279','0','0','0','0','0','0','0','','0'),('280','204','182240','0','0','280','0','0','0','0','0','0','0','','0'),('281','205','35870','0','0','281','0','0','0','0','0','0','0','','0'),('282','206','62370','0','0','282','0','0','0','0','0','0','0','','0'),('283','207','75960','0','0','283','0','0','0','0','0','0','0','','0'),('284','208','15300','0','0','284','0','0','0','0','0','0','0','','0'),('285','209','19230','0','0','285','0','0','0','0','0','0','0','','0'),('286','210','22780','0','0','286','0','0','0','0','0','0','0','','0'),('287','211','29670','0','0','287','0','0','0','0','0','0','0','','0'),('288','212','46980','0','0','288','0','0','0','0','0','0','0','','0'),('2539','213','43450','0','0','2539','0','0','0','0','0','0','0','','0'),('291','214','34780','0','0','291','0','0','0','0','0','0','0','','0'),('2516','215','39820','0','0','2516','0','0','0','0','0','0','0','','0'),('293','216','64250','0','0','293','0','0','0','0','0','0','0','','0'),('294','217','147580','0','0','294','0','0','0','0','0','0','0','','0'),('295','218','164700','0','0','295','0','0','0','0','0','0','0','','0'),('2155','219','1850','0','0','2155','0','0','0','0','0','0','0','','0'),('2158','220','2010','0','0','2158','0','0','0','0','0','0','0','','0'),('1532','221','1570','0','0','1532','0','0','0','0','0','0','0','','0'),('2550','222','2270','0','0','2550','0','0','0','0','0','0','0','','0'),('2169','223','1510','0','0','2169','0','0','0','0','0','0','0','','0'),('2171','224','1580','0','0','2171','0','0','0','0','0','0','0','','0'),('2149','225','2340','0','0','2149','0','0','0','0','0','0','0','','0'),('2146','226','2830','0','0','2146','0','0','0','0','0','0','0','','0'),('305','227','3450','0','0','305','0','0','0','0','0','0','0','','0'),('1538','228','1050','0','0','1538','0','0','0','0','0','0','0','','0'),('1539','229','1150','0','0','1539','0','0','0','0','0','0','0','','0'),('1540','230','1750','0','0','1540','0','0','0','0','0','0','0','','0'),('1541','231','1790','0','0','1541','0','0','0','0','0','0','0','','0'),('1542','232','1950','0','0','1542','0','0','0','0','0','0','0','','0'),('1543','233','1980','0','0','1543','0','0','0','0','0','0','0','','0'),('1672','234','4550','0','0','1672','0','0','0','0','0','0','0','','0'),('1673','235','2470','0','0','1673','0','0','0','0','0','0','0','','0'),('1674','236','2980','0','0','1674','0','0','0','0','0','0','0','','0'),('1675','237','2950','0','0','1675','0','0','0','0','0','0','0','','0'),('1676','238','3300','0','0','1676','0','0','0','0','0','0','0','','0'),('1619','239','200','0','0','1619','0','0','0','0','0','0','0','','0'),('1620','240','430','0','0','1620','0','0','0','0','0','0','0','','0'),('2507','241','200','0','0','2507','0','0','0','0','0','0','0','','0'),('2506','242','420','0','0','2506','0','0','0','0','0','0','0','','0'),('2282','243','750','0','0','2282','0','0','0','0','0','0','0','','0'),('1624','244','290','0','0','1624','0','0','0','0','0','0','0','','0'),('1483','245','155','0','0','1483','0','0','0','0','0','0','0','','0'),('1482','246','175','0','0','1482','0','0','0','0','0','0','0','','0'),('2311','247','175','0','0','2311','0','0','0','0','0','0','0','','0'),('2514','248','190','0','0','2514','0','0','0','0','0','0','0','','0'),('2513','249','230','0','0','2513','0','0','0','0','0','0','0','','0'),('1679','250','270','0','0','1679','0','0','0','0','0','0','0','','0'),('1696','251','350','0','0','1696','0','0','0','0','0','0','0','','0'),('1681','252','460','0','0','1681','0','0','0','0','0','0','0','','0'),('1682','253','450','0','0','1682','0','0','0','0','0','0','0','','0'),('1695','254','170','0','0','1695','0','0','0','0','0','0','0','','0'),('1694','255','190','0','0','1694','0','0','0','0','0','0','0','','0'),('1685','256','350','0','0','1685','0','0','0','0','0','0','0','','0'),('1686','257','340','0','0','1686','0','0','0','0','0','0','0','','0'),('1544','258','390','0','0','1544','0','0','0','0','0','0','0','','0'),('1545','259','270','0','0','1545','0','0','0','0','0','0','0','','0'),('1546','260','450','0','0','1546','0','0','0','0','0','0','0','','0'),('1547','261','1500','0','0','1547','0','0','0','0','0','0','0','','0'),('2317','262','1900','0','0','2317','0','0','0','0','0','0','0','','0'),('1687','263','790','0','0','1687','0','0','0','0','0','0','0','','0'),('1688','264','480','0','0','1688','0','0','0','0','0','0','0','','0'),('1689','265','490','0','0','1689','0','0','0','0','0','0','0','','0'),('1690','266','650','0','0','1690','0','0','0','0','0','0','0','','0'),('1691','267','620','0','0','1691','0','0','0','0','0','0','0','','0'),('1692','268','270','0','0','1692','0','0','0','0','0','0','0','','0'),('1693','269','290','0','0','1693','0','0','0','0','0','0','0','','0'),('361','270','60','0','0','361','0','0','0','0','0','0','0','','0'),('362','271','180','0','0','362','0','0','0','0','0','0','0','','0'),('363','272','250','0','0','363','0','0','0','0','0','0','0','','0'),('364','273','300','0','0','364','0','0','0','0','0','0','0','','0'),('365','274','350','0','0','365','0','0','0','0','0','0','0','','0'),('366','275','190','0','0','366','0','0','0','0','0','0','0','','0'),('367','276','170','0','0','367','0','0','0','0','0','0','0','','0'),('368','277','240','0','0','368','0','0','0','0','0','0','0','','0'),('2366','278','250','0','0','2366','0','0','0','0','0','0','0','','0'),('2499','279','350','0','0','2499','0','0','0','0','0','0','0','','0'),('1551','280','180','0','0','1551','0','0','0','0','0','0','0','','0'),('1552','281','450','0','0','1552','0','0','0','0','0','0','0','','0'),('1553','282','380','0','0','1553','0','0','0','0','0','0','0','','0'),('1736','283','490','0','0','1736','0','0','0','0','0','0','0','','0'),('2737','284','590','0','0','2737','0','0','0','0','0','0','0','','0'),('1583','285','390','0','0','1583','0','0','0','0','0','0','0','','0'),('1584','286','610','0','0','1584','0','0','0','0','0','0','0','','0'),('1585','287','500','0','0','1585','0','0','0','0','0','0','0','','0'),('1586','288','390','0','0','1586','0','0','0','0','0','0','0','','0'),('1587','289','690','0','0','1587','0','0','0','0','0','0','0','','0'),('1588','290','670','0','0','1588','0','0','0','0','0','0','0','','0'),('1589','291','650','0','0','1589','0','0','0','0','0','0','0','','0'),('1590','292','800','0','0','1590','0','0','0','0','0','0','0','','0'),('1591','293','350','0','0','1591','0','0','0','0','0','0','0','','0'),('1592','294','490','0','0','1592','0','0','0','0','0','0','0','','0'),('1593','295','480','0','0','1593','0','0','0','0','0','0','0','','0'),('1594','296','650','0','0','1594','0','0','0','0','0','0','0','','0'),('1595','297','450','0','0','1595','0','0','0','0','0','0','0','','0'),('1596','298','640','0','0','1596','0','0','0','0','0','0','0','','0'),('1597','299','690','0','0','1597','0','0','0','0','0','0','0','','0'),('1598','300','490','0','0','1598','0','0','0','0','0','0','0','','0'),('1599','301','350','0','0','1599','0','0','0','0','0','0','0','','0'),('1600','302','490','0','0','1600','0','0','0','0','0','0','0','','0'),('1554','303','1400','0','0','1554','0','0','0','0','0','0','0','','0'),('1555','304','1750','0','0','1555','0','0','0','0','0','0','0','','0'),('1556','305','2400','0','0','1556','0','0','0','0','0','0','0','','0'),('2075','306','2750','0','0','2075','0','0','0','0','0','0','0','','0'),('1558','307','3100','0','0','1558','0','0','0','0','0','0','0','','0'),('2186','308','4450','0','0','2186','0','0','0','0','0','0','0','','0'),('1560','309','2950','0','0','1560','0','0','0','0','0','0','0','','0'),('2185','310','4950','0','0','2185','0','0','0','0','0','0','0','','0'),('2184','311','5250','0','0','2184','0','0','0','0','0','0','0','','0'),('2183','312','7250','0','0','2183','0','0','0','0','0','0','0','','0'),('2182','313','9550','0','0','2182','0','0','0','0','0','0','0','','0'),('1565','314','1730','0','0','1565','0','0','0','0','0','0','0','','0'),('1566','315','4650','0','0','1566','0','0','0','0','0','0','0','','0'),('2489','316','1200','0','0','2489','0','0','0','0','0','0','0','','0'),('2488','317','1100','0','0','2488','0','0','0','0','0','0','0','','0'),('2487','318','1500','0','0','2487','0','0','0','0','0','0','0','','0'),('2486','319','1290','0','0','2486','0','0','0','0','0','0','0','','0'),('1946','320','1490','0','0','1946','0','0','0','0','0','0','0','','0'),('1945','321','1400','0','0','1945','0','0','0','0','0','0','0','','0'),('1953','322','1500','0','0','1953','0','0','0','0','0','0','0','','0'),('2471','324','490','0','0','2471','0','0','0','0','0','0','0','','0'),('2470','325','408.5','430','0','2469','0','0','5','2','0','0','0','','0'),('2578','651','790','0','0','2578','0','0','0','0','0','0','0','','0'),('2481','579','300','0','0','2481','0','0','0','0','0','0','0','','0'),('2341','580','1900','0','0','2341','0','0','0','0','0','0','0','','0'),('2280','323','1590','0','0','2280','0','0','0','0','0','0','0','','0'),('2728','341','3200','0','0','2728','0','0','0','0','0','0','0','','0'),('2727','342','3650','0','0','2727','0','0','0','0','0','0','0','','0'),('2725','344','440','0','0','2725','0','0','0','0','0','0','0','','0'),('2724','345','390','0','0','2724','0','0','0','0','0','0','0','','0'),('2723','346','670','0','0','2723','0','0','0','0','0','0','0','','0'),('2722','347','690','0','0','2722','0','0','0','0','0','0','0','','0'),('2721','348','390','0','0','2721','0','0','0','0','0','0','0','','0'),('2720','349','690','0','0','2720','0','0','0','0','0','0','0','','0'),('2719','350','1150','0','0','2719','0','0','0','0','0','0','0','','0'),('2718','351','1250','0','0','2718','0','0','0','0','0','0','0','','0'),('2717','352','320','0','0','2717','0','0','0','0','0','0','0','','0'),('2716','353','320','0','0','2716','0','0','0','0','0','0','0','','0'),('2713','356','80','0','0','2713','0','0','0','0','0','0','0','','0'),('2715','354','90','0','0','2715','0','0','0','0','0','0','0','','0'),('2714','355','80','0','0','2714','0','0','0','0','0','0','0','','0'),('2712','357','170','0','0','2712','0','0','0','0','0','0','0','','0'),('2711','358','135','0','0','2711','0','0','0','0','0','0','0','','0'),('2710','359','130','0','0','2710','0','0','0','0','0','0','0','','0'),('2709','360','100','0','0','2709','0','0','0','0','0','0','0','','0'),('2708','361','250','0','0','2708','0','0','0','0','0','0','0','','0'),('2707','362','120','0','0','2707','0','0','0','0','0','0','0','','0'),('2706','363','135','0','0','2706','0','0','0','0','0','0','0','','0'),('2705','364','190','0','0','2705','0','0','0','0','0','0','0','','0'),('2704','365','95','0','0','2704','0','0','0','0','0','0','0','','0'),('2703','366','135','0','0','2703','0','0','0','0','0','0','0','','0'),('2701','367','100','0','0','2701','0','0','0','0','0','0','0','','0'),('2700','368','130','0','0','2700','0','0','0','0','0','0','0','','0'),('2699','369','215','0','0','2699','0','0','0','0','0','0','0','','0'),('2698','370','90','0','0','2698','0','0','0','0','0','0','0','','0'),('2697','371','135','0','0','2697','0','0','0','0','0','0','0','','0'),('2696','372','100','0','0','2696','0','0','0','0','0','0','0','','0'),('2695','373','145','0','0','2695','0','0','0','0','0','0','0','','0'),('2694','374','100','0','0','2694','0','0','0','0','0','0','0','','0'),('1772','375','195','0','0','1772','0','0','0','0','0','0','0','','0'),('2693','376','250','0','0','2693','0','0','0','0','0','0','0','','0'),('2692','377','240','0','0','2692','0','0','0','0','0','0','0','','0'),('2585','620','590','0','0','2585','0','0','0','0','0','0','0','','0'),('2691','379','460','0','0','2691','0','0','0','0','0','0','0','','0'),('2690','380','540','0','0','2690','0','0','0','0','0','0','0','','0'),('2689','381','680','0','0','2689','0','0','0','0','0','0','0','','0'),('2688','382','75','0','0','2688','0','0','0','0','0','0','0','','0'),('2687','383','80','0','0','2687','0','0','0','0','0','0','0','','0'),('2686','384','55','0','0','2686','0','0','0','0','0','0','0','','0'),('2344','583','1950','0','0','2344','0','0','0','0','0','0','0','','0'),('2495','386','2500','0','0','2495','0','0','0','0','0','0','0','','0'),('2683','387','360','0','0','2683','0','0','0','0','0','0','0','','0'),('2682','388','380','0','0','2682','0','0','0','0','0','0','0','','0'),('2361','561','1100','0','0','2361','0','0','0','0','0','0','0','','0'),('2193','562','350','0','0','2193','0','0','0','0','0','0','0','','0'),('2277','577','500','0','0','2277','0','0','0','0','0','0','0','','0'),('2681','389','617.5','650','0','2680','0','0','5','2','0','0','0','','0'),('2679','390','2500','0','0','2679','0','0','0','0','0','0','0','','0'),('2684','385','1500','0','0','2684','0','0','0','0','0','0','0','','0'),('2685','385','1350','1500','0','2684','0','0','10','4','0','0','0','','0'),('2678','391','3900','0','0','2678','0','0','0','0','0','0','0','','0'),('2677','392','100','0','0','2677','0','0','0','0','0','0','0','','0'),('2673','397','3900','0','0','2673','0','0','0','0','0','0','0','','0'),('2676','393','1390','0','0','2676','0','0','0','0','0','0','0','','0'),('2278','578','300','0','0','2278','0','0','0','0','0','0','0','','0'),('2288','395','3240','3600','0','2287','0','0','10','4','0','0','0','','0'),('2287','395','3600','0','0','2287','0','0','0','0','0','0','0','','0'),('2236','568','285','0','0','2236','0','0','0','0','0','0','0','','0'),('2250','569','75','0','0','2250','0','0','0','0','0','0','0','','0'),('2242','570','60','0','0','2242','0','0','0','0','0','0','0','','0'),('2611','571','60','0','0','2611','0','0','0','0','0','0','0','','0'),('2610','572','60','0','0','2610','0','0','0','0','0','0','0','','0'),('2249','573','75','0','0','2249','0','0','0','0','0','0','0','','0'),('2248','574','75','0','0','2248','0','0','0','0','0','0','0','','0'),('2254','575','690','0','0','2254','0','0','0','0','0','0','0','','0'),('2257','5','162','180','0','2256','0','0','10','4','0','0','0','','0'),('2563','4','180','0','0','2563','0','0','0','0','0','0','0','','0'),('2353','585','350','0','0','2353','0','0','0','0','0','0','0','','0'),('2356','586','250','0','0','2356','0','0','0','0','0','0','0','','0'),('2355','587','380','0','0','2355','0','0','0','0','0','0','0','','0'),('2357','588','190','0','0','2357','0','0','0','0','0','0','0','','0'),('2358','589','165','0','0','2358','0','0','0','0','0','0','0','','0'),('2359','590','165','0','0','2359','0','0','0','0','0','0','0','','0'),('2362','591','1000','0','0','2362','0','0','0','0','0','0','0','','0'),('2485','592','1950','0','0','2485','0','0','0','0','0','0','0','','0'),('2364','593','570','0','0','2364','0','0','0','0','0','0','0','','0'),('2365','594','650','0','0','2365','0','0','0','0','0','0','0','','0'),('2609','595','80','0','0','2609','0','0','0','0','0','0','0','','0'),('2608','596','80','0','0','2608','0','0','0','0','0','0','0','','0'),('2607','597','80','0','0','2607','0','0','0','0','0','0','0','','0'),('2606','598','80','0','0','2606','0','0','0','0','0','0','0','','0'),('2605','599','120','0','0','2605','0','0','0','0','0','0','0','','0'),('2604','600','120','0','0','2604','0','0','0','0','0','0','0','','0'),('2603','601','120','0','0','2603','0','0','0','0','0','0','0','','0'),('2602','602','130','0','0','2602','0','0','0','0','0','0','0','','0'),('2601','603','90','0','0','2601','0','0','0','0','0','0','0','','0'),('2600','604','90','0','0','2600','0','0','0','0','0','0','0','','0'),('2599','605','90','0','0','2599','0','0','0','0','0','0','0','','0'),('2598','606','90','0','0','2598','0','0','0','0','0','0','0','','0'),('2597','607','90','0','0','2597','0','0','0','0','0','0','0','','0'),('2596','608','95','0','0','2596','0','0','0','0','0','0','0','','0'),('2595','609','80','0','0','2595','0','0','0','0','0','0','0','','0'),('2594','610','80','0','0','2594','0','0','0','0','0','0','0','','0'),('2593','611','90','0','0','2593','0','0','0','0','0','0','0','','0'),('2592','612','590','0','0','2592','0','0','0','0','0','0','0','','0'),('2591','613','590','0','0','2591','0','0','0','0','0','0','0','','0'),('2408','623','150','0','0','2408','0','0','0','0','0','0','0','','0'),('2409','624','160','0','0','2409','0','0','0','0','0','0','0','','0'),('2410','625','170','0','0','2410','0','0','0','0','0','0','0','','0'),('2411','626','180','0','0','2411','0','0','0','0','0','0','0','','0'),('2418','627','160','0','0','2418','0','0','0','0','0','0','0','','0'),('2581','628','480','0','0','2581','0','0','0','0','0','0','0','','0'),('2580','629','490','0','0','2580','0','0','0','0','0','0','0','','0'),('2579','630','490','0','0','2579','0','0','0','0','0','0','0','','0'),('2440','631','190','0','0','2440','0','0','0','0','0','0','0','','0'),('2423','632','190','0','0','2423','0','0','0','0','0','0','0','','0'),('2441','633','190','0','0','2441','0','0','0','0','0','0','0','','0'),('2425','634','190','0','0','2425','0','0','0','0','0','0','0','','0'),('2426','635','190','0','0','2426','0','0','0','0','0','0','0','','0'),('2427','636','190','0','0','2427','0','0','0','0','0','0','0','','0'),('2442','637','190','0','0','2442','0','0','0','0','0','0','0','','0'),('2429','638','190','0','0','2429','0','0','0','0','0','0','0','','0'),('2430','639','190','0','0','2430','0','0','0','0','0','0','0','','0'),('2431','640','190','0','0','2431','0','0','0','0','0','0','0','','0'),('2432','641','190','0','0','2432','0','0','0','0','0','0','0','','0'),('2439','642','190','0','0','2439','0','0','0','0','0','0','0','','0'),('2434','643','190','0','0','2434','0','0','0','0','0','0','0','','0'),('2443','644','170','0','0','2443','0','0','0','0','0','0','0','','0'),('2479','645','490','0','0','2479','0','0','0','0','0','0','0','','0'),('2438','646','490','0','0','2438','0','0','0','0','0','0','0','','0'),('2478','648','590','0','0','2478','0','0','0','0','0','0','0','','0'),('2477','649','540','0','0','2477','0','0','0','0','0','0','0','','0'),('2476','650','590','0','0','2476','0','0','0','0','0','0','0','','0'),('2577','652','685','0','0','2577','0','0','0','0','0','0','0','','0'),('2576','653','750','0','0','2576','0','0','0','0','0','0','0','','0'),('2546','654','350','0','0','2546','0','0','0','0','0','0','0','','0'),('2547','655','440','0','0','2547','0','0','0','0','0','0','0','','0'),('2548','656','440','0','0','2548','0','0','0','0','0','0','0','','0'),('2549','657','550','0','0','2549','0','0','0','0','0','0','0','','0'),('2626','544','2880','3200','0','2625','0','0','10','4','0','0','0','','0'),('2583','622','220.5','245','0','2582','0','0','10','4','0','0','0','','0'),('2567','658','1400','0','0','2567','0','0','0','0','0','0','0','','0'),('2285','414','280','0','0','2285','0','0','0','0','0','0','0','','0'),('1842','1','200','0','0','1842','0','0','0','0','0','0','0','','0'),('2467','327','460','0','0','2467','0','0','0','0','0','0','0','','0'),('2247','413','350','0','0','2247','0','0','0','0','0','0','0','','0'),('1433','329','150','0','0','1433','0','0','0','0','0','0','0','','0'),('1434','330','165','0','0','1434','0','0','0','0','0','0','0','','0'),('1435','331','110','0','0','1435','0','0','0','0','0','0','0','','0'),('1436','332','190','0','0','1436','0','0','0','0','0','0','0','','0'),('2736','333','150','0','0','2736','0','0','0','0','0','0','0','','0'),('2735','334','250','0','0','2735','0','0','0','0','0','0','0','','0'),('2733','336','470','0','0','2733','0','0','0','0','0','0','0','','0'),('2732','337','480','0','0','2732','0','0','0','0','0','0','0','','0'),('2731','338','460','0','0','2731','0','0','0','0','0','0','0','','0'),('2730','339','460','0','0','2730','0','0','0','0','0','0','0','','0'),('2729','340','470','0','0','2729','0','0','0','0','0','0','0','','0'),('2345','584','1950','0','0','2345','0','0','0','0','0','0','0','','0'),('2279','558','750','0','0','2279','0','0','0','0','0','0','0','','0'),('2672','398','4900','0','0','2672','0','0','0','0','0','0','0','','0'),('2671','399','3900','0','0','2671','0','0','0','0','0','0','0','','0'),('2670','400','4900','0','0','2670','0','0','0','0','0','0','0','','0'),('2395','614','290','0','0','2395','0','0','0','0','0','0','0','','0'),('2669','402','620','0','0','2669','0','0','0','0','0','0','0','','0'),('2565','403','790','0','0','2565','0','0','0','0','0','0','0','','0'),('2589','616','220','0','0','2589','0','0','0','0','0','0','0','','0'),('2590','615','220','0','0','2590','0','0','0','0','0','0','0','','0'),('2306','406','440','0','0','2306','0','0','0','0','0','0','0','','0'),('2417','407','90','0','0','2417','0','0','0','0','0','0','0','','0'),('2416','408','90','0','0','2416','0','0','0','0','0','0','0','','0'),('2415','409','90','0','0','2415','0','0','0','0','0','0','0','','0'),('2414','410','90','0','0','2414','0','0','0','0','0','0','0','','0'),('2413','411','90','0','0','2413','0','0','0','0','0','0','0','','0'),('2412','412','90','0','0','2412','0','0','0','0','0','0','0','','0'),('1851','415','490','0','0','1851','0','0','0','0','0','0','0','','0'),('1852','416','365','0','0','1852','0','0','0','0','0','0','0','','0'),('1853','417','350','0','0','1853','0','0','0','0','0','0','0','','0'),('1854','418','380','0','0','1854','0','0','0','0','0','0','0','','0'),('1855','419','350','0','0','1855','0','0','0','0','0','0','0','','0'),('1856','420','350','0','0','1856','0','0','0','0','0','0','0','','0'),('1857','421','340','0','0','1857','0','0','0','0','0','0','0','','0'),('1858','422','380','0','0','1858','0','0','0','0','0','0','0','','0'),('1859','423','390','0','0','1859','0','0','0','0','0','0','0','','0'),('1860','424','470','0','0','1860','0','0','0','0','0','0','0','','0'),('1861','425','370','0','0','1861','0','0','0','0','0','0','0','','0'),('1862','426','380','0','0','1862','0','0','0','0','0','0','0','','0'),('1863','427','470','0','0','1863','0','0','0','0','0','0','0','','0'),('1864','428','490','0','0','1864','0','0','0','0','0','0','0','','0'),('1867','429','250','0','0','1867','0','0','0','0','0','0','0','','0'),('1868','430','230','0','0','1868','0','0','0','0','0','0','0','','0'),('1869','431','240','0','0','1869','0','0','0','0','0','0','0','','0'),('1870','432','250','0','0','1870','0','0','0','0','0','0','0','','0'),('1871','433','280','0','0','1871','0','0','0','0','0','0','0','','0'),('1872','434','270','0','0','1872','0','0','0','0','0','0','0','','0'),('2668','435','550','0','0','2668','0','0','0','0','0','0','0','','0'),('2666','436','650','0','0','2666','0','0','0','0','0','0','0','','0'),('2665','437','650','0','0','2665','0','0','0','0','0','0','0','','0'),('2664','438','680','0','0','2664','0','0','0','0','0','0','0','','0'),('2663','439','480','0','0','2663','0','0','0','0','0','0','0','','0'),('2662','440','450','0','0','2662','0','0','0','0','0','0','0','','0'),('1892','441','540','0','0','1892','0','0','0','0','0','0','0','','0'),('2661','442','570','0','0','2661','0','0','0','0','0','0','0','','0'),('2660','443','410','0','0','2660','0','0','0','0','0','0','0','','0'),('1895','444','450','0','0','1895','0','0','0','0','0','0','0','','0'),('2659','445','420','0','0','2659','0','0','0','0','0','0','0','','0'),('1897','446','430','0','0','1897','0','0','0','0','0','0','0','','0'),('2462','447','490','0','0','2462','0','0','0','0','0','0','0','','0'),('2461','448','650','0','0','2461','0','0','0','0','0','0','0','','0'),('2658','449','540','0','0','2658','0','0','0','0','0','0','0','','0'),('2459','450','470','0','0','2459','0','0','0','0','0','0','0','','0'),('2458','451','580','0','0','2458','0','0','0','0','0','0','0','','0'),('2457','452','590','0','0','2457','0','0','0','0','0','0','0','','0'),('1906','453','490','0','0','1906','0','0','0','0','0','0','0','','0'),('1972','454','480','0','0','1972','0','0','0','0','0','0','0','','0'),('2284','455','530','0','0','2284','0','0','0','0','0','0','0','','0'),('1971','456','540','0','0','1971','0','0','0','0','0','0','0','','0'),('1910','457','590','0','0','1910','0','0','0','0','0','0','0','','0'),('1970','458','555','0','0','1970','0','0','0','0','0','0','0','','0'),('1918','459','550','0','0','1918','0','0','0','0','0','0','0','','0'),('1969','460','920','0','0','1969','0','0','0','0','0','0','0','','0'),('2343','582','1950','0','0','2343','0','0','0','0','0','0','0','','0'),('2657','461','490','0','0','2657','0','0','0','0','0','0','0','','0'),('1968','462','870','0','0','1968','0','0','0','0','0','0','0','','0'),('2456','463','490','0','0','2456','0','0','0','0','0','0','0','','0'),('2455','464','500','0','0','2455','0','0','0','0','0','0','0','','0'),('2454','465','490','0','0','2454','0','0','0','0','0','0','0','','0'),('2453','466','480','0','0','2453','0','0','0','0','0','0','0','','0'),('2452','467','480','0','0','2452','0','0','0','0','0','0','0','','0'),('2451','468','470','0','0','2451','0','0','0','0','0','0','0','','0'),('2450','469','480','0','0','2450','0','0','0','0','0','0','0','','0'),('2449','470','480','0','0','2449','0','0','0','0','0','0','0','','0'),('2448','471','490','0','0','2448','0','0','0','0','0','0','0','','0'),('2483','472','450','0','0','2483','0','0','0','0','0','0','0','','0'),('2484','473','590','0','0','2484','0','0','0','0','0','0','0','','0'),('1937','474','570','0','0','1937','0','0','0','0','0','0','0','','0'),('1938','475','560','0','0','1938','0','0','0','0','0','0','0','','0'),('1939','476','570','0','0','1939','0','0','0','0','0','0','0','','0'),('1940','477','560','0','0','1940','0','0','0','0','0','0','0','','0'),('1961','478','550','0','0','1961','0','0','0','0','0','0','0','','0'),('1979','479','540','0','0','1979','0','0','0','0','0','0','0','','0'),('1980','480','750','0','0','1980','0','0','0','0','0','0','0','','0'),('1981','481','450','0','0','1981','0','0','0','0','0','0','0','','0'),('1982','482','550','0','0','1982','0','0','0','0','0','0','0','','0'),('1983','483','540','0','0','1983','0','0','0','0','0','0','0','','0'),('1984','484','550','0','0','1984','0','0','0','0','0','0','0','','0'),('1985','485','480','0','0','1985','0','0','0','0','0','0','0','','0'),('1986','486','490','0','0','1986','0','0','0','0','0','0','0','','0'),('1987','487','480','0','0','1987','0','0','0','0','0','0','0','','0'),('1988','488','550','0','0','1988','0','0','0','0','0','0','0','','0'),('1989','489','440','0','0','1989','0','0','0','0','0','0','0','','0'),('1990','490','480','0','0','1990','0','0','0','0','0','0','0','','0'),('1991','491','470','0','0','1991','0','0','0','0','0','0','0','','0'),('1992','492','490','0','0','1992','0','0','0','0','0','0','0','','0'),('1993','493','480','0','0','1993','0','0','0','0','0','0','0','','0'),('1995','494','470','0','0','1995','0','0','0','0','0','0','0','','0'),('1996','495','650','0','0','1996','0','0','0','0','0','0','0','','0'),('1997','496','590','0','0','1997','0','0','0','0','0','0','0','','0'),('1998','497','450','0','0','1998','0','0','0','0','0','0','0','','0'),('1999','498','430','0','0','1999','0','0','0','0','0','0','0','','0'),('2001','499','670','0','0','2001','0','0','0','0','0','0','0','','0'),('2002','499','636.5','670','0','2001','0','0','5','2','0','0','0','','0'),('2004','500','390','0','0','2004','0','0','0','0','0','0','0','','0'),('2005','501','420','0','0','2005','0','0','0','0','0','0','0','','0'),('2006','502','370','0','0','2006','0','0','0','0','0','0','0','','0'),('2007','503','410','0','0','2007','0','0','0','0','0','0','0','','0'),('2008','504','570','0','0','2008','0','0','0','0','0','0','0','','0'),('2573','505','690','0','0','2573','0','0','0','0','0','0','0','','0'),('2482','579','270','300','0','2481','0','0','10','4','0','0','0','','0'),('2011','506','450','0','0','2011','0','0','0','0','0','0','0','','0'),('2053','507','450','0','0','2053','0','0','0','0','0','0','0','','0'),('2656','508','750','0','0','2656','0','0','0','0','0','0','0','','0'),('2655','509','690','0','0','2655','0','0','0','0','0','0','0','','0'),('2654','510','750','0','0','2654','0','0','0','0','0','0','0','','0'),('2653','511','560','0','0','2653','0','0','0','0','0','0','0','','0'),('2652','512','640','0','0','2652','0','0','0','0','0','0','0','','0'),('2651','513','790','0','0','2651','0','0','0','0','0','0','0','','0'),('2650','514','670','0','0','2650','0','0','0','0','0','0','0','','0'),('2649','515','790','0','0','2649','0','0','0','0','0','0','0','','0'),('2648','516','650','0','0','2648','0','0','0','0','0','0','0','','0'),('2647','517','530','0','0','2647','0','0','0','0','0','0','0','','0'),('2646','518','650','0','0','2646','0','0','0','0','0','0','0','','0'),('2645','519','680','0','0','2645','0','0','0','0','0','0','0','','0'),('2644','520','640','0','0','2644','0','0','0','0','0','0','0','','0'),('2643','521','600','0','0','2643','0','0','0','0','0','0','0','','0'),('2642','522','680','0','0','2642','0','0','0','0','0','0','0','','0'),('2641','523','635','0','0','2641','0','0','0','0','0','0','0','','0'),('2640','524','1200','0','0','2640','0','0','0','0','0','0','0','','0'),('2639','525','950','0','0','2639','0','0','0','0','0','0','0','','0'),('2638','526','940','0','0','2638','0','0','0','0','0','0','0','','0'),('2637','527','720','0','0','2637','0','0','0','0','0','0','0','','0'),('2636','528','690','0','0','2636','0','0','0','0','0','0','0','','0'),('2635','529','735','0','0','2635','0','0','0','0','0','0','0','','0'),('2634','530','555','0','0','2634','0','0','0','0','0','0','0','','0'),('2633','531','740','0','0','2633','0','0','0','0','0','0','0','','0'),('2632','532','450','0','0','2632','0','0','0','0','0','0','0','','0'),('2631','533','450','0','0','2631','0','0','0','0','0','0','0','','0'),('2630','534','450','0','0','2630','0','0','0','0','0','0','0','','0'),('2055','535','165','0','0','2055','0','0','0','0','0','0','0','','0'),('2056','536','165','0','0','2056','0','0','0','0','0','0','0','','0'),('2057','537','165','0','0','2057','0','0','0','0','0','0','0','','0'),('2435','538','165','0','0','2435','0','0','0','0','0','0','0','','0'),('2629','539','320','0','0','2629','0','0','0','0','0','0','0','','0'),('2324','540','320','0','0','2324','0','0','0','0','0','0','0','','0'),('2628','541','320','0','0','2628','0','0','0','0','0','0','0','','0'),('2569','542','320','0','0','2569','0','0','0','0','0','0','0','','0'),('2627','543','750','0','0','2627','0','0','0','0','0','0','0','','0'),('2680','389','650','0','0','2680','0','0','0','0','0','0','0','','0'),('2342','581','1950','0','0','2342','0','0','0','0','0','0','0','','0'),('2625','544','3200','0','0','2625','0','0','0','0','0','0','0','','0'),('2624','545','3200','0','0','2624','0','0','0','0','0','0','0','','0'),('2623','546','2750','0','0','2623','0','0','0','0','0','0','0','','0'),('2622','547','2750','0','0','2622','0','0','0','0','0','0','0','','0'),('2621','548','150','0','0','2621','0','0','0','0','0','0','0','','0'),('2620','549','3900','0','0','2620','0','0','0','0','0','0','0','','0'),('2619','550','3900','0','0','2619','0','0','0','0','0','0','0','','0'),('2618','551','3350','0','0','2618','0','0','0','0','0','0','0','','0'),('2617','552','3350','0','0','2617','0','0','0','0','0','0','0','','0'),('2588','617','180','0','0','2588','0','0','0','0','0','0','0','','0'),('2616','553','2707.5','2850','0','2615','0','0','5','2','0','0','0','','0'),('2615','553','2850','0','0','2615','0','0','0','0','0','0','0','','0'),('2614','554','2800','0','0','2614','0','0','0','0','0','0','0','','0'),('2613','555','3500','0','0','2613','0','0','0','0','0','0','0','','0'),('2612','556','3500','0','0','2612','0','0','0','0','0','0','0','','0'),('2587','618','480','0','0','2587','0','0','0','0','0','0','0','','0'),('2675','394','2700','0','0','2675','0','0','0','0','0','0','0','','0'),('2271','576','190','0','0','2271','0','0','0','0','0','0','0','','0'),('2544','560','160','0','0','2544','0','0','0','0','0','0','0','','0'),('2272','562','315','350','0','2193','0','0','10','4','0','0','0','','0'),('2674','396','2750','0','0','2674','0','0','0','0','0','0','0','','0'),('2214','563','1500','0','0','2214','0','0','0','0','0','0','0','','0'),('2323','564','360','400','0','2322','0','0','10','4','0','0','0','','0'),('2322','564','400','0','0','2322','0','0','0','0','0','0','0','','0'),('2368','565','360','400','0','2367','0','0','10','4','0','0','0','','0'),('2367','565','400','0','0','2367','0','0','0','0','0','0','0','','0'),('2230','566','315','350','0','2229','0','0','10','4','0','0','0','','0'),('2229','566','350','0','0','2229','0','0','0','0','0','0','0','','0'),('2582','622','245','0','0','2582','0','0','0','0','0','0','0','','0'),('2263','567','500','0','0','2263','0','0','0','0','0','0','0','','0'),('2468','326','470','0','0','2468','0','0','0','0','0','0','0','','0'),('2469','325','430','0','0','2469','0','0','0','0','0','0','0','','0'),('2466','328','430','0','0','2466','0','0','0','0','0','0','0','','0'),('1843','8','240','0','0','1843','0','0','0','0','0','0','0','','0');
DROP TABLE IF EXISTS `diafan_shop_price_image_rel`;
CREATE TABLE `diafan_shop_price_image_rel` (
  `id` int(11) unsigned NOT NULL AUTO_INCREMENT COMMENT 'идентификатор',
  `price_id` int(11) unsigned NOT NULL DEFAULT '0' COMMENT 'идентификатор исходной цены из таблицы `diafan_shop_price`',
  `image_id` int(11) unsigned NOT NULL DEFAULT '0' COMMENT 'идентификатор изображения из таблицы `diafan_images`',
  `trash` enum('0','1') NOT NULL DEFAULT '0' COMMENT 'запись удалена в корзину: 0 - нет, 1 - да',
  PRIMARY KEY (`id`),
  KEY `price_id` (`price_id`)
) ENGINE=MyISAM DEFAULT CHARSET=utf8 COMMENT='Изображения товаров, прикрепленные к цене';

DROP TABLE IF EXISTS `diafan_shop_price_param`;
CREATE TABLE `diafan_shop_price_param` (
  `id` int(11) unsigned NOT NULL AUTO_INCREMENT COMMENT 'идентификатор',
  `price_id` int(11) unsigned NOT NULL DEFAULT '0' COMMENT 'идентификатор исходной цены из таблицы `diafan_shop_price`',
  `param_id` int(11) unsigned NOT NULL DEFAULT '0' COMMENT 'идентификатор характеристики из таблицы `diafan_shop_param`',
  `param_value` int(11) unsigned NOT NULL DEFAULT '0' COMMENT 'значение характеристики - идентификатор из таблицы `diafan_shop_param_select`',
  `trash` enum('0','1') NOT NULL DEFAULT '0' COMMENT 'запись удалена в корзину: 0 - нет, 1 - да',
  PRIMARY KEY (`id`),
  KEY `price_id` (`price_id`),
  KEY `param_id` (`param_id`),
  KEY `param_value` (`param_value`)
) ENGINE=MyISAM DEFAULT CHARSET=utf8 COMMENT='Дополнительные характеристики, учитываемые в цене';

DROP TABLE IF EXISTS `diafan_shop_rel`;
CREATE TABLE `diafan_shop_rel` (
  `id` int(11) unsigned NOT NULL AUTO_INCREMENT COMMENT 'идентификатор',
  `element_id` int(11) unsigned NOT NULL DEFAULT '0' COMMENT 'идентификатор товара из таблицы `diafan_shop`',
  `rel_element_id` int(11) unsigned NOT NULL DEFAULT '0' COMMENT 'идентификатор похожего товара из таблицы `diafan_shop`',
  `trash` enum('0','1') NOT NULL DEFAULT '0' COMMENT 'запись удалена в корзину: 0 - нет, 1 - да',
  PRIMARY KEY (`id`)
) ENGINE=MyISAM DEFAULT CHARSET=utf8 COMMENT='Связи похожих товаров';

DROP TABLE IF EXISTS `diafan_shop_waitlist`;
CREATE TABLE `diafan_shop_waitlist` (
  `id` int(11) unsigned NOT NULL AUTO_INCREMENT COMMENT 'идентификатор',
  `good_id` int(11) unsigned NOT NULL DEFAULT '0' COMMENT 'идентификатор товара из таблицы `diafan_shop`',
  `user_id` int(11) unsigned NOT NULL DEFAULT '0' COMMENT 'идентификатор пользователя из таблицы `diafan_users`',
  `lang_id` tinyint(2) unsigned NOT NULL DEFAULT '0' COMMENT 'идентификатор языка сайта из таблицы `diafan_languages`',
  `mail` varchar(64) NOT NULL DEFAULT '' COMMENT 'e-mail пользователя',
  `created` int(10) unsigned NOT NULL DEFAULT '0' COMMENT 'дата создания',
  `param` text NOT NULL COMMENT 'серилизованные данные о характеристиках товара (доступных к выбору при заказе)',
  `trash` enum('0','1') NOT NULL DEFAULT '0' COMMENT 'запись удалена в корзину: 0 - нет, 1 - да',
  PRIMARY KEY (`id`)
) ENGINE=MyISAM DEFAULT CHARSET=utf8 COMMENT='Товары в списке ожидания';

DROP TABLE IF EXISTS `diafan_shop_wishlist`;
CREATE TABLE `diafan_shop_wishlist` (
  `id` int(11) unsigned NOT NULL AUTO_INCREMENT COMMENT 'идентификатор',
  `good_id` int(11) unsigned NOT NULL DEFAULT '0' COMMENT 'идентификатор товара из таблицы `diafan_shop`',
  `user_id` int(11) unsigned NOT NULL DEFAULT '0' COMMENT 'идентификатор пользователя из таблицы `diafan_users`',
  `session_id` varchar(64) NOT NULL DEFAULT '' COMMENT 'номер сессии пользователя из таблицы `diafan_sessions`',
  `created` int(10) unsigned NOT NULL DEFAULT '0' COMMENT 'дата создания',
  `count` double unsigned NOT NULL DEFAULT '0' COMMENT 'количество товара',
  `param` text NOT NULL COMMENT 'серилизованные данные о характеристиках товара (доступных к выбору при заказе)',
  `is_file` enum('0','1') NOT NULL DEFAULT '0' COMMENT 'товар-файл: 0 - нет, 1 - да',
  `trash` enum('0','1') NOT NULL DEFAULT '0' COMMENT 'запись удалена в корзину: 0 - нет, 1 - да',
  PRIMARY KEY (`id`),
  KEY `user_id` (`user_id`)
) ENGINE=MyISAM AUTO_INCREMENT=2 DEFAULT CHARSET=utf8 COMMENT='Товары в списке пожеланий';

INSERT INTO `diafan_shop_wishlist` VALUES ('1','1','1','','1443962357','1','a:0:{}','0','0');
DROP TABLE IF EXISTS `diafan_site`;
CREATE TABLE `diafan_site` (
  `id` int(11) unsigned NOT NULL AUTO_INCREMENT COMMENT 'идентификатор',
  `parent_id` int(11) unsigned NOT NULL DEFAULT '0' COMMENT 'идентификатор родителя из таблицы `diafan_site`',
  `count_children` smallint(5) unsigned NOT NULL DEFAULT '0' COMMENT 'количество вложенных страниц',
  `name1` varchar(100) NOT NULL DEFAULT '' COMMENT 'название',
  `title_meta1` varchar(250) NOT NULL DEFAULT '' COMMENT 'заголовок окна в браузере, тег Title',
  `keywords1` varchar(250) NOT NULL DEFAULT '' COMMENT 'ключевые слова, тег Keywords',
  `descr1` text NOT NULL COMMENT 'описание, тэг Description',
  `canonical1` varchar(100) NOT NULL DEFAULT '' COMMENT 'канонический тег',
  `text1` longtext NOT NULL COMMENT 'контент',
  `act1` enum('0','1') NOT NULL DEFAULT '0' COMMENT 'показывать на сайте: 0 - нет, 1 - да',
  `access` enum('0','1') NOT NULL DEFAULT '0' COMMENT 'доступ ограничен: 0 - нет, 1 - да',
  `date_start` int(10) unsigned NOT NULL DEFAULT '0' COMMENT 'дата начала показа',
  `date_finish` int(10) unsigned NOT NULL DEFAULT '0' COMMENT 'дата окончания показа',
  `admin_id` int(11) unsigned NOT NULL DEFAULT '0' COMMENT 'пользователь из таблицы `diafan_users`, добавивший или первый отредктировавший категорию в административной части',
  `title_no_show` enum('0','1') NOT NULL DEFAULT '0' COMMENT 'не копировать заголовок в H1: 0 - нет, 1 - да',
  `map_no_show` enum('0','1') NOT NULL DEFAULT '0' COMMENT 'не показывать на карте сайта: 0 - нет, 1 - да',
  `changefreq` enum('always','hourly','daily','weekly','monthly','yearly','never') NOT NULL DEFAULT 'always' COMMENT 'Changefreq для sitemap.xml',
  `priority` varchar(3) NOT NULL DEFAULT '' COMMENT 'Priority для sitemap.xml',
  `noindex` enum('0','1') NOT NULL DEFAULT '0' COMMENT 'не индексировать: 0 - нет, 1 - да',
  `search_no_show` enum('0','1') NOT NULL DEFAULT '0' COMMENT 'не участвует в поисковой выдаче: 0 - нет, 1 - да',
  `sort` int(11) unsigned NOT NULL DEFAULT '0' COMMENT 'подрядковый номер для сортировки',
  `timeedit` int(10) unsigned NOT NULL DEFAULT '0' COMMENT 'время последнего изменения в формате UNIXTIME',
  `theme` varchar(50) NOT NULL DEFAULT '' COMMENT 'шаблон страницы сайта',
  `module_name` varchar(50) NOT NULL DEFAULT '' COMMENT 'прикрепленный модуль',
  `js` text NOT NULL COMMENT 'JS-код',
  `trash` enum('0','1') NOT NULL DEFAULT '0' COMMENT 'запись удалена в корзину: 0 - нет, 1 - да',
  PRIMARY KEY (`id`),
  KEY `parent_id` (`parent_id`)
) ENGINE=MyISAM AUTO_INCREMENT=38 DEFAULT CHARSET=utf8 COMMENT='Страницы сайта';

INSERT INTO `diafan_site` VALUES ('1','0','0','Главная страница','Все для бани и сауны, банные принадлежности и товары в интернет-магазине «МинБа».','','Купить товары для бани и банные принадлежности в Москве по низким ценам. Все для бани и сауны в нашем интернет-магазине. Товары и аксессуары для бани, сауны и хамам с доставкой по всей России.','','<p><strong>Добро пожаловать на наш новый сайт!</strong></p>\r\n<p>Здесь можно найти много чего интересного:</p>\r\n<ul>\r\n<li>каталог товаров (интернет-магазин)</li>\r\n<li>вопрос-ответ</li>\r\n<li>новости</li>\r\n<li>файловый архив</li>\r\n<li>фотогалерея</li>\r\n</ul>\r\n<p>и много-многое другое!</p>','1','0','0','0','1','1','0','always','0','0','0','1','1449587506','site_start.php','','','0'),('3','0','5','Страница пользователя','','','','','','1','0','0','0','1','1','1','always','0','1','1','1','1449115374','','userpage','','0'),('4','0','2','О компании','','','','','','1','0','0','0','1','1','0','always','0','0','0','4','1449115405','','','','0'),('6','3','0','Баланс','','','','','','1','0','0','0','0','0','1','always','','1','1','6','1443179357','','balance','','0'),('8','4','0','Вопрос-Ответ','','','','','','1','0','0','0','0','0','0','always','','0','0','8','1443179357','','faq','','0'),('9','4','0','Обратная связь','','','','','','1','0','0','0','0','0','0','always','','0','0','9','1443179357','','feedback','','0'),('12','0','0','Карта сайта','','','','','','1','0','0','0','0','0','1','always','','1','1','16','1443179357','','map','','0'),('13','3','0','Сообщения','','','','','','1','0','0','0','0','0','1','always','','1','1','13','1443179357','','messages','','0'),('14','0','0','Новости','','','','','','1','0','0','0','1','1','0','always','0','0','0','5','1449115500','','news','','0'),('16','0','0','Поиск','','','','','','1','0','0','0','0','0','1','always','','1','1','2','1443179357','','search','','0'),('17','0','3','Каталог','','','','','','1','0','0','0','1','0','0','always','0','0','0','14','1448795787','','shop','','0'),('18','17','0','Корзина','','','','','','1','0','0','0','1','0','0','always','0','1','1','18','1448348215','site_cart.php','cart','','0'),('19','17','0','Заказ оформлен','','','','','<p>Спасибо за Ваш заказ! В ближайшее время мы свяжемся с Вами!</p>','1','0','0','0','0','0','0','always','','1','1','19','1443179357','','','','0'),('20','17','0','Отложенные','','','','','','1','0','0','0','0','0','0','always','','1','1','20','1443179357','','wishlist','','0'),('21','0','0','Рассылки','','','','','','1','0','0','0','0','0','1','always','','1','1','21','1443179357','','subscribtion','','0'),('22','0','0','Теги','','','','','','1','0','0','0','0','0','0','always','','0','0','22','1443179357','','tags','','0'),('24','3','0','Восстановление доступа','','','','','','1','0','0','0','0','0','1','always','','1','1','24','1443179357','','reminding','','0'),('25','3','0','Настройки аккаунта','','','','','','1','0','0','0','0','0','1','always','','1','1','25','1443179357','','usersettings','','0'),('26','3','0','Регистрация','','','','','','1','0','0','0','1','0','0','monthly','0','0','0','26','1448955635','','registration','','0'),('27','0','0','О нас','','','','','<div class=\"context\">\r\n<p><b>Мы - &nbsp;молодая, динамично развивающаяся команда профессионалов. </b>Чаще всего подобную фразу можно прочитать в разделах с информацией об интернет магазинах, <b>но мы просто любим свое дело</b>, а товар, который продаем, подбираем из личных предпочтений. Уже несколько лет мы выбираем для себя в качестве отдыха посещение бани или сауны. Это поистине уникальное место, где возможно совмещать приятный отдых в компании друзей с оздоровительными процедурами. &nbsp;Ведь баня оказывает на организм такие же полезные нагрузки как спорт, но при этом не требует железной силы воли, нужно только желание расслабиться.<b></b></p>\r\n<p>Девиз нашей компании &ndash; &laquo;Все лучшее по лучшим ценам&raquo;. <b>В нашем ассортименте вы не найдете товара сомнительного качества.</b> Весь товар проходит тщательный контроль. Мы выбираем только экологически чистую и надежную продукцию. Мы сотрудничаем только с проверенными поставщиками, часть товаров представленных в нашем магазине изготовлено силами нашего производства. &nbsp;&nbsp;</p>\r\n<p><img src=\"BASE_PATHuserfiles/editor/medium/929_o-nas.png\" alt=\"\" title=\"\" width=\"150\" height=\"230\"></p>\r\n<p></p>\r\n</div>','1','0','0','0','1','1','0','monthly','0','0','0','27','1454101577','','','','0'),('28','0','0','Доставка','Доставка','Доставка','Доставка','','<div class=\"context delivers\">\r\n<p>На сегодняшний день оперативная доставка товара является одним из основных критериев оценки уровня интернет &ndash; магазина. Мы это понимаем, поэтому всегда доставляем заказы в кратчайшие сроки и стараемся это сделать в удобное для Вас время.</p>\r\n<ul>\r\n<li>Товар будет отправлен на следующий день после оформления заказа.</li>\r\n<li>Доставка осуществляется так же по выходным и праздничным дням.</li>\r\n<li>Вы можете оплатить товар после проверки, без предоплаты.</li>\r\n<li>Вы получите накладную и чек на товар, что будет являться Вашей гарантией.</li>\r\n</ul>\r\n<h2><u>Доставка по Москве и Московской области</u></h2>\r\n<p>Стоимость доставки:</p>\r\n<table border=\"0\">\r\n<tbody>\r\n<tr>\r\n<td>Доставка товара(весом не более 5 кг) в пределах МКАД при заказе от 5 000р.</td>\r\n<td>Бесплатно</td>\r\n</tr>\r\n<tr>\r\n<td>Доставка товара(весом не более 5 кг) в пределах МКАД</td>\r\n<td>300р.</td>\r\n</tr>\r\n<tr>\r\n<td>Доставка товара за пределы МКАД до 15 километров</td>\r\n<td>500р.</td>\r\n</tr>\r\n<tr>\r\n<td>\r\n<p>Доставка товара за пределы МКАД до 40 километров при заказе От 10 000р.</p>\r\n</td>\r\n<td>Бесплатно</td>\r\n</tr>\r\n<tr>\r\n<td>Доставка товара за пределы МКАД свыше 15 километров</td>\r\n<td>500р. + 30р. за километр</td>\r\n</tr>\r\n</tbody>\r\n</table>\r\n<br>\r\n<h2><span><br></span></h2>\r\n<h2><span>Самовывоз в Москве:</span></h2>\r\n<p>При наличии товара и подтверждении заказа до 11:00 самовывоз заказа возможен в этот же рабочий день, если после 11:00 - то на следующий рабочий день. Заказы выдаются ежедневно с 10:00 до 22:00, хранение товара осуществляется в течение 7 календарных дней.</p>\r\n<p><span>Адрес пункта самовывоза:</span>&nbsp;м. Парк Победы, ул. Поклонная, д. 11, стр. 1, этаж 2, офис 205 (Служба доставки Shop-Logistiс), контактный телефон: +7 (967) 079-37-02</p>\r\n<h2><u><br></u></h2>\r\n<h2><u>Доставка по России</u> (возможна для заказов от 1000р.)</h2>\r\n<p>Способы доставки:</p>\r\n<ul>\r\n<li>Почтой России</li>\r\n<li>Службой экспресс доставки &laquo;EMS Russian Post&raquo;.</li>\r\n<li>Любой транспортной компанией, имеющий терминал в Москве.</li>\r\n</ul>\r\n<p>Стоимость доставки рассчитывается по тарифам логистической компании на день отправки заказа.</p>\r\n</div>','1','0','0','0','1','1','0','monthly','0','0','0','28','1453722332','','','','0'),('29','0','0','Полезные статьи','','','','','','1','0','0','0','1','1','0','monthly','0','0','0','29','1449115431','','clauses','','0'),('30','0','0','Вход в личный кабинет','','','','','','1','0','0','0','1','1','0','monthly','0','0','0','30','1449115326','site_login.php','','','0'),('31','0','0','Акции и скидки','','','','','','1','0','0','0','1','1','0','monthly','0','0','0','31','1449115321','action_page.php','','','0'),('32','0','0','Новинки','','','','','','1','0','0','0','1','1','0','monthly','0','0','0','32','1449115316','hits_page.php','','','0'),('33','0','0','Регистрация успешна','','','','','Вам на почту отправлено сообщение. Перейдите по ссылке в нем.','1','0','0','0','1','1','0','monthly','0','0','0','33','1449212735','','','','0'),('34','0','0','Регистрация успешно активирована','','','','','Регистрация успешно активирована! Вы авторизованы на сайте.','1','0','0','0','1','1','0','monthly','0','0','0','34','1449115304','','','','0'),('35','0','0','Контакты','','','','','<pre></pre>\r\n<p><span style=\"font-size: small;\">Наш телефон: +7(495)120-2295</span></p>\r\n<p><span style=\"font-size: 1.5em;\"><span style=\"font-size: small;\">e-mail: info@minba.ru</span><br></span></p>\r\n<h4><span style=\"font-size: 1.5em;\"><br></span></h4>\r\n<h4><span style=\"font-size: 1.5em;\">Самовывоз в Москве:</span></h4>\r\n<p><span style=\"font-size: 1.5em;\"><br></span></p>\r\n<p>При наличии товара и подтверждении заказа до 11:00 самовывоз заказа возможен в этот же рабочий день, если после 11:00 - то на следующий рабочий день. Заказы выдаются ежедневно с 10:00 до 22:00, хранение товара осуществляется в течение 7 календарных дней.</p>\r\n<p>Адрес пункта самовывоза:&nbsp;м. Парк Победы, ул. Поклонная, д. 11, стр. 1, этаж 2, офис 205 (Служба доставки Shop-Logistiс), контактный телефон: +7 (967) 079-37-02</p>\r\n<strong></strong>','1','0','0','0','1','1','0','monthly','0','0','0','35','1450372788','','','','0'),('36','0','0','Добро пожаловать','','','','','Добро пожаловать','1','0','0','0','1','0','0','monthly','0','0','0','36','1449112182','','','','0'),('37','0','0','Не активированы на сайте!','','','','','Ваш аккаунт не активирован! Просим вас активируйте его. Для этого на ваш и-мейл было отправлено письмо с ссылкой на активацию. &nbsp;','1','0','0','0','14','0','0','monthly','0','0','0','37','1450768988','','','','0');
DROP TABLE IF EXISTS `diafan_site_blocks`;
CREATE TABLE `diafan_site_blocks` (
  `id` int(11) unsigned NOT NULL AUTO_INCREMENT COMMENT 'идентификатор',
  `name1` varchar(100) NOT NULL DEFAULT '' COMMENT 'название',
  `text1` text NOT NULL COMMENT 'описание',
  `act1` enum('0','1') NOT NULL DEFAULT '0' COMMENT 'показывать на сайте: 0 - нет, 1 - да',
  `access` enum('0','1') NOT NULL DEFAULT '0' COMMENT 'доступ ограничен: 0 - нет, 1 - да',
  `title_no_show` enum('0','1') NOT NULL DEFAULT '0' COMMENT 'не показывать заголовок: 0 - нет, 1 - да',
  `date_start` int(10) unsigned NOT NULL DEFAULT '0' COMMENT 'дата начала показа',
  `date_finish` int(10) unsigned NOT NULL DEFAULT '0' COMMENT 'дата окончания показа',
  `admin_id` int(11) unsigned NOT NULL DEFAULT '0' COMMENT 'пользователь из таблицы `diafan_users`, добавивший или первый отредктировавший страницу в административной части',
  `sort` int(11) unsigned NOT NULL DEFAULT '0' COMMENT 'подрядковый номер для сортировки',
  `timeedit` int(10) unsigned NOT NULL DEFAULT '0' COMMENT 'время последнего изменения в формате UNIXTIME',
  `trash` enum('0','1') NOT NULL DEFAULT '0' COMMENT 'запись удалена в корзину: 0 - нет, 1 - да',
  PRIMARY KEY (`id`)
) ENGINE=MyISAM AUTO_INCREMENT=8 DEFAULT CHARSET=utf8 COMMENT='Блоки на сайте';

INSERT INTO `diafan_site_blocks` VALUES ('1','Телефон в шапке сайта','495 567-09-12','1','0','1','0','0','0','1','1443179357','0'),('2','Контакты в футере','г. Москва, ул. Людвига Великого,<br>д. 12, стр. 1, офис 12<br>Тел.: 8 495  121-21-12<br>E-mail: info@demosite.ru','1','0','1','0','0','0','2','1443179357','0'),('3','Блок о доставке в карточке товара','<p>Доставка бесплатная*<br>*до 3000 - 300 рублей</p>','1','0','1','0','0','0','3','1443179357','0'),('4','Блок о возврате в карточке товара','<p>14 дней возврат/обмен<br> 2 года гарантия</p>','1','0','1','0','0','0','4','1443179357','0'),('5','Текст на главной 1','В бане категорически запрещается пить алкогольные напитки. Всегда помните, что этим способом отправили на тот свет не мало неугодных чиновников и даже императоров &ndash; парили их в бане, а потом предлагали выпить. Больное сердце не выдерживает такой нагрузки. Лучше выпить сок, травяной чай или минеральной воды. Только не в парилке выпить их, а в предбаннике, отдыхая в перерыве между заходами.<br>&nbsp;&nbsp; &nbsp;Баню идеально посещать 1 раз в неделю. Более редкое посещение снижает эффективность, а более часто оправдано лишь на очень короткий период, т.к. ведет к большой потере микроэлементов с потом. Кстати, отмечу, что желающие похудеть должны приходить в баню голодными, а желающие набрать вес, наоборот, должны немного перекусить примерно за 1 час до бани.<br>&nbsp;&nbsp; &nbsp;Когда 30 минут прошло и потение прекратилось, надо идти под теплый душ &ndash; смыть пот и соль. Потом надо вытереться досуха и опять идти париться. И так несколько раз. С каждым заходом в баню выделяется все меньше и меньше пота &ndash; вот тогда и можно выпить полстакана воды, чтобы усилить потоотделение.<br><br>','1','0','1','0','0','1','5','1445561221','0'),('6','Текст на главной 2','Принимать баню полезнее всего перед сном. В любом случае, посещение бани должно сопровождаться отдыхом или сном продолжительностью в два &mdash; три часа.<br><br>\r\n<ul>\r\n<li>Возраст веника не должен превышать одного года.</li>\r\n<li>Березовый веник хорошо очищает кожу, расширяет бронхи, улучшая работу органов дыхания.</li>\r\n<li>Дубовый веник препятствует повышению артериального давления.</li>\r\n<li>Липовый снимает головную боль, полезен при простуде.</li>\r\n<li>Для кожи хороши вишневый и смородиновый.</li>\r\n<li>Пихтовый усиливает кровообращение, способствует хорошему сну.</li>\r\n<li>Рябиновый бодрит перед началом тяжелой работы.</li>\r\n<li>Хвойные веники используют только свежие, их запаривают в кипятке на 20 минут, для размягчения хвои. Остальные веники нельзя запаривать в кипятке, чтобы они не потеряли свою целебную силу.</li>\r\n<li>Сухие веники ополаскивают теплой водой, затем погружают веник в холодную воду, и только потом опускают в теплую воду, куда добавляют кипяток, накрывают тазиком и оставляют на 10 минут.</li>\r\n<li>Веник распаривается и начинает источать свой аромат.</li>\r\n</ul>','1','0','1','0','0','1','6','1445561263','0'),('7','Добро пожаловать','Добро пожаловать','1','0','0','0','0','1','7','1449112841','0');
DROP TABLE IF EXISTS `diafan_site_blocks_site_rel`;
CREATE TABLE `diafan_site_blocks_site_rel` (
  `id` int(11) unsigned NOT NULL AUTO_INCREMENT COMMENT 'идентификатор',
  `element_id` int(11) unsigned NOT NULL DEFAULT '0' COMMENT 'идентификатор блока из таблицы `diafan_site_blocks`',
  `site_id` int(11) unsigned NOT NULL DEFAULT '0' COMMENT 'идентификатор страницы сайта из таблицы `diafan_site`',
  `trash` enum('0','1') NOT NULL DEFAULT '0' COMMENT 'запись удалена в корзину: 0 - нет, 1 - да',
  PRIMARY KEY (`id`),
  KEY `site_id` (`site_id`)
) ENGINE=MyISAM AUTO_INCREMENT=9 DEFAULT CHARSET=utf8 COMMENT='Данные о том, на каких страницах выводятся блоки на сайте';

INSERT INTO `diafan_site_blocks_site_rel` VALUES ('1','1','0','0'),('2','2','0','0'),('3','3','0','0'),('4','4','0','0'),('5','5','1','0'),('6','6','1','0'),('8','7','0','0');
DROP TABLE IF EXISTS `diafan_site_dynamic`;
CREATE TABLE `diafan_site_dynamic` (
  `id` int(11) unsigned NOT NULL AUTO_INCREMENT COMMENT 'идентификатор',
  `name1` varchar(100) NOT NULL DEFAULT '' COMMENT 'название',
  `text` text NOT NULL COMMENT 'описание',
  `act1` enum('0','1') NOT NULL DEFAULT '0' COMMENT 'показывать на сайте: 0 - нет, 1 - да',
  `type` varchar(20) NOT NULL DEFAULT '' COMMENT 'тип',
  `access` enum('0','1') NOT NULL DEFAULT '0' COMMENT 'доступ ограничен: 0 - нет, 1 - да',
  `title_no_show` enum('0','1') NOT NULL DEFAULT '0' COMMENT 'не показывать заголовок: 0 - нет, 1 - да',
  `date_start` int(10) unsigned NOT NULL DEFAULT '0' COMMENT 'дата начала показа',
  `date_finish` int(10) unsigned NOT NULL DEFAULT '0' COMMENT 'дата окончания показа',
  `admin_id` int(11) unsigned NOT NULL DEFAULT '0' COMMENT 'пользователь из таблицы `diafan_users`, добавивший или первый отредктировавший блок в административной части',
  `sort` int(11) unsigned NOT NULL DEFAULT '0' COMMENT 'подрядковый номер для сортировки',
  `timeedit` int(10) unsigned NOT NULL DEFAULT '0' COMMENT 'время последнего изменения в формате UNIXTIME',
  `trash` enum('0','1') NOT NULL DEFAULT '0' COMMENT 'запись удалена в корзину: 0 - нет, 1 - да',
  PRIMARY KEY (`id`)
) ENGINE=MyISAM AUTO_INCREMENT=2 DEFAULT CHARSET=utf8 COMMENT='Динамические блоки';

INSERT INTO `diafan_site_dynamic` VALUES ('1','Источник новости и автор текста','','1','editor','0','0','0','0','0','1','1443179357','0');
DROP TABLE IF EXISTS `diafan_site_dynamic_element`;
CREATE TABLE `diafan_site_dynamic_element` (
  `id` int(11) unsigned NOT NULL AUTO_INCREMENT COMMENT 'идентификатор',
  `dynamic_id` int(11) unsigned NOT NULL DEFAULT '0' COMMENT 'идентификатор динамического блока из таблицы `diafan_site_dynamic`',
  `module_name` varchar(50) NOT NULL DEFAULT '' COMMENT 'название модуля',
  `element_id` int(11) unsigned NOT NULL DEFAULT '0' COMMENT 'идентификатор элемента модуля',
  `element_type` varchar(20) NOT NULL DEFAULT '' COMMENT 'тип элемента',
  `value1` text NOT NULL COMMENT 'значение',
  `parent` enum('0','1') NOT NULL DEFAULT '0' COMMENT 'применить к элементам категории: 0 - нет, 1 - да',
  `category` enum('0','1') NOT NULL DEFAULT '0' COMMENT 'применить к вложенным элементам: 0 - нет, 1 - да',
  `trash` enum('0','1') NOT NULL DEFAULT '0' COMMENT 'запись удалена в корзину: 0 - нет, 1 - да',
  PRIMARY KEY (`id`),
  KEY `dynamic_id` (`dynamic_id`),
  KEY `element_id` (`element_id`),
  KEY `element_type` (`element_type`)
) ENGINE=MyISAM AUTO_INCREMENT=2 DEFAULT CHARSET=utf8 COMMENT='Контент динамических блоков, заполенный в элементах модулей';

DROP TABLE IF EXISTS `diafan_site_dynamic_module`;
CREATE TABLE `diafan_site_dynamic_module` (
  `id` int(11) unsigned NOT NULL AUTO_INCREMENT COMMENT 'идентификатор',
  `dynamic_id` int(11) unsigned NOT NULL DEFAULT '0' COMMENT 'идентификатор динамического блока из таблицы `diafan_site_dynamic`',
  `module_name` varchar(50) NOT NULL DEFAULT '' COMMENT 'название модуля',
  `element_type` varchar(20) NOT NULL DEFAULT '' COMMENT 'тип элемента',
  `trash` enum('0','1') NOT NULL DEFAULT '0' COMMENT 'запись удалена в корзину: 0 - нет, 1 - да',
  PRIMARY KEY (`id`),
  KEY `dynamic_id` (`dynamic_id`)
) ENGINE=MyISAM AUTO_INCREMENT=2 DEFAULT CHARSET=utf8 COMMENT='Данные о том, в каких модулях заполняются динамические блоки';

INSERT INTO `diafan_site_dynamic_module` VALUES ('1','1','news','element','0');
DROP TABLE IF EXISTS `diafan_site_parents`;
CREATE TABLE `diafan_site_parents` (
  `id` int(11) unsigned NOT NULL AUTO_INCREMENT COMMENT 'идентификатор',
  `element_id` int(11) unsigned NOT NULL DEFAULT '0' COMMENT 'идентификатор страницы из таблицы `diafan_site`',
  `parent_id` int(11) unsigned NOT NULL DEFAULT '0' COMMENT 'идентификатор страницы-родителя из таблицы `diafan_site`',
  `trash` enum('0','1') NOT NULL DEFAULT '0' COMMENT 'запись удалена в корзину: 0 - нет, 1 - да',
  PRIMARY KEY (`id`)
) ENGINE=MyISAM AUTO_INCREMENT=18 DEFAULT CHARSET=utf8 COMMENT='Родительские связи страниц сайта';

INSERT INTO `diafan_site_parents` VALUES ('2','6','3','0'),('4','8','4','0'),('5','9','4','0'),('8','13','3','0'),('17','14','0','0'),('11','18','17','0'),('12','19','17','0'),('13','20','17','0'),('14','23','3','0'),('15','24','3','0'),('16','25','3','0');
DROP TABLE IF EXISTS `diafan_subscribtion`;
CREATE TABLE `diafan_subscribtion` (
  `id` int(11) unsigned NOT NULL AUTO_INCREMENT COMMENT 'идентификатор',
  `created` int(10) unsigned NOT NULL DEFAULT '0' COMMENT 'дата создания',
  `send` enum('0','1') NOT NULL DEFAULT '0' COMMENT 'рассылка отправлена: 0 - нет, 1 - да',
  `cat_id` int(11) unsigned NOT NULL DEFAULT '0' COMMENT 'идентификатор категории из таблицы `diafan_subscribtion_category`',
  `name` varchar(250) NOT NULL DEFAULT '' COMMENT 'название',
  `text` text NOT NULL COMMENT 'текст рассылки',
  `trash` enum('0','1') NOT NULL DEFAULT '0' COMMENT 'запись удалена в корзину: 0 - нет, 1 - да',
  PRIMARY KEY (`id`),
  KEY `cat_id` (`cat_id`)
) ENGINE=MyISAM DEFAULT CHARSET=utf8 COMMENT='Рассылки';

DROP TABLE IF EXISTS `diafan_subscribtion_category`;
CREATE TABLE `diafan_subscribtion_category` (
  `id` int(11) unsigned NOT NULL AUTO_INCREMENT COMMENT 'идентификатор',
  `name1` varchar(250) NOT NULL DEFAULT '' COMMENT 'название',
  `act` enum('0','1') NOT NULL DEFAULT '0' COMMENT 'показывать на сайте: 0 - нет, 1 - да',
  `sort` int(11) unsigned NOT NULL DEFAULT '0' COMMENT 'подрядковый номер для сортировки',
  `text1` text NOT NULL COMMENT 'описание',
  `parent_id` int(11) unsigned NOT NULL DEFAULT '0' COMMENT 'идентификатор родителя из таблицы `diafan_subscribtion_category`',
  `count_children` smallint(5) unsigned NOT NULL DEFAULT '0' COMMENT 'количество вложенных категорий',
  `trash` enum('0','1') NOT NULL DEFAULT '0' COMMENT 'запись удалена в корзину: 0 - нет, 1 - да',
  PRIMARY KEY (`id`),
  KEY `parent_id` (`parent_id`)
) ENGINE=MyISAM AUTO_INCREMENT=3 DEFAULT CHARSET=utf8 COMMENT='Категории рассылок';

INSERT INTO `diafan_subscribtion_category` VALUES ('1','Новости компании','1','1','','0','0','0'),('2','Скидки и акции','1','2','','0','0','0');
DROP TABLE IF EXISTS `diafan_subscribtion_category_parents`;
CREATE TABLE `diafan_subscribtion_category_parents` (
  `id` int(11) unsigned NOT NULL AUTO_INCREMENT COMMENT 'идентификатор',
  `element_id` int(11) unsigned NOT NULL DEFAULT '0' COMMENT 'идентификатор категории из таблицы `diafan_subscribtion_category`',
  `parent_id` int(11) unsigned NOT NULL DEFAULT '0' COMMENT 'идентификатор родителя категории из таблицы `diafan_subscribtion_category`',
  `trash` enum('0','1') NOT NULL DEFAULT '0' COMMENT 'запись удалена в корзину: 0 - нет, 1 - да',
  PRIMARY KEY (`id`)
) ENGINE=MyISAM DEFAULT CHARSET=utf8 COMMENT='Родительские связи категорий рассылок';

DROP TABLE IF EXISTS `diafan_subscribtion_category_rel`;
CREATE TABLE `diafan_subscribtion_category_rel` (
  `id` int(11) unsigned NOT NULL AUTO_INCREMENT COMMENT 'идентификатор',
  `element_id` int(11) unsigned NOT NULL DEFAULT '0' COMMENT 'идентификатор рассылки из таблицы `diafan_subscribtion`',
  `cat_id` int(11) unsigned NOT NULL DEFAULT '0' COMMENT 'идентификатор категории из таблицы `diafan_subscribtion_category`',
  `trash` enum('0','1') NOT NULL DEFAULT '0' COMMENT 'запись удалена в корзину: 0 - нет, 1 - да',
  PRIMARY KEY (`id`),
  KEY `cat_id` (`cat_id`)
) ENGINE=MyISAM DEFAULT CHARSET=utf8 COMMENT='Связи рассылок и категорий';

DROP TABLE IF EXISTS `diafan_subscribtion_emails`;
CREATE TABLE `diafan_subscribtion_emails` (
  `id` int(11) unsigned NOT NULL AUTO_INCREMENT COMMENT 'идентификатор',
  `created` int(10) unsigned NOT NULL DEFAULT '0' COMMENT 'дата добавления',
  `name` varchar(250) NOT NULL DEFAULT '' COMMENT 'имя',
  `mail` varchar(64) NOT NULL DEFAULT '' COMMENT 'e-mail',
  `code` varchar(32) NOT NULL DEFAULT '' COMMENT 'код доступа к управлению подпиской',
  `act` enum('0','1') NOT NULL DEFAULT '0' COMMENT 'получает рассылку: 0 - нет, 1 - да',
  `trash` enum('0','1') NOT NULL DEFAULT '0' COMMENT 'запись удалена в корзину: 0 - нет, 1 - да',
  PRIMARY KEY (`id`)
) ENGINE=MyISAM AUTO_INCREMENT=27 DEFAULT CHARSET=utf8 COMMENT='Подписчики на рассылку';

INSERT INTO `diafan_subscribtion_emails` VALUES ('1','1448519732','','catolog@yandex.ru','9e54b83a31907b7e898e2fab64cba271','1','0'),('2','1448983856','Максим','mruzmetov@mail.ru','581cc015c3e52e83389854ba6a214711','1','0'),('3','1448984233','тест','fouders@mail.ru','cc638784cf213986ec75983a4aa08cdb','1','0'),('4','1449127855','Tema','websterkharkov@mail.ru','57c92c2ac89cd69ba1f91baf5ec80e6e','1','0'),('5','1449175630','Дмитрий','perevezentsev@rambler.ru','c07deb86bba96ccd1f809dd85122be13','1','0'),('6','1449176024','Артём','tema777@rambler.ru','19614b4d8d39855b89d7f24fe79d82a5','1','0'),('7','1449234917','WilliamcahGY','temptest1220919793@mail.ru','327b73d7d175fe188d535158e786eafe','1','0'),('8','1449314335','Artem','dr.minba@yandex.ru','748c1f15089cb7bd92930c1526a0386e','1','0'),('9','1449420438','RichardbodyGE','temptest7889536@mail.ru','5070fa3ac499dd8b520aa8442027edb5','1','0'),('10','1449556677','wer','sgsdg@xgc.ru','ed0fcab9aa153ab5f9265e339d240d4c','1','0'),('11','1449598989','WilliamSwemHC','scmpvkomp@mail.ru','0baa10f95ef302bf877f1f11e8ffef58','1','0'),('12','1449724166','ццц','222@derty.ru','c2839bed26321da8b466c80a032e4714','1','0'),('13','1449733025','Артем ','admin@sdg.ru','42a4bc0ab5c0df63a8e370f0130059c6','1','0'),('14','1450032868','Артем ','tdstg@dgh.ru','c2a58db8b46ccab0d043e74164407627','1','0'),('15','1450197442','Артем ','sdg@sxdg.ru','d8267cd3e79cd51247fe595c18624ada','1','0'),('16','1450768402','Артем ','admin@dfh.tu','414a7497190eaef6b5d75d5a6a11afcf','1','0'),('17','1450769056','Артем ','admin@sdgch.ru','7861106151e4da32b43aebe4c0ce9173','1','0'),('18','1451177901','Марьяна','masik0604@mail.ru','17bac96be7e0b796bd5c3071a7c2bebb','1','0'),('19','1451267809','DanielSlKH','temptest304156073@mail.ru','2bc05f0615f2d46ba93e12d33f2229c2','1','0'),('20','1451571687','564534678','tony.izmailow2015@yandex.ru','4f2a5cee950dff883ba2d52715c97bb3','1','0'),('21','1452124926','Test','yourmail@gmail.com','7ecda7d8d9f5f72039bde6f760039c82','1','0'),('22','1452235132','sleelmcoemeXN','sydneyfru@rambler.ru','b515f2b424073331bc04226a49ed377f','1','0'),('23','1452325192','MichaelNabsJD','znakomchelbystor@yandex.ru','0a3df70393993583a13c0dd6686f3f32','1','0'),('24','1452818674','Мария','maria@money1000.ru','968b15768f3d19770471e9436d97913c','1','0'),('25','1452836782','Людмила','mila_dia@mail.ru','bae4f11996f82f08ae1800943df99925','1','0'),('26','1453795154','Тамара','mhp-btv@mail.ru','f751bb5bced9eb1d839879ee2807bb28','1','0');
DROP TABLE IF EXISTS `diafan_subscribtion_emails_cat_unrel`;
CREATE TABLE `diafan_subscribtion_emails_cat_unrel` (
  `id` int(11) unsigned NOT NULL AUTO_INCREMENT COMMENT 'идентификатор',
  `element_id` int(11) unsigned NOT NULL DEFAULT '0' COMMENT 'идентификатор подписчика из таблицы `diafan_subscribtion_emails`',
  `cat_id` int(11) unsigned NOT NULL DEFAULT '0' COMMENT 'идентификатор категории из таблицы `diafan_subscribtion_category`',
  `trash` enum('0','1') NOT NULL DEFAULT '0' COMMENT 'запись удалена в корзину: 0 - нет, 1 - да',
  PRIMARY KEY (`id`)
) ENGINE=MyISAM DEFAULT CHARSET=utf8 COMMENT='Отключенные категории рассылок у подписчиков';

DROP TABLE IF EXISTS `diafan_subscribtion_phones`;
CREATE TABLE `diafan_subscribtion_phones` (
  `id` int(11) unsigned NOT NULL AUTO_INCREMENT COMMENT 'идентификатор',
  `created` int(10) unsigned NOT NULL DEFAULT '0' COMMENT 'дата добавления',
  `name` varchar(250) NOT NULL DEFAULT '' COMMENT 'имя',
  `phone` varchar(64) NOT NULL DEFAULT '' COMMENT 'телефон',
  `act` enum('0','1') NOT NULL DEFAULT '0' COMMENT 'получает рассылку: 0 - нет, 1 - да',
  `trash` enum('0','1') NOT NULL DEFAULT '0' COMMENT 'запись удалена в корзину: 0 - нет, 1 - да',
  PRIMARY KEY (`id`)
) ENGINE=MyISAM AUTO_INCREMENT=108 DEFAULT CHARSET=utf8 COMMENT='Телефоны для рассылок';

INSERT INTO `diafan_subscribtion_phones` VALUES ('1','0','1443179544','','1','0'),('2','1449038241','Администратор','55555555','1','0'),('3','1449050294','Андрей','84954420739','1','0'),('4','1449227470','Пенькова Юлия Александровна','926-831-14-06','1','0'),('5','1449351514','Администратор','89269190652','1','0'),('6','0','1449481997','79263206559','1','0'),('7','1449493343','Дмитрий','+79263206559','1','0'),('8','1449513862','артем','123456','1','0'),('9','1449566814','Сикоева Анна Сергеевна','89175006662','1','0'),('10','1449573921','агашин аркадий','8 985 920 74 91','1','0'),('11','1449578211','Максим Тест','+79852116797','1','0'),('12','1449582291','Мирошникова Светлана Витальевна','916-056-72-70','1','0'),('13','1449662613','Wwv','123345566','1','0'),('14','1449693873','Шатохина','89104402862','1','0'),('15','1449762668','Доронин Алексей','89672072721','1','0'),('16','1449771728','дмитрий','89689470125','1','0'),('17','1449772202','Рудакоская Вера Александровна','89261720605','1','0'),('18','1449936586','Васильков Дмитрий Григорьевич','+7-906-735-79-23','1','0'),('19','1449937122','Волобуева Оксана','8-910-460-42-44','1','0'),('20','1450026224','Лаврова Ирина Викторовна','8(916) 155-15-64','1','0'),('21','1450088205','Тимохина Татьяна','89687081125','1','0'),('22','1450108007','Соколова Марина Сергеевна','89857772888','1','0'),('23','1450108933','Калмыкова Ольга','8-915-004-2886','1','0'),('24','1450118911','Качанова Ольга Владимировна','8-916-394-50-06','1','0'),('25','1450119269','Ищенко Елена','89262451894','1','0'),('26','1450231059','Олейников Владимир','89654237731','1','0'),('27','1450263924','Абашина Елена Дмитриевна','89151879017','1','0'),('28','1450296078','Лысик Светлана Сергеевна','89166445198','1','0'),('29','1450347493','Разуваева Елена Юрьевна','916-867-37-95','1','0'),('30','1450370294','Юлия','89268124364','1','0'),('31','1450437810','Юдина Наталья','8(903)120 -90 -12   8(963)786-62-23','1','0'),('32','1450549535','Годованюк Владислав Владимирович','89151714202','1','0'),('33','1450617438','Юпатова дарья константиновна','89853369118','1','0'),('34','1450683729','Константин','+79037128970','1','0'),('35','1450691682','Виноградова Екатерина','89857644499','1','0'),('36','1450700507','Шрейбер Константин Андреевич','+7 916 672 51 24','1','0'),('37','1450774818','Ясиненко Марина Викторовна','89687196462','1','0'),('38','1450789245','Cветлана','89266053509','1','0'),('39','1450790966','Забузова Алиса Игоревна','8-926-619-28-44','1','0'),('40','1450791361','Анастасия Астахова','+7(903)960-76-15','1','0'),('41','1450793413','Максимова Галиа','89859971680','1','0'),('42','1450799341','Светлана','9037716939','1','0'),('43','1450812238','Мария','+79168263384','1','0'),('44','1450864401','Жаворонкова Екатерина Александровна','8 926 560 49 61','1','0'),('45','1450870744','Прохорова Татьяна','8-916-611-89-20','1','0'),('46','1450908561','Иван','89265244664','1','0'),('47','1450937202','Хайруллина Кристина Руслановна','89253674157','1','0'),('48','1451038636','Ларева Ольга','89268201520','1','0'),('49','1451039074','Бизнес Холдинг Альянс','8-495-988-38-07','1','0'),('50','1451053751','денисова','89150190569','1','0'),('51','1451066247','Буланова Наталья Николаевна','+79154118830','1','0'),('52','1451076403','Третьякова Ирина Владимировна','89857880099','1','0'),('53','1451123444','Бобков','89057966278','1','0'),('54','1451155306','Лебедева Наталья Борисовна','89267838055','1','0'),('55','1451156261','ольга','9166877660','1','0'),('56','1451179826','Суворова Марьяна Сергеевна','89164908322','1','0'),('57','1451229009','Светлана','+79031299861','1','0'),('58','1451233302','Сергушкин Игорь','+79175879009','1','0'),('59','1451282805','Казаров Алексей Павлович','+7 (965) 238 84 99','1','0'),('60','1451285746','Гребенникова Ольга','89039786486','1','0'),('61','1451287767','Молодцов Александр Геннадьевич','+7-926-065-065-2','1','0'),('62','1451295600','Евдошенко Кристина Викторовна','89091535377','1','0'),('63','1451295677','Соколова Екатерина','89167818845','1','0'),('64','1451295755','oksana','9255070829','1','0'),('65','1451299075','Сахарова Ольга Ринатовна','+7-960-060-23-08','1','0'),('66','1451309943','Александров Сергей Николаевич','89152062987','1','0'),('67','1451311673','Андрей','+79057017076','1','0'),('68','1451323564','Доронина','+79263622626','1','0'),('69','1451333816','Лазарева Татьяна Алексеевна','89160077091','1','0'),('70','1451337782','ШУГУРОВ ДЕНИС','89296361261','1','0'),('71','1451340059','Иголкин Александр Вячеславович','89265647197','1','0'),('72','1451372795','Равиль','8(916)6974480','1','0'),('73','1451383164','Попова Диана','89858267809','1','0'),('74','1451384106','Роман','89161519539','1','0'),('75','1451384349','Погодина Марина','89197213249','1','0'),('76','1451400915','Елена','89055798882','1','0'),('77','1451413709','Смирнова Марьяна','89852946712','1','0'),('78','1451423909','Валентина','89252064007','1','0'),('79','1451467331','Александр','8-985-2804206','1','0'),('80','1452601695','Екатерина','8-916-836-06-21','1','0'),('81','1452611457','Светлана','+79032796571','1','0'),('82','1452632183','Ильясова Ольга','8-916-453-70-81','1','0'),('83','1452673688','Лысенко Евгений Николаевич','(905)-789-7425','1','0'),('84','1452698312','Кирилл','+79167480966','1','0'),('85','1452849383','Людмила','903-734-49-74','1','0'),('86','1453099152','Наталья','89269112576','1','0'),('87','1453143959','Константинов дмитрий анатольевич','89997810985','1','0'),('88','1453217745','Ольга','8-926-265-34-57','1','0'),('89','1453295324','Антонова Евгения Алексеевна','8-985-301-26-34','1','0'),('90','1453320352','Слепухин Андрей','89859706538','1','0'),('91','1453359053','Сафонов илья','89037776733','1','0'),('92','1453369950','Перова Галина Александровна','89251902265','1','0'),('93','1453388961','никитина виктория николаевна','89206937545','1','0'),('94','1453623599','зотов юрий вячеславович','8 915 -460- 35- 49','1','0'),('95','1453793968','ООО &amp;quot;Эйдинберг&amp;quot;','89852322272','1','0'),('96','1453796194','Доможилова Тамара Викторовна','89511048580','1','0'),('97','1453814710','Петренко Сергей Петрович','903-235-47-25','1','0'),('98','1453833451','Шарипова Алла','89067190282','1','0'),('99','1453843337','Наталья Кияченкова','89262097156','1','0'),('100','1453899351','Анна','+7(917)518-05-61','1','0'),('101','1453962079','Наталья','89060737704','1','0'),('102','1453980760','Дозмаров Валерий Михайлович','+7(985)992-08-86','1','0'),('103','1454065451','марина','8916 075 84 81','1','0'),('104','1454099782','Липкань Сергей Алексеевич','89651772577','1','0'),('105','1454149614','Wellness club Nebo','+7 499 5005080','1','0'),('106','1454258466','Михаил','+79250113779','1','0'),('107','1454307515','GSU','343434','1','0');
DROP TABLE IF EXISTS `diafan_subscribtion_sms`;
CREATE TABLE `diafan_subscribtion_sms` (
  `id` int(11) unsigned NOT NULL AUTO_INCREMENT COMMENT 'идентификатор',
  `created` int(10) unsigned NOT NULL DEFAULT '0' COMMENT 'дата создания',
  `send` enum('0','1') NOT NULL DEFAULT '0' COMMENT 'рассылка отправлена: 0 - нет, 1 - да',
  `name` varchar(250) NOT NULL DEFAULT '' COMMENT 'название',
  `text` text NOT NULL COMMENT 'текст',
  `trash` enum('0','1') NOT NULL DEFAULT '0' COMMENT 'запись удалена в корзину: 0 - нет, 1 - да',
  PRIMARY KEY (`id`)
) ENGINE=MyISAM DEFAULT CHARSET=utf8 COMMENT='SMS-рассылки';

DROP TABLE IF EXISTS `diafan_tags`;
CREATE TABLE `diafan_tags` (
  `id` int(11) unsigned NOT NULL AUTO_INCREMENT COMMENT 'идентификатор',
  `module_name` varchar(50) NOT NULL DEFAULT '' COMMENT 'название модуля',
  `element_id` int(11) unsigned NOT NULL DEFAULT '0' COMMENT 'идентификатор элемента модуля',
  `element_type` enum('element','cat') NOT NULL DEFAULT 'element' COMMENT 'тип элемента модуля',
  `tags_name_id` int(11) unsigned NOT NULL DEFAULT '0' COMMENT 'идентификатор тега из таблицы `diafan_tags_name`',
  `act1` enum('0','1') NOT NULL DEFAULT '0' COMMENT 'показывать на сайте: 0 - нет, 1 - да',
  `access` enum('0','1') NOT NULL DEFAULT '0' COMMENT 'доступ к элементу ограничен',
  `trash` enum('0','1') NOT NULL DEFAULT '0' COMMENT 'запись удалена в корзину: 0 - нет, 1 - да',
  PRIMARY KEY (`id`),
  KEY `element_id` (`element_id`),
  KEY `module_name` (`module_name`(2)),
  KEY `tags_name_id` (`tags_name_id`)
) ENGINE=MyISAM DEFAULT CHARSET=utf8 COMMENT='Связи тегов и элементов модулей';

DROP TABLE IF EXISTS `diafan_tags_name`;
CREATE TABLE `diafan_tags_name` (
  `id` int(11) unsigned NOT NULL AUTO_INCREMENT COMMENT 'идентификатор',
  `name1` varchar(70) NOT NULL DEFAULT '' COMMENT 'тег',
  `map_no_show` enum('0','1') NOT NULL DEFAULT '0' COMMENT 'не показывать на карте сайта: 0 - нет, 1 - да',
  `sort` int(11) unsigned NOT NULL DEFAULT '0' COMMENT 'подрядковый номер для сортировки',
  `changefreq` enum('always','hourly','daily','weekly','monthly','yearly','never') NOT NULL DEFAULT 'always' COMMENT 'Changefreq для sitemap.xml',
  `priority` varchar(3) NOT NULL DEFAULT '' COMMENT 'Priority для sitemap.xml',
  `trash` enum('0','1') NOT NULL DEFAULT '0' COMMENT 'запись удалена в корзину: 0 - нет, 1 - да',
  PRIMARY KEY (`id`)
) ENGINE=MyISAM DEFAULT CHARSET=utf8 COMMENT='Теги';

DROP TABLE IF EXISTS `diafan_trash`;
CREATE TABLE `diafan_trash` (
  `id` int(11) unsigned NOT NULL AUTO_INCREMENT COMMENT 'идентификатор',
  `table_name` varchar(50) NOT NULL DEFAULT '' COMMENT 'название таблицы удаленного элемента',
  `module_name` varchar(50) NOT NULL DEFAULT '' COMMENT 'название модуля удаленного элемента',
  `element_id` int(11) unsigned NOT NULL DEFAULT '0' COMMENT 'идентификатор удаленного элемента',
  `created` int(10) unsigned NOT NULL DEFAULT '0' COMMENT 'дата удаления',
  `parent_id` int(11) unsigned NOT NULL DEFAULT '0' COMMENT 'идентификатор родителя из таблицы `diafan_trash`',
  `count_children` smallint(5) unsigned NOT NULL DEFAULT '0' COMMENT 'количество удаленных вместе с текущей записей',
  `user_id` int(11) unsigned NOT NULL DEFAULT '0' COMMENT 'идентификатор пользователя из таблицы `diafan_users`',
  PRIMARY KEY (`id`),
  KEY `module_name` (`module_name`(2)),
  KEY `parent_id` (`parent_id`),
  KEY `table_name` (`table_name`(2)),
  KEY `element_id` (`element_id`)
) ENGINE=MyISAM AUTO_INCREMENT=489 DEFAULT CHARSET=utf8 COMMENT='Корзина с удаленными элементами';

INSERT INTO `diafan_trash` VALUES ('488','shop_order_param_element','shop_order_param_element','606','1454311989','483','0','1'),('487','shop_order_param_element','shop_order_param_element','605','1454311989','483','0','1'),('486','shop_order_param_element','shop_order_param_element','604','1454311989','483','0','1'),('485','shop_order_param_element','shop_order_param_element','603','1454311989','483','0','1'),('484','shop_order_goods','shop_order_goods','792','1454311989','483','0','1'),('483','shop_order','shop','168','1454311988','0','5','1'),('482','shop_order_param_element','shop_order_param_element','594','1454146768','476','0','1'),('481','shop_order_param_element','shop_order_param_element','593','1454146768','476','0','1'),('480','shop_order_param_element','shop_order_param_element','592','1454146768','476','0','1'),('479','shop_order_param_element','shop_order_param_element','591','1454146768','476','0','1'),('478','shop_order_goods','shop_order_goods','779','1454146768','476','0','1'),('477','shop_order_goods','shop_order_goods','780','1454146768','476','0','1'),('476','shop_order','shop','165','1454146768','0','6','1'),('475','shop_order_param_element','shop_order_param_element','533','1453983325','467','0','1'),('474','shop_order_param_element','shop_order_param_element','532','1453983325','467','0','1'),('473','shop_order_param_element','shop_order_param_element','531','1453983325','467','0','1'),('472','shop_order_param_element','shop_order_param_element','534','1453983325','467','0','1'),('471','shop_order_goods','shop_order_goods','705','1453983325','467','0','1'),('470','shop_order_goods','shop_order_goods','706','1453983325','467','0','1'),('469','shop_order_goods','shop_order_goods','707','1453983325','467','0','1'),('467','shop_order','shop','149','1453983325','0','8','1'),('468','shop_order_goods','shop_order_goods','708','1453983325','467','0','1'),('466','shop_order_param_element','shop_order_param_element','564','1453893893','459','0','1'),('465','shop_order_param_element','shop_order_param_element','563','1453893893','459','0','1'),('464','shop_order_param_element','shop_order_param_element','562','1453893893','459','0','1'),('463','shop_order_param_element','shop_order_param_element','561','1453893893','459','0','1'),('462','shop_order_goods','shop_order_goods','751','1453893893','459','0','1'),('461','shop_order_goods','shop_order_goods','752','1453893893','459','0','1'),('460','shop_order_goods','shop_order_goods','753','1453893893','459','0','1'),('459','shop_order','shop','157','1453893893','0','7','1'),('458','shop_order_param_element','shop_order_param_element','522','1453881356','454','0','1'),('457','shop_order_param_element','shop_order_param_element','524','1453881356','454','0','1'),('456','shop_order_param_element','shop_order_param_element','523','1453881356','454','0','1'),('455','shop_order_goods','shop_order_goods','700','1453881356','454','0','1'),('454','shop_order','shop','146','1453881356','0','4','1'),('453','shop_order_param_element','shop_order_param_element','480','1453835834','445','0','1'),('452','shop_order_param_element','shop_order_param_element','479','1453835834','445','0','1'),('451','shop_order_param_element','shop_order_param_element','478','1453835834','445','0','1'),('450','shop_order_goods','shop_order_goods','678','1453835834','445','0','1'),('449','shop_order_goods','shop_order_goods','677','1453835834','445','0','1'),('448','shop_order_goods','shop_order_goods','676','1453835834','445','0','1'),('447','shop_order_goods','shop_order_goods','670','1453835834','445','0','1'),('446','shop_order_goods','shop_order_goods','669','1453835834','445','0','1'),('445','shop_order','shop','134','1453835834','0','8','1'),('444','shop_import','shop','19','1453746355','0','0','5'),('443','shop_import','shop','18','1453746198','0','0','5'),('442','shop_import_category','shop','4','1453746088','0','0','5'),('441','shop_category_rel','shop_category_rel','2486','1453627017','438','0','1'),('440','map_index','map_index','1796','1453627017','438','0','1'),('438','shop','shop','647','1453627017','0','3','1'),('439','rewrite','rewrite','774','1453627017','438','0','1');
DROP TABLE IF EXISTS `diafan_trash_parents`;
CREATE TABLE `diafan_trash_parents` (
  `id` int(11) unsigned NOT NULL AUTO_INCREMENT COMMENT 'идентификатор',
  `element_id` int(11) unsigned NOT NULL DEFAULT '0' COMMENT 'идентификатор записи из таблицы `diafan_trash` об удалении элемента',
  `parent_id` int(11) unsigned NOT NULL DEFAULT '0' COMMENT 'идентификатор записи-родителя из таблицы `diafan_trash` об удалении элемента',
  PRIMARY KEY (`id`)
) ENGINE=MyISAM AUTO_INCREMENT=421 DEFAULT CHARSET=utf8 COMMENT='Родительские связи в корзине (какое удаление влечет за собой другое)';

INSERT INTO `diafan_trash_parents` VALUES ('131','156','155'),('132','157','155'),('133','158','155'),('134','159','155'),('135','160','155'),('141','168','167'),('142','169','167'),('143','170','167'),('144','171','167'),('420','488','483'),('419','487','483'),('418','486','483'),('417','485','483'),('416','484','483'),('415','482','476'),('414','481','476'),('413','480','476'),('412','479','476'),('411','478','476'),('410','477','476'),('409','475','467'),('408','474','467'),('407','473','467'),('406','472','467'),('405','471','467'),('404','470','467'),('403','469','467'),('402','468','467'),('401','466','459'),('400','465','459'),('399','464','459'),('398','463','459'),('397','462','459'),('396','461','459'),('395','460','459'),('394','458','454'),('393','457','454'),('392','456','454'),('391','455','454'),('390','453','445'),('389','452','445'),('388','451','445'),('387','450','445'),('386','449','445'),('385','448','445'),('384','447','445'),('383','446','445'),('382','441','438'),('381','440','438'),('380','439','438');
DROP TABLE IF EXISTS `diafan_update_return`;
CREATE TABLE `diafan_update_return` (
  `id` smallint(5) unsigned NOT NULL AUTO_INCREMENT COMMENT 'идентификатор',
  `name` varchar(100) NOT NULL DEFAULT '' COMMENT 'название',
  `created` int(10) unsigned NOT NULL DEFAULT '0' COMMENT 'дата создания',
  `current` enum('0','1') NOT NULL DEFAULT '0' COMMENT 'текущая точка: 0 - нет, 1 - да',
  `hash` varchar(100) NOT NULL DEFAULT '' COMMENT 'уникальный хэш',
  `text` text NOT NULL COMMENT 'описание',
  PRIMARY KEY (`id`)
) ENGINE=MyISAM AUTO_INCREMENT=2 DEFAULT CHARSET=utf8 COMMENT='Точки возврата';

INSERT INTO `diafan_update_return` VALUES ('1','Установка','1443179357','1','','');
DROP TABLE IF EXISTS `diafan_users`;
CREATE TABLE `diafan_users` (
  `id` int(11) unsigned NOT NULL AUTO_INCREMENT COMMENT 'идентификатор',
  `name` varchar(60) NOT NULL DEFAULT '' COMMENT 'логин',
  `password` varchar(32) NOT NULL DEFAULT '' COMMENT 'пароль в зашифрованном виде',
  `mail` varchar(64) NOT NULL DEFAULT '' COMMENT 'e-mail',
  `phone` varchar(64) NOT NULL DEFAULT '' COMMENT 'телефон',
  `created` int(10) unsigned NOT NULL DEFAULT '0' COMMENT 'дата регистрации',
  `fio` varchar(255) NOT NULL DEFAULT '' COMMENT 'ФИО',
  `role_id` tinyint(3) unsigned NOT NULL DEFAULT '0' COMMENT 'идентификатор типа пользователя из таблицы `diafan_users_role`',
  `act` enum('0','1') NOT NULL DEFAULT '0' COMMENT 'активен на сайте: 0 - нет, 1 - да',
  `htmleditor` enum('0','1') NOT NULL DEFAULT '0' COMMENT 'использовать визуальный редактор: 0 - нет, 1 - да',
  `copy_files` enum('0','1') NOT NULL DEFAULT '0' COMMENT 'cохранять картинки с внешних сайтов, при вставке контента в визуальный редактор: 0 - нет, 1 - да',
  `useradmin` enum('0','1') NOT NULL DEFAULT '0' COMMENT 'подключить панель быстрого редактирования: 0 - нет, 1 - да',
  `start_admin` varchar(30) NOT NULL DEFAULT '' COMMENT 'стартовая страница административной части',
  `lang_id` tinyint(2) unsigned NOT NULL DEFAULT '0' COMMENT 'идентификатор языка сайта из таблицы `diafan_languages`',
  `background` varchar(255) NOT NULL DEFAULT 'metall.jpg' COMMENT 'обои для административной части',
  `admin_nastr` smallint(5) unsigned NOT NULL DEFAULT '0' COMMENT 'колечество элементов на странице в административной части',
  `identity` varchar(255) NOT NULL DEFAULT '' COMMENT 'URL на страницу в соц. сети',
  `trash` enum('0','1') NOT NULL DEFAULT '0' COMMENT 'запись удалена в корзину: 0 - нет, 1 - да',
  PRIMARY KEY (`id`),
  KEY `name` (`name`(1))
) ENGINE=MyISAM AUTO_INCREMENT=28 DEFAULT CHARSET=utf8 COMMENT='Пользователи';

INSERT INTO `diafan_users` VALUES ('1','admin','053d10a9d1c2bef23dc9b47d08fb56ba','temak@inbox.ru','','1439723340','Администратор','3','1','1','1','1','shop/order','0','space.jpg','100','','0'),('2','mruzmetov','4411c72d1e776004438a8333af3d6e53','mruzmetov@mail.ru','','1448983856','Максим','3','1','1','1','1','','1','metall.jpg','0','','0'),('3','fouders','e2767deda2ec42599ad6934740ef65cd','fouders@mail.ru','','1448984233','тест','3','1','1','1','1','','1','metall.jpg','0','','0'),('4','websterkharkov','e2767deda2ec42599ad6934740ef65cd','websterkharkov@mail.ru','','1449127855','Tema','1','1','0','0','0','','1','metall.jpg','0','','0'),('5','perevezentsev','edcbec9e49dd30a82eddc0ab8288b621','perevezentsev@rambler.ru','+79263206559','1449175620','Дмитрий','3','1','0','0','0','','1','metall.jpg','0','','0'),('6','tema777','420c7cde2a1b96f12e65110ea3e8689f','tema777@rambler.ru','','1449176024','Артём','1','1','0','0','0','','1','metall.jpg','0','','0'),('7','temptest1220919793','0025d5d981c387c51d0d1353c3e18b72','temptest1220919793@mail.ru','','1449234917','WilliamcahGY','1','1','0','0','0','','1','metall.jpg','0','','0'),('27','mhp-btv','92ec26fc3067c725efacd82e819f9d31','mhp-btv@mail.ru','','1453795154','Тамара','1','1','0','0','0','','1','metall.jpg','0','','0'),('9','temptest7889536','227b06bcfbf8c7c4be94a4755ec2768c','temptest7889536@mail.ru','','1449420438','RichardbodyGE','1','1','0','0','0','','1','metall.jpg','0','','0'),('10','sgsdg','ea2379ab95701c03f7880fbb6cb1cd04','sgsdg@xgc.ru','','1449556677','wer','1','0','0','0','0','','1','metall.jpg','0','','0'),('11','scmpvkomp','61935550654f2080126692068ee9e496','scmpvkomp@mail.ru','','1449598989','WilliamSwemHC','1','1','0','0','0','','1','metall.jpg','0','','0'),('12','222','e2767deda2ec42599ad6934740ef65cd','222@derty.ru','','1449724166','ццц','1','0','0','0','0','','1','metall.jpg','0','','0'),('13','admin82796','ea2379ab95701c03f7880fbb6cb1cd04','admin@sdg.ru','','1449733025','Артем ','1','0','0','0','0','','1','metall.jpg','0','','0'),('14','adminprog','5903692fec382cf9e22f943af3d0a8aa','gaganster911@gmail.com','','1449751500','Admin_prog','3','1','1','1','1','','0','metall.jpg','0','','0'),('15','tdstg','ea2379ab95701c03f7880fbb6cb1cd04','tdstg@dgh.ru','','1450032868','Артем ','1','0','0','0','0','','1','metall.jpg','0','','0'),('16','sdg','ea2379ab95701c03f7880fbb6cb1cd04','sdg@sxdg.ru','','1450197442','Артем ','1','0','0','0','0','','1','metall.jpg','0','','0'),('17','admin76445','8914024392de362acf43d6a1206b9788','admin@dfh.tu','','1450768402','Артем ','1','0','0','0','0','','1','metall.jpg','0','','0'),('18','admin66857','ea2379ab95701c03f7880fbb6cb1cd04','admin@sdgch.ru','','1450769056','Артем ','1','0','0','0','0','','1','metall.jpg','0','','0'),('19','masik0604','0998e5905bddfcc9c77ee23223aef31c','masik0604@mail.ru','','1451177901','Марьяна','1','1','0','0','0','','1','metall.jpg','0','','0'),('20','temptest304156073','456edf8642d5f28c269ae0da87517d42','temptest304156073@mail.ru','','1451267809','DanielSlKH','1','1','0','0','0','','1','metall.jpg','0','','0'),('21','tony.izmailow2015','c03a9d632be2911a5b89cd84fdd17f93','tony.izmailow2015@yandex.ru','','1451571687','564534678','1','1','0','0','0','','1','metall.jpg','0','','0'),('22','yourmail','c071d3d2186b2a9b0eaeb77c262aca5c','yourmail@gmail.com','','1452124926','Test','1','0','0','0','0','','1','metall.jpg','0','','0'),('23','sydneyfru','7a2be637f15cb4805bc4aa561ec7c216','sydneyfru@rambler.ru','','1452235132','sleelmcoemeXN','1','0','0','0','0','','1','metall.jpg','0','','0'),('24','znakomchelbystor','0cec2e2d92d2205d2d7def83a035f5a8','znakomchelbystor@yandex.ru','','1452325192','MichaelNabsJD','1','1','0','0','0','','1','metall.jpg','0','','0'),('25','maria','a0ec387675eae39878cf9942c80066f7','maria@money1000.ru','','1452818674','Мария','1','1','0','0','0','','1','metall.jpg','0','','0'),('26','mila_dia','83785b61bffc8f2fb761510eb6ec9be4','mila_dia@mail.ru','','1452836782','Людмила','1','1','0','0','0','','1','metall.jpg','0','','0');
DROP TABLE IF EXISTS `diafan_users_actlink`;
CREATE TABLE `diafan_users_actlink` (
  `id` int(11) unsigned NOT NULL AUTO_INCREMENT COMMENT 'идентификатор',
  `link` varchar(255) NOT NULL DEFAULT '' COMMENT 'код активации',
  `user_id` int(11) unsigned NOT NULL DEFAULT '0' COMMENT 'идентификатор пользователя из таблицы `diafan_users`',
  `created` int(10) unsigned NOT NULL DEFAULT '0' COMMENT 'дата создания',
  `count` int(11) unsigned NOT NULL DEFAULT '1' COMMENT 'количество неудачных попыток',
  PRIMARY KEY (`id`)
) ENGINE=MyISAM AUTO_INCREMENT=27 DEFAULT CHARSET=utf8 COMMENT='Код активации аккаунта';

INSERT INTO `diafan_users_actlink` VALUES ('2','a5d42e4024cc540befb48f466820e25f','3','1449070633','1'),('10','52660fd5af844425740f3a7bf5151008','10','1449643077','1'),('8','04a8ccbcb420e48b1165dffb899ebda8','8','1449400736','1'),('12','606ecad3a7b53802990bf38b32ee2daf','12','1449810566','1'),('13','0c1974b548f16f787c3d9fa087ebd333','13','1449819425','1'),('14','8b83b06c6cefec67a0f57feaf24dae9b','15','1450119268','1'),('15','c50b8d55acad50abed2b155f67fc56b3','16','1450283842','1'),('16','d12e9ce9949f610ac6075ea1edbade93','17','1450854802','1'),('17','3688bc5db453523746c83fbedd11a267','18','1450855456','1'),('21','9745dfc0d5ccaa1f9a6ab0a8296a022d','22','1452211326','1'),('22','a3d221673642c287a4c3171b2d5ad0b4','23','1452321532','1');
DROP TABLE IF EXISTS `diafan_users_param`;
CREATE TABLE `diafan_users_param` (
  `id` int(11) unsigned NOT NULL AUTO_INCREMENT COMMENT 'идентификатор',
  `name1` varchar(250) NOT NULL DEFAULT '' COMMENT 'название',
  `text1` text NOT NULL COMMENT 'описание',
  `type` varchar(20) NOT NULL DEFAULT '' COMMENT 'тип',
  `show_in_page` enum('0','1') NOT NULL DEFAULT '0' COMMENT 'выводить на странице пользователя: 0 - нет, 1 - да',
  `show_in_form_auth` enum('0','1') NOT NULL DEFAULT '0' COMMENT 'выводить в форме редактирования данных для авторизованных пользователей: 0 - нет, 1 - да',
  `show_in_form_no_auth` enum('0','1') NOT NULL DEFAULT '0' COMMENT 'выводить в форме регистрации: 0 - нет, 1 - да',
  `sort` int(11) unsigned NOT NULL DEFAULT '0' COMMENT 'подрядковый номер для сортировки',
  `required` enum('0','1') NOT NULL DEFAULT '0' COMMENT 'обязательно для заполнения: 0 - нет, 1 - да',
  `config` text NOT NULL COMMENT 'серилизованные данные о настройках поля',
  `trash` enum('0','1') NOT NULL DEFAULT '0' COMMENT 'запись удалена в корзину: 0 - нет, 1 - да',
  PRIMARY KEY (`id`)
) ENGINE=MyISAM DEFAULT CHARSET=utf8 COMMENT='Дополнительные поля с данными о пользователях';

DROP TABLE IF EXISTS `diafan_users_param_element`;
CREATE TABLE `diafan_users_param_element` (
  `id` int(11) unsigned NOT NULL AUTO_INCREMENT COMMENT 'идентификатор',
  `value` text NOT NULL COMMENT 'значение',
  `param_id` int(11) unsigned NOT NULL DEFAULT '0' COMMENT 'идентификатор поля из таблицы `diafan_users_param`',
  `element_id` int(11) unsigned NOT NULL DEFAULT '0' COMMENT 'идентификатор пользователя из таблицы `diafan_users`',
  `trash` enum('0','1') NOT NULL DEFAULT '0' COMMENT 'запись удалена в корзину: 0 - нет, 1 - да',
  PRIMARY KEY (`id`)
) ENGINE=MyISAM DEFAULT CHARSET=utf8 COMMENT='Значения дополнительных полей с данными о пользователях';

DROP TABLE IF EXISTS `diafan_users_param_role_rel`;
CREATE TABLE `diafan_users_param_role_rel` (
  `id` int(11) unsigned NOT NULL AUTO_INCREMENT COMMENT 'идентификатор',
  `element_id` int(11) unsigned NOT NULL DEFAULT '0' COMMENT 'идентификатор поля из таблицы `diafan_users_param`',
  `role_id` tinyint(3) unsigned NOT NULL DEFAULT '0' COMMENT 'идентификатор типа пользователя из таблицы `diafan_users_role`',
  `trash` enum('0','1') NOT NULL DEFAULT '0' COMMENT 'запись удалена в корзину: 0 - нет, 1 - да',
  PRIMARY KEY (`id`)
) ENGINE=MyISAM DEFAULT CHARSET=utf8 COMMENT='Связи дополнительных полей с данными о пользователях и типов пользователей';

DROP TABLE IF EXISTS `diafan_users_param_select`;
CREATE TABLE `diafan_users_param_select` (
  `id` int(11) unsigned NOT NULL AUTO_INCREMENT COMMENT 'идентификатор',
  `param_id` int(11) unsigned NOT NULL DEFAULT '0' COMMENT 'идентификатор поля из таблицы `diafan_users_param`',
  `value` tinyint(2) unsigned NOT NULL DEFAULT '0' COMMENT 'значение для типа характеристики «галочка»: 0 - нет, 1 - да',
  `name1` varchar(50) NOT NULL DEFAULT '' COMMENT 'название',
  `sort` int(11) unsigned NOT NULL DEFAULT '0' COMMENT 'подрядковый номер для сортировки',
  `trash` enum('0','1') NOT NULL DEFAULT '0' COMMENT 'запись удалена в корзину: 0 - нет, 1 - да',
  PRIMARY KEY (`id`),
  KEY `param_id` (`param_id`)
) ENGINE=MyISAM DEFAULT CHARSET=utf8 COMMENT='Варианты значений дополнительных полей с данными о пользователях для типа список';

DROP TABLE IF EXISTS `diafan_users_role`;
CREATE TABLE `diafan_users_role` (
  `id` tinyint(3) unsigned NOT NULL AUTO_INCREMENT COMMENT 'идентификатор',
  `name1` varchar(64) NOT NULL DEFAULT '' COMMENT 'название',
  `registration` enum('0','1') NOT NULL DEFAULT '0' COMMENT 'задавать при регистрации: 0 - нет, 1 - да',
  `only_self` enum('0','1') NOT NULL DEFAULT '0' COMMENT 'видеть только свои материалы: 0 - нет, 1 - да',
  `sort` int(11) unsigned NOT NULL DEFAULT '0' COMMENT 'подрядковый номер для сортировки',
  `trash` enum('0','1') NOT NULL DEFAULT '0' COMMENT 'запись удалена в корзину: 0 - нет, 1 - да',
  PRIMARY KEY (`id`)
) ENGINE=MyISAM AUTO_INCREMENT=4 DEFAULT CHARSET=utf8 COMMENT='Типы пользователей';

INSERT INTO `diafan_users_role` VALUES ('1','Пользователь','1','0','1','0'),('2','Модератор','0','0','2','0'),('3','Администратор','0','0','3','0');
DROP TABLE IF EXISTS `diafan_users_role_perm`;
CREATE TABLE `diafan_users_role_perm` (
  `id` int(11) unsigned NOT NULL AUTO_INCREMENT COMMENT 'идентификатор',
  `role_id` smallint(5) unsigned NOT NULL DEFAULT '0' COMMENT 'идентификатор типа пользователя из таблицы `diafan_users_role`',
  `perm` text NOT NULL COMMENT 'права на действия: all, init, edit, del',
  `rewrite` text NOT NULL COMMENT 'тег доступа (например, название модуля)',
  `type` enum('site','admin') NOT NULL DEFAULT 'admin' COMMENT 'часть сайта: site - пользовательская, admin - административная',
  PRIMARY KEY (`id`)
) ENGINE=MyISAM AUTO_INCREMENT=4 DEFAULT CHARSET=utf8 COMMENT='Права типов пользователей';

INSERT INTO `diafan_users_role_perm` VALUES ('1','3','all','all','admin'),('2','3','edit','useradmin','site'),('3','3','moderator','forum','site');
DROP TABLE IF EXISTS `diafan_votes`;
CREATE TABLE `diafan_votes` (
  `id` int(11) unsigned NOT NULL AUTO_INCREMENT COMMENT 'идентификатор',
  `name1` text NOT NULL COMMENT 'название',
  `act1` enum('0','1') NOT NULL DEFAULT '0' COMMENT 'показывать на сайте: 0 - нет, 1 - да',
  `no_result` enum('0','1') NOT NULL DEFAULT '0' COMMENT 'не показывать результаты: 0 - нет, 1 - да',
  `userversion` enum('0','1') NOT NULL DEFAULT '0' COMMENT 'пользователи могут дать свой вариант ответа: 0 - нет, 1 - да',
  `sort` int(11) unsigned NOT NULL DEFAULT '0' COMMENT 'подрядковый номер для сортировки',
  `trash` enum('0','1') NOT NULL DEFAULT '0' COMMENT 'запись удалена в корзину: 0 - нет, 1 - да',
  PRIMARY KEY (`id`)
) ENGINE=MyISAM DEFAULT CHARSET=utf8 COMMENT='Опросы';

DROP TABLE IF EXISTS `diafan_votes_answers`;
CREATE TABLE `diafan_votes_answers` (
  `id` int(11) unsigned NOT NULL AUTO_INCREMENT COMMENT 'идентификатор',
  `text1` text NOT NULL COMMENT 'описание',
  `votes_id` int(11) unsigned NOT NULL DEFAULT '0' COMMENT 'идентификатор вопроса из таблицы `diafan_votes`',
  `count_votes` int(5) unsigned NOT NULL DEFAULT '0' COMMENT 'количество ответов',
  `sort` int(11) unsigned NOT NULL DEFAULT '0' COMMENT 'подрядковый номер для сортировки',
  `trash` enum('0','1') NOT NULL DEFAULT '0' COMMENT 'запись удалена в корзину: 0 - нет, 1 - да',
  PRIMARY KEY (`id`),
  KEY `votes_id` (`votes_id`)
) ENGINE=MyISAM DEFAULT CHARSET=utf8 COMMENT='Варианты ответов на опросы';

DROP TABLE IF EXISTS `diafan_votes_site_rel`;
CREATE TABLE `diafan_votes_site_rel` (
  `id` int(11) unsigned NOT NULL AUTO_INCREMENT COMMENT 'идентификатор',
  `element_id` int(11) unsigned NOT NULL DEFAULT '0' COMMENT 'идентификатор вопроса из таблицы `diafan_votes`',
  `site_id` int(11) unsigned NOT NULL DEFAULT '0' COMMENT 'идентификатор страницы сайта из таблицы `diafan_site`',
  `trash` enum('0','1') NOT NULL DEFAULT '0' COMMENT 'запись удалена в корзину: 0 - нет, 1 - да',
  PRIMARY KEY (`id`)
) ENGINE=MyISAM DEFAULT CHARSET=utf8 COMMENT='Данные о том, на каких страницах сайта выводятся опросы';

DROP TABLE IF EXISTS `diafan_votes_userversion`;
CREATE TABLE `diafan_votes_userversion` (
  `id` int(11) unsigned NOT NULL AUTO_INCREMENT COMMENT 'идентификатор',
  `votes_id` int(11) unsigned NOT NULL DEFAULT '0' COMMENT 'идентификатор вопроса из таблицы `diafan_votes`',
  `text` varchar(250) NOT NULL DEFAULT '' COMMENT 'текст',
  `trash` enum('0','1') NOT NULL DEFAULT '0' COMMENT 'запись удалена в корзину: 0 - нет, 1 - да',
  PRIMARY KEY (`id`),
  KEY `votes_id` (`votes_id`)
) ENGINE=MyISAM DEFAULT CHARSET=utf8 COMMENT='Варианты ответов пользователей';


-- DIAFAN.CMS dump end
