<?xml version="1.0" encoding="UTF-8"?>
<project-private xmlns="http://www.netbeans.org/ns/project-private/1">
    <editor-bookmarks xmlns="http://www.netbeans.org/ns/editor-bookmarks/2" lastBookmarkId="0"/>
    <open-files xmlns="http://www.netbeans.org/ns/projectui-open-files/2">
        <group>
            <file>file:/D:/localhost/htdocs/src/Frontend/Core/Layout/Css/examples.css</file>
            <file>file:/D:/localhost/htdocs/src/Frontend/Modules/Location/Layout/Widgets/Location.tpl</file>
            <file>file:/D:/localhost/htdocs/src/Frontend/Core/Engine/Model.php</file>
            <file>file:/D:/localhost/htdocs/src/Frontend/Core/Engine/Header.php</file>
            <file>file:/D:/localhost/htdocs/src/Frontend/Modules/Location/Layout/Templates/Index.tpl</file>
            <file>file:/D:/localhost/htdocs/src/Frontend/Core/Js/jquery/examples.js</file>
        </group>
    </open-files>
</project-private>
