[
	{
		"title"		: "APP_USER_LINKS_SETTINGS_STORY",
		"desc"		: "APP_USER_LINKS_SETTINGS_STORY_DESC",
		"fields"	:
		[
			{
				"label"		: "APP_USER_LINKS_SETTINGS_STORY_SHARE_LINKS",
				"tooltip"	: "APP_USER_LINKS_SETTINGS_STORY_SHARE_LINKS_DESC",
				"name"		: "story_links",
				"type"		: "boolean",
				"default"	: true
			}
		]
	},
	{
		"title"		: "APP_USER_LINKS_SETTINGS_STREAM",
		"desc"		: "APP_USER_LINKS_SETTINGS_STREAM_DESC",
		"fields"	:
		[
			{
				"label"		: "APP_USER_LINKS_SETTINGS_STREAM_THUMBNAIL",
				"tooltip"	: "APP_USER_LINKS_SETTINGS_STREAM_THUMBNAIL_DESC",
				"name"		: "stream_thumbnail",
				"type"		: "boolean",
				"default"	: true
			},
			{
				"label"		: "APP_USER_LINKS_SETTINGS_STREAM_LINK_NOFOLLOW",
				"tooltip"	: "APP_USER_LINKS_SETTINGS_STREAM_LINK_NOFOLLOW_DESC",
				"name"		: "stream_link_nofollow",
				"type"		: "boolean",
				"default"	: false
			}
		]
	}
]
