<?xml version="1.0" encoding="utf-8"?>
<social type="fields" group="user">
	<name>Multilist</name>
	<element>multilist</element>
	<author>Stack Ideas Sdn Bhd</author>
	<url>http://stackideas.com</url>
	<created>23/08/2013</created>
	<version>1.0.0</version>
	<copyright>Copyright (c) 2009 - 2013 Stack Ideas Sdn. Bhd.</copyright>
	<license>http://www.gnu.org/licenses/gpl-2.0.html GNU/GPL</license>
	<description><![CDATA[PLG_FIELDS_MULTILIST_INFO]]></description>
	<core>false</core>
	<unique>false</unique>
	<validations>
		<validate title="Alphabets only"><![CDATA[[a-zA-Z]]]></validate>
		<validate title="Numeric only"><![CDATA[[0-9]]]></validate>
		<validate title="Alphanumeric only"><![CDATA[[0-9a-zA-Z]]]></validate>
	</validations>
	<files>
		<folder>config</folder>
		<folder>scripts</folder>
		<folder>themes</folder>
		<file>multilist.php</file>
		<file>multilist.xml</file>
		<file>index.html</file>
	</files>
	<languages>
		<language type="en-GB">en-GB.plg_fields_user_multilist.ini</language>
	</languages>
	<updates>
		<version>http://stackideas.com/updater/easysocial/fields/version</version>
		<patch>http://stackideas.com/updater/easysocial/fields/patch</patch>
	</updates>
</social>
